"","Date_time","Hatchery Summer Steelhead","Wild Summer Steelhead","Summer Steelhead RM","Summer Steelhead LM","Hatchery Spring Chinook","Wild Spring Chinook","Spring Chinook RM","Spring Chinook LM","No Mark Sockeye","Sockeye RM","Sockeye LM","Fall Chinook","Bull Trout","Rainbow Trout","Total","Year","Season","Month","Mean Temperature"
"1",1977-06-01,3,4,NA,NA,NA,NA,NA,NA,NA,NA,NA,14,NA,NA,NA,1977,"Spring","June",9.5
"2",1977-07-01,77,155,NA,NA,NA,NA,NA,NA,NA,NA,NA,142,NA,NA,NA,1977,"Summer","July",11.5
"3",1977-08-01,184,187,NA,NA,NA,NA,NA,NA,NA,NA,NA,237,NA,NA,NA,1977,"Summer","August",13
"4",1977-09-01,382,229,NA,NA,NA,NA,NA,NA,NA,NA,NA,352,NA,NA,NA,1977,"Summer","September",NA
"5",1977-10-01,98,98,NA,NA,NA,NA,NA,NA,NA,NA,NA,111,NA,NA,NA,1977,"Fall","October",NA
"6",1978-06-01,11,12,NA,NA,NA,NA,NA,NA,NA,NA,NA,17,NA,NA,NA,1978,"Spring","June",9.75
"7",1978-07-01,116,106,NA,NA,NA,NA,NA,NA,NA,NA,NA,86,NA,NA,NA,1978,"Summer","July",11.8
"8",1978-08-01,170,91,NA,NA,NA,NA,NA,NA,NA,NA,NA,181,NA,NA,NA,1978,"Summer","August",NA
"9",1978-09-01,292,118,NA,NA,NA,NA,NA,NA,NA,NA,NA,451,NA,NA,NA,1978,"Summer","September",NA
"10",1978-10-01,183,110,NA,NA,NA,NA,NA,NA,NA,NA,NA,306,NA,NA,NA,1978,"Fall","October",NA
"11",1979-06-01,1,14,NA,NA,NA,NA,NA,NA,NA,NA,NA,7,NA,NA,NA,1979,"Spring","June",10.6
"12",1979-07-01,120,42,NA,NA,NA,NA,NA,NA,NA,NA,NA,44,NA,NA,NA,1979,"Summer","July",11.65
"13",1979-08-01,150,48,NA,NA,NA,NA,NA,NA,NA,NA,NA,56,NA,NA,NA,1979,"Summer","August",13.05
"14",1979-09-01,641,178,NA,NA,NA,NA,NA,NA,NA,NA,NA,357,NA,NA,NA,1979,"Summer","September",13.1
"15",1979-10-01,239,104,NA,NA,NA,NA,NA,NA,NA,NA,NA,121,NA,NA,NA,1979,"Fall","October",13.15
"16",1980-06-01,3,0,NA,NA,NA,NA,NA,NA,NA,NA,NA,10,NA,NA,NA,1980,"Spring","June",10.6
"17",1980-07-01,92,45,NA,NA,NA,NA,NA,NA,NA,NA,NA,21,NA,NA,NA,1980,"Summer","July",11.7
"18",1980-08-01,105,37,NA,NA,NA,NA,NA,NA,NA,NA,NA,33,NA,NA,NA,1980,"Summer","August",13.2
"19",1980-09-01,586,212,NA,NA,NA,NA,NA,NA,NA,NA,NA,170,NA,NA,NA,1980,"Summer","September",13.5
"20",1980-10-01,316,167,NA,NA,NA,NA,NA,NA,NA,NA,NA,186,NA,NA,NA,1980,"Fall","October",13.2
"21",1981-06-01,7,0,NA,NA,NA,NA,NA,NA,NA,NA,NA,1,NA,NA,NA,1981,"Spring","June",10.5
"22",1981-07-01,54,51,NA,NA,NA,NA,NA,NA,NA,NA,NA,29,NA,NA,NA,1981,"Summer","July",11.75
"23",1981-08-01,118,96,NA,NA,NA,NA,NA,NA,NA,NA,NA,76,NA,NA,NA,1981,"Summer","August",13
"24",1981-09-01,442,326,NA,NA,NA,NA,NA,NA,NA,NA,NA,274,NA,NA,NA,1981,"Summer","September",13.75
"25",1981-10-01,166,213,NA,NA,NA,NA,NA,NA,NA,NA,NA,146,NA,NA,NA,1981,"Fall","October",NA
"26",1982-06-01,2,1,NA,NA,NA,NA,NA,NA,NA,NA,NA,NA,NA,NA,NA,1982,"Spring","June",9.1
"27",1982-07-01,11,10,NA,NA,NA,NA,NA,NA,NA,NA,NA,13,NA,NA,NA,1982,"Summer","July",10.75
"28",1982-08-01,60,39,NA,NA,NA,NA,NA,NA,NA,NA,NA,80,NA,NA,NA,1982,"Summer","August",NA
"29",1982-09-01,159,115,NA,NA,NA,NA,NA,NA,NA,NA,NA,121,NA,NA,NA,1982,"Summer","September",12.5
"30",1982-10-01,88,87,NA,NA,NA,NA,NA,NA,NA,NA,NA,69,NA,NA,NA,1982,"Fall","October",NA
"31",1983-06-01,NA,NA,NA,NA,NA,NA,NA,NA,NA,NA,NA,NA,NA,NA,NA,1983,"Spring","June",12.1
"32",1983-07-01,0,0,NA,NA,NA,NA,NA,NA,NA,NA,NA,0,NA,NA,NA,1983,"Summer","July",12.85
"33",1983-08-01,95,39,NA,NA,NA,NA,NA,NA,NA,NA,NA,29,NA,NA,NA,1983,"Summer","August",14.25
"34",1983-09-01,523,181,NA,NA,NA,NA,NA,NA,NA,NA,NA,80,NA,NA,NA,1983,"Summer","September",14.8
"35",1983-10-01,316,197,NA,NA,NA,NA,NA,NA,NA,NA,NA,119,NA,NA,NA,1983,"Fall","October",13.9
"36",1984-06-01,NA,NA,NA,NA,NA,NA,NA,NA,NA,NA,NA,NA,NA,NA,NA,1984,"Spring","June",10.3
"37",1984-07-01,1,1,NA,NA,NA,NA,NA,NA,NA,NA,NA,1,NA,NA,NA,1984,"Summer","July",11.6
"38",1984-08-01,103,43,NA,NA,NA,NA,NA,NA,NA,NA,NA,17,NA,NA,NA,1984,"Summer","August",13.1
"39",1984-09-01,207,123,NA,NA,NA,NA,NA,NA,NA,NA,NA,13,NA,NA,NA,1984,"Summer","September",13.7
"40",1984-10-01,38,41,NA,NA,NA,NA,NA,NA,NA,NA,NA,9,NA,NA,NA,1984,"Fall","October",12.95
"41",1985-06-01,NA,NA,NA,NA,NA,NA,NA,NA,NA,NA,NA,NA,NA,NA,NA,1985,"Spring","June",10.05
"42",1985-07-01,10,10,NA,NA,NA,NA,NA,NA,NA,NA,NA,10,NA,NA,NA,1985,"Summer","July",NA
"43",1985-08-01,91,38,NA,NA,NA,NA,NA,NA,NA,NA,NA,36,NA,NA,NA,1985,"Summer","August",NA
"44",1985-09-01,411,170,NA,NA,NA,NA,NA,NA,NA,NA,NA,43,NA,NA,NA,1985,"Summer","September",13.75
"45",1985-10-01,255,146,NA,NA,NA,NA,NA,NA,NA,NA,NA,28,NA,NA,NA,1985,"Fall","October",12.75
"46",1986-06-01,NA,NA,NA,NA,NA,NA,NA,NA,NA,NA,NA,NA,NA,NA,NA,1986,"Spring","June",10.9
"47",1986-07-01,42,16,NA,NA,NA,NA,NA,NA,NA,NA,NA,20,NA,NA,NA,1986,"Summer","July",12
"48",1986-08-01,106,26,NA,NA,NA,NA,NA,NA,NA,NA,NA,54,NA,NA,NA,1986,"Summer","August",12.95
"49",1986-09-01,744,172,NA,NA,NA,NA,NA,NA,NA,NA,NA,58,NA,NA,NA,1986,"Summer","September",13.7
"50",1986-10-01,532,198,NA,NA,NA,NA,NA,NA,NA,NA,NA,66,NA,NA,NA,1986,"Fall","October",12.6
"51",1987-06-01,NA,NA,NA,NA,NA,NA,NA,NA,NA,NA,NA,NA,NA,NA,NA,1987,"Spring","June",10.7
"52",1987-07-01,0,0,NA,NA,NA,NA,NA,NA,NA,NA,NA,0,NA,NA,NA,1987,"Summer","July",12.4
"53",1987-08-01,61,52,NA,NA,NA,NA,NA,NA,NA,NA,NA,59,NA,NA,NA,1987,"Summer","August",13.4
"54",1987-09-01,418,134,NA,NA,NA,NA,NA,NA,NA,NA,NA,138,NA,NA,NA,1987,"Summer","September",14.1
"55",1987-10-01,306,186,NA,NA,NA,NA,NA,NA,NA,NA,NA,105,NA,NA,NA,1987,"Fall","October",NA
"56",1988-06-01,6,1,NA,NA,NA,NA,NA,NA,NA,NA,NA,0,NA,NA,NA,1988,"Spring","June",10.6
"57",1988-07-01,31,12,NA,NA,NA,NA,NA,NA,NA,NA,NA,29,NA,NA,NA,1988,"Summer","July",11.9
"58",1988-08-01,55,32,NA,NA,NA,NA,NA,NA,NA,NA,NA,36,NA,NA,NA,1988,"Summer","August",13.3
"59",1988-09-01,665,219,NA,NA,NA,NA,NA,NA,NA,NA,NA,197,NA,NA,NA,1988,"Summer","September",13.7
"60",1988-10-01,233,110,NA,NA,NA,NA,NA,NA,NA,NA,NA,66,NA,NA,NA,1988,"Fall","October",NA
"61",1989-06-01,2,0,NA,NA,NA,NA,NA,NA,NA,NA,NA,9,NA,NA,NA,1989,"Spring","June",NA
"62",1989-07-01,17,14,NA,NA,NA,NA,NA,NA,NA,NA,NA,23,NA,NA,NA,1989,"Summer","July",NA
"63",1989-08-01,27,18,NA,NA,NA,NA,NA,NA,NA,NA,NA,25,NA,NA,NA,1989,"Summer","August",NA
"64",1989-09-01,516,127,NA,NA,NA,NA,NA,NA,NA,NA,NA,47,NA,NA,NA,1989,"Summer","September",NA
"65",1989-10-01,725,296,NA,NA,NA,NA,NA,NA,NA,NA,NA,101,NA,NA,NA,1989,"Fall","October",NA
"66",1990-06-01,0,1,NA,NA,NA,NA,NA,NA,NA,NA,NA,8,NA,NA,NA,1990,"Spring","June",NA
"67",1990-07-01,35,14,NA,NA,NA,NA,NA,NA,NA,NA,NA,16,NA,NA,NA,1990,"Summer","July",NA
"68",1990-08-01,34,18,NA,NA,NA,NA,NA,NA,NA,NA,NA,14,NA,NA,NA,1990,"Summer","August",NA
"69",1990-09-01,290,96,NA,NA,NA,NA,NA,NA,NA,NA,NA,35,NA,NA,NA,1990,"Summer","September",NA
"70",1990-10-01,442,165,NA,NA,NA,NA,NA,NA,NA,NA,NA,47,NA,NA,NA,1990,"Fall","October",NA
"71",1991-06-01,1,2,NA,NA,NA,NA,NA,NA,NA,NA,NA,3,NA,NA,NA,1991,"Spring","June",NA
"72",1991-07-01,24,13,NA,NA,NA,NA,NA,NA,NA,NA,NA,11,NA,NA,NA,1991,"Summer","July",NA
"73",1991-08-01,84,34,NA,NA,NA,NA,NA,NA,NA,NA,NA,19,NA,NA,NA,1991,"Summer","August",NA
"74",1991-09-01,743,162,NA,NA,NA,NA,NA,NA,NA,NA,NA,36,NA,NA,NA,1991,"Summer","September",NA
"75",1991-10-01,426,82,NA,NA,NA,NA,NA,NA,NA,NA,NA,15,NA,NA,NA,1991,"Fall","October",NA
"76",1992-06-01,6,3,NA,NA,NA,NA,NA,NA,NA,NA,NA,8,NA,NA,NA,1992,"Spring","June",NA
"77",1992-07-01,44,11,NA,NA,NA,NA,NA,NA,NA,NA,NA,7,NA,NA,NA,1992,"Summer","July",NA
"78",1992-08-01,86,21,NA,NA,NA,NA,NA,NA,NA,NA,NA,15,NA,NA,NA,1992,"Summer","August",NA
"79",1992-09-01,559,94,NA,NA,NA,NA,NA,NA,NA,NA,NA,76,NA,NA,NA,1992,"Summer","September",NA
"80",1992-10-01,425,67,NA,NA,NA,NA,NA,NA,NA,NA,NA,54,NA,NA,NA,1992,"Fall","October",NA
"81",1993-06-01,0,1,NA,NA,NA,NA,NA,NA,NA,NA,NA,1,NA,NA,NA,1993,"Spring","June",NA
"82",1993-07-01,13,4,NA,NA,NA,NA,NA,NA,NA,NA,NA,16,NA,NA,NA,1993,"Summer","July",NA
"83",1993-08-01,34,10,NA,NA,NA,NA,NA,NA,NA,NA,NA,12,NA,NA,NA,1993,"Summer","August",NA
"84",1993-09-01,496,91,NA,NA,NA,NA,NA,NA,NA,NA,NA,26,NA,NA,NA,1993,"Summer","September",NA
"85",1993-10-01,448,84,NA,NA,NA,NA,NA,NA,NA,NA,NA,68,NA,NA,NA,1993,"Fall","October",NA
"86",1994-06-01,NA,NA,NA,NA,NA,NA,NA,NA,NA,NA,NA,NA,NA,NA,NA,1994,"Spring","June",NA
"87",1994-07-01,6,3,NA,NA,NA,NA,NA,NA,NA,NA,NA,0,NA,NA,NA,1994,"Summer","July",NA
"88",1994-08-01,14,10,NA,NA,NA,NA,NA,NA,NA,NA,NA,9,NA,NA,NA,1994,"Summer","August",NA
"89",1994-09-01,159,18,NA,NA,NA,NA,NA,NA,NA,NA,NA,33,NA,NA,NA,1994,"Summer","September",NA
"90",1994-10-01,219,24,NA,NA,NA,NA,NA,NA,NA,NA,NA,42,NA,NA,NA,1994,"Fall","October",NA
"91",1995-06-01,2,0,NA,NA,NA,NA,NA,NA,NA,NA,NA,1,NA,NA,NA,1995,"Spring","June",NA
"92",1995-07-01,9,6,NA,NA,NA,NA,NA,NA,NA,NA,NA,9,NA,NA,NA,1995,"Summer","July",NA
"93",1995-08-01,58,17,NA,NA,NA,NA,NA,NA,NA,NA,NA,14,NA,NA,NA,1995,"Summer","August",NA
"94",1995-09-01,710,49,NA,NA,NA,NA,NA,NA,NA,NA,NA,77,NA,NA,NA,1995,"Summer","September",NA
"95",1995-10-01,987,112,NA,NA,NA,NA,NA,NA,NA,NA,NA,100,NA,NA,NA,1995,"Fall","October",NA
"96",1996-06-01,NA,NA,NA,NA,NA,NA,NA,NA,NA,NA,NA,NA,NA,NA,NA,1996,"Spring","June",NA
"97",1996-07-01,14,5,NA,NA,NA,NA,NA,NA,NA,NA,NA,14,NA,NA,NA,1996,"Summer","July",NA
"98",1996-08-01,61,18,NA,NA,NA,NA,NA,NA,NA,NA,NA,37,NA,NA,NA,1996,"Summer","August",NA
"99",1996-09-01,1048,124,NA,NA,NA,NA,NA,NA,NA,NA,NA,125,NA,NA,NA,1996,"Summer","September",NA
"100",1996-10-01,1188,152,NA,NA,NA,NA,NA,NA,NA,NA,NA,212,NA,NA,NA,1996,"Fall","October",NA
"101",1997-06-01,NA,NA,NA,NA,NA,NA,NA,NA,NA,NA,NA,NA,NA,NA,NA,1997,"Spring","June",NA
"102",1997-07-01,13,9,NA,NA,NA,NA,NA,NA,NA,NA,NA,15,NA,NA,NA,1997,"Summer","July",NA
"103",1997-08-01,53,9,NA,NA,NA,NA,NA,NA,NA,NA,NA,39,NA,NA,NA,1997,"Summer","August",NA
"104",1997-09-01,965,115,NA,NA,NA,NA,NA,NA,NA,NA,NA,196,NA,NA,NA,1997,"Summer","September",NA
"105",1997-10-01,187,33,NA,NA,NA,NA,NA,NA,NA,NA,NA,67,NA,NA,NA,1997,"Fall","October",NA
"106",1998-06-01,NA,0,NA,NA,NA,NA,NA,NA,NA,NA,NA,0,NA,NA,NA,1998,"Spring","June",NA
"107",1998-07-01,6,6,NA,NA,NA,NA,NA,NA,NA,NA,NA,17,NA,NA,NA,1998,"Summer","July",NA
"108",1998-08-01,33,11,NA,NA,NA,NA,NA,NA,NA,NA,NA,42,NA,NA,NA,1998,"Summer","August",NA
"109",1998-09-01,1234,284,NA,NA,NA,NA,NA,NA,NA,NA,NA,167,NA,NA,NA,1998,"Summer","September",NA
"110",1998-10-01,372,90,NA,NA,NA,NA,NA,NA,NA,NA,NA,81,NA,NA,NA,1998,"Fall","October",NA
"111",1999-06-01,NA,NA,NA,NA,NA,NA,NA,NA,NA,NA,NA,NA,NA,NA,NA,1999,"Spring","June",NA
"112",1999-07-01,0,0,NA,NA,NA,NA,NA,NA,NA,NA,NA,0,NA,NA,NA,1999,"Summer","July",NA
"113",1999-08-01,78,46,NA,NA,NA,NA,NA,NA,NA,NA,NA,18,NA,NA,NA,1999,"Summer","August",NA
"114",1999-09-01,1247,380,NA,NA,NA,NA,NA,NA,NA,NA,NA,121,NA,NA,NA,1999,"Summer","September",NA
"115",1999-10-01,614,269,NA,NA,NA,NA,NA,NA,NA,NA,NA,97,NA,NA,NA,1999,"Fall","October",NA
"116",2000-06-01,0,1,NA,NA,NA,NA,NA,NA,NA,NA,NA,0,NA,NA,NA,2000,"Spring","June",NA
"117",2000-07-01,13,21,NA,NA,NA,NA,NA,NA,NA,NA,NA,6,NA,NA,NA,2000,"Summer","July",NA
"118",2000-08-01,70,62,NA,NA,NA,NA,NA,NA,NA,NA,NA,34,NA,NA,NA,2000,"Summer","August",NA
"119",2000-09-01,1080,469,NA,NA,NA,NA,NA,NA,NA,NA,NA,158,NA,NA,NA,2000,"Summer","September",NA
"120",2000-10-01,472,378,NA,NA,NA,NA,NA,NA,NA,NA,NA,106,NA,NA,NA,2000,"Fall","October",NA
"121",2001-06-01,2,1,NA,NA,NA,NA,NA,NA,NA,NA,NA,3,NA,NA,NA,2001,"Spring","June",NA
"122",2001-07-01,32,22,NA,NA,NA,NA,NA,NA,NA,NA,NA,17,NA,NA,NA,2001,"Summer","July",NA
"123",2001-08-01,137,62,NA,NA,NA,NA,NA,NA,NA,NA,NA,56,NA,NA,NA,2001,"Summer","August",NA
"124",2001-09-01,2470,477,NA,NA,NA,NA,NA,NA,NA,NA,NA,234,NA,NA,NA,2001,"Summer","September",NA
"125",2001-10-01,1263,395,NA,NA,NA,NA,NA,NA,NA,NA,NA,198,NA,NA,NA,2001,"Fall","October",NA
"126",2002-06-01,0,0,NA,NA,NA,NA,NA,NA,NA,NA,NA,2,NA,NA,NA,2002,"Spring","June",NA
"127",2002-07-01,36,29,NA,NA,NA,NA,NA,NA,NA,NA,NA,28,NA,NA,NA,2002,"Summer","July",NA
"128",2002-08-01,142,47,NA,NA,NA,NA,NA,NA,NA,NA,NA,38,NA,NA,NA,2002,"Summer","August",NA
"129",2002-09-01,1953,367,NA,NA,NA,NA,NA,NA,NA,NA,NA,206,NA,NA,NA,2002,"Summer","September",NA
"130",2002-10-01,1205,424,NA,NA,NA,NA,NA,NA,NA,NA,NA,192,NA,NA,NA,2002,"Fall","October",NA
"131",2003-06-01,1,1,NA,NA,NA,NA,NA,NA,NA,NA,NA,4,NA,NA,NA,2003,"Spring","June",NA
"132",2003-07-01,28,9,NA,NA,NA,NA,NA,NA,NA,NA,NA,12,NA,NA,NA,2003,"Summer","July",NA
"133",2003-08-01,68,22,NA,NA,NA,NA,NA,NA,NA,NA,NA,30,NA,NA,NA,2003,"Summer","August",NA
"134",2003-09-01,1000,216,NA,NA,NA,NA,NA,NA,NA,NA,NA,302,NA,NA,NA,2003,"Summer","September",NA
"135",2003-10-01,658,316,NA,NA,NA,NA,NA,NA,NA,NA,NA,299,NA,NA,NA,2003,"Fall","October",NA
"136",2004-06-01,3,0,NA,NA,NA,NA,NA,NA,NA,NA,NA,1,NA,NA,NA,2004,"Spring","June",NA
"137",2004-07-01,10,6,NA,NA,NA,NA,NA,NA,NA,NA,NA,19,NA,NA,NA,2004,"Summer","July",NA
"138",2004-08-01,35,8,NA,NA,NA,NA,NA,NA,NA,NA,NA,15,NA,NA,NA,2004,"Summer","August",NA
"139",2004-09-01,559,160,NA,NA,NA,NA,NA,NA,NA,NA,NA,210,NA,NA,NA,2004,"Summer","September",NA
"140",2004-10-01,309,119,NA,NA,NA,NA,NA,NA,NA,NA,NA,319,NA,NA,NA,2004,"Fall","October",NA
"141",2005-06-01,NA,1,NA,NA,NA,NA,NA,NA,NA,NA,NA,NA,NA,NA,NA,2005,"Spring","June",NA
"142",2005-07-01,16,9,NA,NA,NA,NA,NA,NA,NA,NA,NA,6,NA,NA,NA,2005,"Summer","July",NA
"143",2005-08-01,83,28,NA,NA,NA,NA,NA,NA,NA,NA,NA,13,NA,NA,NA,2005,"Summer","August",NA
"144",2005-09-01,816,157,NA,NA,NA,NA,NA,NA,NA,NA,NA,159,NA,NA,NA,2005,"Summer","September",NA
"145",2005-10-01,647,177,NA,NA,NA,NA,NA,NA,NA,NA,NA,437,NA,NA,NA,2005,"Fall","October",NA
"146",2006-06-01,NA,NA,NA,NA,NA,NA,NA,NA,NA,NA,NA,NA,NA,NA,NA,2006,"Spring","June",10.3
"147",2006-07-01,22,11,NA,NA,NA,NA,NA,NA,NA,NA,NA,4,NA,NA,NA,2006,"Summer","July",12.3
"148",2006-08-01,70,26,NA,NA,NA,NA,NA,NA,NA,NA,NA,18,NA,NA,NA,2006,"Summer","August",13.7
"149",2006-09-01,1684,311,NA,NA,NA,NA,NA,NA,NA,NA,NA,95,NA,NA,NA,2006,"Summer","September",14.2
"150",2006-10-01,829,222,NA,NA,NA,NA,NA,NA,NA,NA,NA,216,NA,NA,NA,2006,"Fall","October",13.5
"151",2007-06-01,1,0,NA,NA,NA,NA,NA,NA,NA,NA,NA,0,NA,NA,NA,2007,"Spring","June",10.9
"152",2007-07-01,14,10,NA,NA,NA,NA,NA,NA,NA,NA,NA,4,NA,NA,NA,2007,"Summer","July",12.3
"153",2007-08-01,25,12,NA,NA,NA,NA,NA,NA,NA,NA,NA,10,NA,NA,NA,2007,"Summer","August",13.9
"154",2007-09-01,1256,209,NA,NA,NA,NA,NA,NA,NA,NA,NA,65,NA,NA,NA,2007,"Summer","September",14.6
"155",2007-10-01,830,255,NA,NA,NA,NA,NA,NA,NA,NA,NA,136,NA,NA,NA,2007,"Fall","October",13.6
"156",2008-06-01,NA,NA,NA,NA,NA,NA,NA,NA,NA,NA,NA,0,NA,NA,NA,2008,"Spring","June",10.2
"157",2008-07-01,5,7,NA,NA,NA,NA,NA,NA,NA,NA,NA,3,NA,NA,NA,2008,"Summer","July",11.8
"158",2008-08-01,68,31,NA,NA,NA,NA,NA,NA,NA,NA,NA,15,NA,NA,NA,2008,"Summer","August",13.5
"159",2008-09-01,936,240,NA,NA,NA,NA,NA,NA,NA,NA,NA,192,NA,NA,NA,2008,"Summer","September",14
"160",2008-10-01,552,226,NA,NA,NA,NA,NA,NA,NA,NA,NA,264,NA,NA,NA,2008,"Fall","October",13.4
"161",2009-06-01,NA,NA,NA,NA,NA,NA,NA,NA,NA,NA,NA,NA,NA,NA,NA,2009,"Spring","June",10.3
"162",2009-07-01,12,4,NA,NA,NA,NA,NA,NA,NA,NA,NA,3,NA,NA,NA,2009,"Summer","July",12.4
"163",2009-08-01,181,75,NA,NA,NA,NA,NA,NA,NA,NA,NA,21,NA,NA,NA,2009,"Summer","August",13.8
"164",2009-09-01,1628,514,NA,NA,NA,NA,NA,NA,NA,NA,NA,152,NA,NA,NA,2009,"Summer","September",14.4
"165",2009-10-01,927,371,NA,NA,NA,NA,NA,NA,NA,NA,NA,236,NA,NA,NA,2009,"Fall","October",13.7
"166",2010-06-01,NA,NA,NA,NA,NA,NA,NA,NA,NA,NA,NA,NA,NA,NA,NA,2010,"Spring","June",12.2
"167",2010-07-01,18,22,NA,NA,NA,NA,NA,NA,NA,NA,NA,5,NA,NA,NA,2010,"Summer","July",14.5
"168",2010-08-01,60,59,NA,NA,NA,NA,NA,NA,NA,NA,NA,7,NA,NA,NA,2010,"Summer","August",15.2
"169",2010-09-01,899,435,NA,NA,NA,NA,NA,NA,NA,NA,NA,126,NA,NA,NA,2010,"Summer","September",13.7
"170",2010-10-01,424,297,NA,NA,NA,NA,NA,NA,NA,NA,NA,228,NA,NA,NA,2010,"Fall","October",13
"171",2011-06-01,NA,NA,NA,NA,NA,NA,NA,NA,NA,NA,NA,NA,NA,NA,NA,2011,"Spring","June",11.6
"172",2011-07-01,5,11,NA,NA,NA,NA,NA,NA,NA,NA,NA,4,NA,NA,NA,2011,"Summer","July",13.9
"173",2011-08-01,44,26,NA,NA,NA,NA,NA,NA,NA,NA,NA,31,NA,NA,NA,2011,"Summer","August",14.5
"174",2011-09-01,647,222,NA,NA,NA,NA,NA,NA,NA,NA,NA,123,NA,NA,NA,2011,"Summer","September",13.7
"175",2011-10-01,559,241,NA,NA,NA,NA,NA,NA,NA,NA,NA,259,NA,NA,NA,2011,"Fall","October",12.5
"176",2012-06-01,NA,NA,NA,NA,NA,NA,NA,NA,NA,NA,NA,NA,NA,NA,NA,2012,"Spring","June",12.5
"177",2012-07-01,4,6,NA,NA,NA,NA,NA,NA,NA,NA,NA,1,NA,NA,NA,2012,"Summer","July",13.6
"178",2012-08-01,37,18,NA,NA,NA,NA,NA,NA,NA,NA,NA,19,NA,NA,NA,2012,"Summer","August",14
"179",2012-09-01,417,158,NA,NA,NA,NA,NA,NA,NA,NA,NA,94,NA,NA,NA,2012,"Summer","September",12.6
"180",2012-10-01,289,113,NA,NA,NA,NA,NA,NA,NA,NA,NA,201,NA,NA,NA,2012,"Fall","October",12.4
"181",2013-06-01,NA,NA,NA,NA,NA,NA,NA,NA,NA,NA,NA,0,NA,NA,NA,2013,"Spring","June",13
"182",2013-07-01,9,8,NA,NA,NA,NA,NA,NA,NA,NA,NA,4,NA,NA,NA,2013,"Summer","July",13.3
"183",2013-08-01,34,22,NA,NA,NA,NA,NA,NA,NA,NA,NA,19,NA,NA,NA,2013,"Summer","August",13.7
"184",2013-09-01,495,183,NA,NA,NA,NA,NA,NA,NA,NA,NA,403,NA,NA,NA,2013,"Summer","September",13.3
"185",2013-10-01,243,130,NA,NA,NA,NA,NA,NA,NA,NA,NA,606,NA,NA,NA,2013,"Fall","October",12.1
"186",2014-01-03,28,NA,NA,NA,NA,NA,NA,NA,NA,NA,NA,NA,1,13,42,2014,"Winter","January",6.9
"187",2014-01-06,13,NA,NA,NA,NA,NA,NA,NA,NA,NA,NA,1,NA,11,25,2014,"Winter","January",6.5
"188",2014-01-08,25,NA,1,NA,NA,NA,NA,NA,NA,NA,NA,1,NA,13,40,2014,"Winter","January",6.6
"189",2014-01-10,11,1,NA,NA,NA,NA,NA,NA,NA,NA,NA,5,NA,7,24,2014,"Winter","January",6.7
"190",2014-01-13,44,NA,NA,NA,NA,NA,NA,NA,NA,NA,NA,2,NA,19,65,2014,"Winter","January",6.9
"191",2014-01-15,14,NA,NA,1,NA,NA,NA,NA,NA,NA,NA,4,NA,NA,19,2014,"Winter","January",7
"192",2014-01-17,41,NA,1,NA,NA,NA,NA,NA,NA,NA,NA,1,NA,36,79,2014,"Winter","January",6.8
"193",2014-01-21,18,NA,1,NA,NA,NA,NA,NA,NA,NA,NA,2,NA,16,37,2014,"Winter","January",6.5
"194",2014-01-22,10,1,NA,NA,NA,NA,NA,NA,NA,NA,NA,1,NA,5,17,2014,"Winter","January",6.5
"195",2014-01-24,12,NA,1,NA,NA,NA,NA,NA,NA,NA,NA,3,NA,5,21,2014,"Winter","January",6.2
"196",2014-01-27,6,NA,NA,1,NA,NA,NA,NA,NA,NA,NA,NA,NA,1,8,2014,"Winter","January",6.2
"197",2014-01-29,13,NA,NA,NA,NA,NA,NA,NA,NA,NA,NA,NA,NA,6,19,2014,"Winter","January",6.3
"198",2014-01-31,23,NA,NA,1,NA,NA,NA,NA,NA,NA,NA,1,NA,1,26,2014,"Winter","January",6.3
"199",2014-02-03,35,1,NA,NA,NA,NA,NA,NA,NA,NA,NA,2,NA,9,47,2014,"Winter","February",6.6
"200",2014-02-05,33,NA,NA,NA,NA,NA,NA,NA,NA,NA,NA,2,NA,14,49,2014,"Winter","February",6.1
"201",2014-02-07,6,NA,1,NA,NA,NA,NA,NA,NA,NA,NA,NA,NA,7,14,2014,"Winter","February",5.4
"202",2014-02-12,7,NA,NA,NA,NA,NA,NA,NA,NA,NA,NA,1,NA,3,11,2014,"Winter","February",5.7
"203",2014-02-14,14,1,NA,NA,NA,NA,NA,NA,NA,NA,NA,NA,NA,4,19,2014,"Winter","February",6.2
"204",2014-02-17,46,3,1,NA,NA,NA,NA,NA,NA,NA,NA,1,NA,49,100,2014,"Winter","February",6.4
"205",2014-02-19,83,8,1,1,NA,NA,NA,NA,NA,NA,NA,NA,NA,57,150,2014,"Winter","February",6.6
"206",2014-02-21,17,2,3,1,NA,NA,NA,NA,NA,NA,NA,NA,NA,25,48,2014,"Winter","February",6.6
"207",2014-02-24,45,NA,1,NA,NA,NA,NA,NA,NA,NA,NA,NA,NA,25,71,2014,"Winter","February",6.6
"208",2014-02-26,13,NA,NA,NA,NA,NA,NA,NA,NA,NA,NA,NA,NA,3,16,2014,"Winter","February",6.5
"209",2014-02-28,33,NA,NA,NA,NA,NA,NA,NA,NA,NA,NA,1,NA,6,40,2014,"Winter","February",6.3
"210",2014-03-03,17,NA,NA,NA,NA,NA,NA,NA,NA,NA,NA,NA,NA,1,18,2014,"Winter","March",6.5
"211",2014-03-05,21,NA,1,NA,NA,NA,NA,NA,NA,NA,NA,NA,NA,5,27,2014,"Winter","March",6.6
"212",2014-03-07,31,3,1,NA,NA,NA,NA,NA,NA,NA,NA,NA,NA,13,48,2014,"Winter","March",7.3
"213",2014-03-10,63,3,NA,NA,NA,NA,NA,NA,NA,NA,NA,NA,NA,44,110,2014,"Winter","March",7.7
"214",2014-03-12,23,NA,NA,NA,NA,NA,NA,NA,NA,NA,NA,NA,NA,27,50,2014,"Winter","March",7.6
"215",2014-03-14,14,NA,NA,NA,NA,NA,NA,NA,NA,NA,NA,NA,NA,6,20,2014,"Winter","March",7.7
"216",2014-03-17,33,1,NA,NA,NA,NA,NA,NA,NA,NA,NA,NA,NA,32,66,2014,"Winter","March",8.3
"217",2014-03-19,13,NA,NA,NA,NA,NA,NA,NA,NA,NA,NA,NA,NA,19,32,2014,"Winter","March",8.3
"218",2014-03-21,7,2,NA,NA,NA,NA,NA,NA,NA,NA,NA,NA,NA,6,15,2014,"Spring","March",8.1
"219",2014-03-24,4,NA,NA,NA,NA,NA,NA,NA,NA,NA,NA,NA,NA,6,10,2014,"Spring","March",8
"220",2014-03-26,18,5,1,NA,NA,NA,NA,NA,NA,NA,NA,NA,NA,12,36,2014,"Spring","March",8.3
"221",2014-03-28,12,1,NA,NA,NA,NA,NA,NA,NA,NA,NA,NA,NA,5,18,2014,"Spring","March",8.5
"222",2014-03-31,8,NA,NA,NA,NA,NA,NA,NA,NA,NA,NA,NA,NA,18,26,2014,"Spring","March",9
"223",2014-04-02,2,NA,1,NA,NA,NA,NA,NA,NA,NA,NA,NA,NA,9,12,2014,"Spring","April",9
"224",2014-04-07,2,NA,NA,NA,NA,NA,NA,NA,NA,NA,NA,NA,NA,1,3,2014,"Spring","April",9.4
"225",2014-04-09,1,NA,NA,NA,NA,NA,NA,NA,NA,NA,NA,NA,NA,NA,1,2014,"Spring","April",9.7
"226",2014-04-11,NA,NA,NA,1,NA,NA,NA,NA,NA,NA,NA,NA,NA,1,2,2014,"Spring","April",9.8
"227",2014-04-14,NA,NA,NA,NA,NA,NA,NA,NA,NA,NA,NA,NA,NA,6,6,2014,"Spring","April",9.7
"228",2014-04-16,NA,NA,NA,NA,NA,NA,NA,NA,NA,NA,NA,NA,NA,2,2,2014,"Spring","April",10
"229",2014-04-21,NA,NA,NA,NA,NA,NA,NA,NA,NA,NA,NA,NA,NA,1,1,2014,"Spring","April",10.8
"230",2014-04-23,NA,1,NA,NA,NA,NA,NA,NA,NA,NA,NA,NA,NA,NA,1,2014,"Spring","April",10.9
"231",2014-04-25,NA,1,NA,NA,NA,NA,NA,NA,NA,NA,NA,NA,NA,2,3,2014,"Spring","April",11.3
"232",2014-04-28,NA,1,NA,NA,NA,NA,NA,NA,NA,NA,NA,NA,NA,6,7,2014,"Spring","April",11.3
"233",2014-04-30,NA,NA,NA,NA,NA,NA,NA,NA,NA,NA,NA,NA,NA,2,2,2014,"Spring","April",11.4
"234",2014-05-02,NA,NA,NA,NA,NA,NA,NA,NA,NA,NA,NA,NA,NA,4,4,2014,"Spring","May",12
"235",2014-05-05,NA,NA,NA,NA,NA,NA,NA,NA,NA,NA,NA,NA,NA,7,7,2014,"Spring","May",12.5
"236",2014-05-07,1,NA,NA,NA,2,NA,NA,NA,NA,NA,NA,NA,NA,19,22,2014,"Spring","May",12.5
"237",2014-05-09,NA,1,NA,NA,1,NA,3,NA,NA,NA,NA,NA,NA,21,26,2014,"Spring","May",12.1
"238",2014-05-12,NA,NA,NA,NA,10,NA,1,NA,NA,NA,NA,NA,NA,10,21,2014,"Spring","May",12.5
"239",2014-05-14,NA,NA,NA,NA,15,NA,1,NA,NA,NA,NA,NA,NA,6,22,2014,"Spring","May",12.6
"240",2014-05-16,NA,NA,NA,NA,26,2,NA,1,NA,NA,NA,NA,NA,8,37,2014,"Spring","May",12.7
"241",2014-05-19,NA,NA,NA,NA,15,3,1,NA,NA,NA,NA,NA,NA,3,22,2014,"Spring","May",13.2
"242",2014-05-21,NA,NA,NA,NA,1,NA,NA,NA,NA,NA,NA,NA,NA,1,2,2014,"Spring","May",13.4
"243",2014-05-23,NA,NA,NA,NA,27,NA,1,NA,NA,NA,NA,NA,1,29,58,2014,"Spring","May",12.8
"244",2014-05-26,NA,NA,NA,NA,13,NA,2,2,NA,NA,NA,NA,NA,22,39,2014,"Spring","May",13.9
"245",2014-05-28,NA,NA,NA,NA,44,2,1,NA,NA,NA,NA,NA,1,27,75,2014,"Spring","May",13.2
"246",2014-05-30,NA,NA,NA,NA,38,NA,3,NA,NA,NA,NA,NA,NA,14,55,2014,"Spring","May",13.7
"247",2014-06-02,NA,NA,NA,NA,38,1,1,NA,NA,NA,NA,NA,NA,7,47,2014,"Spring","June",13.3
"248",2014-06-04,NA,NA,NA,NA,14,1,NA,NA,NA,NA,NA,NA,NA,5,20,2014,"Spring","June",12.3
"249",2014-06-06,NA,NA,NA,NA,21,1,NA,NA,NA,NA,NA,NA,1,3,26,2014,"Spring","June",12.3
"250",2014-06-09,NA,NA,NA,NA,34,NA,1,NA,NA,NA,NA,NA,NA,24,59,2014,"Spring","June",12.8
"251",2014-06-11,NA,NA,NA,NA,23,NA,1,NA,NA,NA,NA,NA,NA,21,45,2014,"Spring","June",12.9
"252",2014-06-13,NA,NA,NA,NA,12,NA,1,NA,NA,NA,NA,NA,NA,12,25,2014,"Spring","June",12.8
"253",2014-06-16,NA,NA,NA,NA,14,2,NA,NA,NA,NA,NA,NA,NA,24,40,2014,"Spring","June",13.2
"254",2014-06-18,NA,NA,NA,NA,5,NA,NA,NA,NA,NA,NA,NA,1,8,14,2014,"Spring","June",12.9
"255",2014-06-19,NA,NA,NA,NA,2,NA,NA,NA,NA,NA,NA,NA,NA,NA,2,2014,"Spring","June",12.7
"256",2014-06-23,NA,NA,NA,NA,3,NA,NA,NA,NA,NA,NA,NA,NA,6,9,2014,"Summer","June",12.6
"257",2014-06-25,NA,NA,NA,NA,6,1,1,NA,NA,NA,NA,NA,NA,1,9,2014,"Summer","June",12.1
"258",2014-06-27,NA,NA,NA,NA,7,NA,NA,NA,NA,NA,NA,NA,NA,2,9,2014,"Summer","June",11.9
"259",2014-06-30,NA,NA,NA,NA,16,NA,1,NA,NA,NA,NA,NA,NA,5,22,2014,"Summer","June",12.5
"260",2014-07-03,NA,NA,NA,NA,15,2,NA,NA,NA,NA,NA,NA,NA,7,24,2014,"Summer","July",12.5
"261",2014-07-07,NA,NA,NA,NA,6,1,1,NA,NA,NA,NA,2,NA,6,16,2014,"Summer","July",13.1
"262",2014-07-09,NA,NA,NA,NA,9,NA,NA,NA,NA,NA,NA,NA,1,2,12,2014,"Summer","July",13.5
"263",2014-07-11,NA,NA,NA,NA,9,1,NA,NA,NA,NA,NA,NA,NA,9,19,2014,"Summer","July",13.9
"264",2014-07-14,NA,NA,NA,NA,5,1,NA,NA,NA,NA,NA,NA,NA,5,11,2014,"Summer","July",14.3
"265",2014-07-16,NA,NA,NA,NA,8,NA,NA,NA,NA,NA,NA,1,NA,5,14,2014,"Summer","July",14.3
"266",2014-07-18,NA,NA,NA,NA,4,1,NA,NA,NA,NA,NA,NA,NA,16,21,2014,"Summer","July",13.4
"267",2014-07-21,NA,NA,NA,NA,6,1,NA,1,NA,1,NA,1,NA,15,25,2014,"Summer","July",13.2
"268",2014-07-23,NA,NA,NA,NA,11,NA,NA,NA,NA,1,NA,2,NA,5,19,2014,"Summer","July",13.3
"269",2014-07-25,NA,NA,NA,NA,6,1,NA,NA,NA,NA,NA,NA,NA,1,8,2014,"Summer","July",13.4
"270",2014-07-28,NA,NA,NA,NA,2,3,NA,NA,NA,1,NA,NA,NA,4,10,2014,"Summer","July",12.9
"271",2014-07-30,NA,NA,NA,NA,3,1,NA,NA,NA,NA,NA,NA,NA,1,5,2014,"Summer","July",12.9
"272",2014-08-01,NA,NA,NA,NA,4,NA,NA,NA,1,3,NA,NA,NA,1,9,2014,"Summer","August",12.8
"273",2014-08-04,NA,NA,NA,NA,NA,NA,NA,NA,NA,NA,NA,NA,1,2,3,2014,"Summer","August",12.9
"274",2014-08-06,NA,NA,NA,NA,NA,1,NA,NA,NA,1,NA,NA,NA,1,3,2014,"Summer","August",13.1
"275",2014-08-08,NA,NA,NA,NA,2,1,NA,NA,NA,NA,NA,NA,NA,2,5,2014,"Summer","August",13.1
"276",2014-08-11,NA,NA,NA,NA,NA,NA,NA,NA,NA,1,NA,NA,1,1,3,2014,"Summer","August",13.1
"277",2014-08-13,NA,NA,NA,NA,2,2,NA,NA,NA,2,NA,NA,NA,NA,6,2014,"Summer","August",13
"278",2014-08-15,NA,NA,NA,NA,NA,2,NA,NA,NA,NA,NA,NA,NA,1,3,2014,"Summer","August",13.1
"279",2014-08-18,NA,NA,NA,NA,2,4,NA,NA,1,3,NA,NA,NA,5,15,2014,"Summer","August",13.3
"280",2014-08-20,NA,NA,NA,NA,1,1,NA,NA,2,5,NA,NA,NA,2,11,2014,"Summer","August",13.1
"281",2014-08-22,NA,NA,NA,NA,3,NA,NA,NA,2,NA,NA,NA,NA,2,7,2014,"Summer","August",13
"282",2014-08-25,NA,NA,NA,NA,1,NA,NA,NA,NA,2,NA,NA,NA,NA,3,2014,"Summer","August",13.7
"283",2014-08-27,NA,NA,NA,NA,3,2,NA,NA,NA,NA,NA,NA,NA,NA,5,2014,"Summer","August",13
"284",2014-08-29,NA,NA,NA,NA,NA,NA,NA,NA,NA,NA,NA,NA,NA,2,2,2014,"Summer","August",13.1
"285",2014-09-02,NA,NA,NA,NA,1,1,NA,NA,NA,NA,NA,NA,NA,NA,2,2014,"Summer","September",13.3
"286",2014-09-03,NA,NA,NA,NA,NA,1,NA,NA,NA,NA,NA,NA,NA,NA,1,2014,"Summer","September",13.2
"287",2014-09-05,NA,NA,NA,NA,NA,2,NA,NA,NA,NA,NA,NA,NA,NA,2,2014,"Summer","September",13.2
"288",2014-09-08,NA,NA,NA,NA,1,NA,NA,NA,NA,NA,NA,NA,NA,NA,1,2014,"Summer","September",13.1
"289",2014-09-12,3,NA,NA,NA,NA,NA,NA,NA,NA,NA,NA,1,NA,NA,4,2014,"Summer","September",13.1
"290",2014-09-15,3,NA,NA,NA,NA,NA,NA,NA,NA,NA,NA,NA,NA,NA,3,2014,"Summer","September",13
"291",2014-09-18,3,NA,NA,NA,NA,NA,NA,NA,NA,NA,NA,NA,NA,NA,3,2014,"Summer","September",13.1
"292",2014-09-22,10,1,NA,NA,NA,NA,NA,NA,NA,NA,NA,NA,NA,2,13,2014,"Fall","September",13.3
"293",2014-09-24,6,1,2,NA,NA,1,NA,NA,NA,1,NA,NA,NA,NA,11,2014,"Fall","September",13.2
"294",2014-09-26,12,1,1,NA,NA,NA,NA,NA,NA,NA,NA,NA,NA,2,16,2014,"Fall","September",13.3
"295",2014-09-29,19,3,6,2,NA,NA,NA,NA,NA,NA,NA,NA,NA,NA,30,2014,"Fall","September",13.3
"296",2014-10-01,10,NA,2,NA,NA,NA,NA,NA,NA,NA,NA,4,NA,8,24,2014,"Fall","October",13.2
"297",2014-10-03,17,2,1,NA,NA,NA,NA,NA,NA,NA,NA,1,NA,6,27,2014,"Fall","October",13.2
"298",2014-10-06,10,2,1,NA,NA,NA,NA,NA,NA,NA,NA,5,NA,2,20,2014,"Fall","October",13.2
"299",2014-10-08,24,NA,1,NA,NA,NA,NA,NA,NA,NA,NA,4,NA,NA,29,2014,"Fall","October",13
"300",2014-10-10,24,NA,1,NA,NA,NA,NA,NA,NA,NA,NA,7,NA,1,33,2014,"Fall","October",13
"301",2014-10-13,34,1,1,1,NA,NA,NA,NA,NA,NA,NA,29,NA,10,76,2014,"Fall","October",12.9
"302",2014-10-15,19,2,1,NA,NA,NA,NA,NA,NA,NA,NA,3,NA,3,28,2014,"Fall","October",12.9
"303",2014-10-17,17,NA,NA,NA,NA,NA,NA,NA,NA,NA,NA,18,NA,5,40,2014,"Fall","October",12.7
"304",2014-10-20,29,2,2,NA,NA,NA,NA,NA,NA,NA,NA,43,NA,6,82,2014,"Fall","October",12.4
"305",2014-10-22,45,4,3,NA,NA,NA,NA,NA,NA,NA,NA,32,NA,10,94,2014,"Fall","October",12.5
"306",2014-10-24,36,1,1,NA,NA,NA,NA,NA,NA,NA,NA,12,NA,12,62,2014,"Fall","October",12.3
"307",2014-10-27,58,4,1,NA,NA,NA,NA,NA,NA,NA,NA,70,1,9,143,2014,"Fall","October",12
"308",2014-10-29,87,2,2,NA,NA,NA,NA,NA,NA,NA,NA,31,NA,9,131,2014,"Fall","October",11.9
"309",2014-10-31,39,NA,1,NA,NA,NA,NA,NA,NA,NA,NA,41,1,6,88,2014,"Fall","October",11.8
"310",2014-11-03,21,2,NA,NA,NA,NA,NA,NA,NA,NA,NA,66,1,6,96,2014,"Fall","November",11.6
"311",2014-11-05,18,2,NA,NA,NA,NA,NA,NA,NA,NA,NA,32,NA,5,57,2014,"Fall","November",11.5
"312",2014-11-07,39,NA,NA,NA,NA,NA,NA,NA,NA,NA,NA,26,1,7,73,2014,"Fall","November",11.5
"313",2014-11-10,38,2,3,NA,NA,NA,NA,NA,NA,NA,NA,107,1,11,162,2014,"Fall","November",11.7
"314",2014-11-11,26,NA,1,NA,NA,NA,NA,NA,NA,NA,NA,30,NA,2,59,2014,"Fall","November",11.4
"315",2014-11-12,14,NA,NA,NA,NA,NA,NA,NA,NA,NA,NA,55,NA,NA,69,2014,"Fall","November",11
"316",2014-11-17,39,3,1,NA,NA,NA,NA,NA,NA,NA,NA,180,NA,5,228,2014,"Fall","November",9.6
"317",2014-11-18,NA,NA,NA,NA,NA,NA,NA,NA,NA,NA,NA,17,NA,NA,17,2014,"Fall","November",9.4
"318",2014-11-19,5,1,NA,NA,NA,NA,NA,NA,NA,NA,NA,36,NA,NA,42,2014,"Fall","November",9.4
"319",2014-11-21,5,NA,NA,NA,NA,NA,NA,NA,NA,NA,NA,48,NA,NA,53,2014,"Fall","November",9.3
"320",2014-11-24,34,NA,NA,1,NA,NA,NA,NA,NA,NA,NA,107,NA,1,143,2014,"Fall","November",9.4
"321",2014-11-26,79,1,6,NA,NA,NA,NA,NA,NA,NA,NA,64,NA,6,156,2014,"Fall","November",9.5
"322",2014-11-28,47,1,1,1,NA,NA,NA,NA,NA,NA,NA,53,NA,8,111,2014,"Fall","November",9.6
"323",2014-12-01,69,1,NA,1,NA,NA,NA,NA,NA,NA,NA,69,1,8,149,2014,"Fall","December",9.1
"324",2014-12-03,76,1,NA,1,NA,NA,NA,NA,NA,NA,NA,21,NA,4,103,2014,"Fall","December",8.8
"325",2014-12-05,42,1,NA,NA,NA,NA,NA,NA,NA,NA,NA,27,NA,3,73,2014,"Fall","December",8.6
"326",2014-12-08,23,NA,NA,NA,NA,NA,NA,NA,NA,NA,NA,26,NA,4,53,2014,"Fall","December",8.5
"327",2014-12-10,31,NA,NA,NA,NA,NA,NA,NA,NA,NA,NA,11,NA,9,51,2014,"Fall","December",8.7
"328",2014-12-12,29,NA,2,NA,NA,NA,NA,NA,NA,NA,NA,40,NA,13,84,2014,"Fall","December",8.7
"329",2014-12-15,7,NA,NA,NA,NA,NA,NA,NA,NA,NA,NA,5,NA,1,13,2014,"Fall","December",8.6
"330",2014-12-17,11,NA,NA,1,NA,NA,NA,NA,NA,NA,NA,2,NA,NA,14,2014,"Fall","December",8.3
"331",2014-12-19,1,NA,NA,NA,NA,NA,NA,NA,NA,NA,NA,1,NA,2,4,2014,"Fall","December",8.2
"332",2014-12-22,70,NA,4,1,NA,NA,NA,NA,NA,NA,NA,19,NA,22,116,2014,"Winter","December",8.4
"333",2014-12-24,119,5,2,2,NA,NA,NA,NA,NA,NA,NA,10,NA,22,160,2014,"Winter","December",8.3
"334",2014-12-26,60,4,NA,NA,NA,NA,NA,NA,NA,NA,NA,2,NA,10,76,2014,"Winter","December",7.9
"335",2014-12-29,67,4,2,NA,NA,NA,NA,NA,NA,NA,NA,6,NA,16,95,2014,"Winter","December",7.6
"336",2014-12-31,18,NA,NA,NA,NA,NA,NA,NA,NA,NA,NA,8,1,4,31,2014,"Winter","December",7.2
"337",2015-01-02,8,NA,NA,NA,NA,NA,NA,NA,NA,NA,NA,11,NA,5,24,2015,"Winter","January",6.5
"338",2015-01-05,43,NA,NA,NA,NA,NA,NA,NA,NA,NA,NA,5,NA,3,51,2015,"Winter","January",6.8
"339",2015-01-07,75,NA,NA,NA,NA,NA,NA,NA,NA,NA,NA,3,NA,12,90,2015,"Winter","January",6.8
"340",2015-01-09,49,NA,1,NA,NA,NA,NA,NA,NA,NA,NA,5,NA,5,60,2015,"Winter","January",6.7
"341",2015-01-12,43,NA,NA,NA,NA,NA,NA,NA,NA,NA,NA,6,NA,10,59,2015,"Winter","January",6.8
"342",2015-01-14,29,NA,2,NA,NA,NA,NA,NA,NA,NA,NA,2,NA,9,42,2015,"Winter","January",7.1
"343",2015-01-16,36,NA,NA,NA,NA,NA,NA,NA,NA,NA,NA,NA,NA,19,55,2015,"Winter","January",7
"344",2015-01-19,84,NA,1,NA,NA,NA,NA,NA,NA,NA,NA,2,NA,6,93,2015,"Winter","January",7.2
"345",2015-01-22,89,NA,NA,NA,NA,NA,NA,NA,NA,NA,NA,5,NA,30,124,2015,"Winter","January",7.5
"346",2015-01-23,19,NA,1,NA,NA,NA,NA,NA,NA,NA,NA,NA,NA,6,26,2015,"Winter","January",7.3
"347",2015-01-26,36,3,1,NA,NA,NA,NA,NA,NA,NA,NA,2,NA,13,55,2015,"Winter","January",7.1
"348",2015-01-28,41,1,1,NA,NA,NA,NA,NA,NA,NA,NA,1,NA,10,54,2015,"Winter","January",7.4
"349",2015-01-30,38,NA,NA,NA,NA,NA,NA,NA,NA,NA,NA,NA,NA,12,50,2015,"Winter","January",7.3
"350",2015-02-02,42,NA,NA,NA,NA,NA,NA,NA,NA,NA,NA,NA,NA,9,51,2015,"Winter","February",7.1
"351",2015-02-04,40,NA,NA,NA,NA,NA,NA,NA,NA,NA,NA,NA,NA,15,55,2015,"Winter","February",7.3
"352",2015-02-06,54,2,1,NA,NA,NA,NA,NA,NA,NA,NA,NA,NA,15,72,2015,"Winter","February",7.6
"353",2015-02-09,70,2,2,NA,NA,NA,NA,NA,NA,NA,NA,NA,NA,31,105,2015,"Winter","February",7.8
"354",2015-02-11,84,NA,1,NA,NA,NA,NA,NA,NA,NA,NA,NA,NA,15,100,2015,"Winter","February",7.5
"355",2015-02-13,28,NA,NA,NA,NA,NA,NA,NA,NA,NA,NA,NA,NA,5,33,2015,"Winter","February",7.6
"356",2015-02-16,36,1,1,NA,NA,NA,NA,NA,NA,NA,NA,1,NA,9,48,2015,"Winter","February",7.7
"357",2015-02-18,26,NA,NA,NA,NA,NA,NA,NA,NA,NA,NA,1,NA,3,30,2015,"Winter","February",7.7
"358",2015-02-20,22,NA,1,1,NA,NA,NA,NA,NA,NA,NA,NA,NA,8,32,2015,"Winter","February",7.7
"359",2015-02-23,37,1,NA,NA,NA,NA,NA,NA,NA,NA,NA,NA,NA,10,48,2015,"Winter","February",7.7
"360",2015-02-25,20,NA,NA,NA,NA,NA,NA,NA,NA,NA,NA,1,NA,12,33,2015,"Winter","February",7.4
"361",2015-02-27,15,1,1,NA,NA,NA,NA,NA,NA,NA,NA,NA,NA,5,22,2015,"Winter","February",7.7
"362",2015-03-02,32,NA,1,1,NA,NA,NA,NA,NA,NA,NA,1,NA,5,40,2015,"Winter","March",7.8
"363",2015-03-04,15,NA,NA,NA,NA,NA,NA,NA,NA,NA,NA,NA,NA,2,17,2015,"Winter","March",7.4
"364",2015-03-06,18,NA,NA,NA,NA,NA,NA,NA,NA,NA,NA,NA,NA,4,22,2015,"Winter","March",7.5
"365",2015-03-09,34,1,NA,NA,NA,NA,NA,NA,NA,NA,NA,NA,NA,3,38,2015,"Winter","March",8.1
"366",2015-03-11,40,3,2,NA,NA,NA,NA,NA,NA,NA,NA,NA,NA,1,46,2015,"Winter","March",8.3
"367",2015-03-13,20,3,2,NA,NA,NA,NA,NA,NA,NA,NA,NA,NA,13,38,2015,"Winter","March",8.5
"368",2015-03-16,30,16,NA,2,NA,NA,NA,NA,NA,NA,NA,NA,NA,20,68,2015,"Winter","March",8.9
"369",2015-03-18,18,8,2,NA,NA,NA,NA,NA,NA,NA,NA,NA,NA,21,49,2015,"Winter","March",9.2
"370",2015-03-20,7,3,NA,1,NA,NA,NA,NA,NA,NA,NA,NA,NA,3,14,2015,"Spring","March",9
"371",2015-03-23,15,11,NA,NA,NA,NA,NA,NA,NA,NA,NA,NA,NA,22,48,2015,"Spring","March",9.3
"372",2015-03-25,19,5,NA,NA,NA,NA,NA,NA,NA,NA,NA,NA,NA,9,33,2015,"Spring","March",9.5
"373",2015-03-27,13,5,NA,NA,NA,NA,NA,NA,NA,NA,NA,NA,NA,5,23,2015,"Spring","March",9.8
"374",2015-03-30,23,16,1,2,NA,NA,NA,NA,NA,NA,NA,NA,2,8,52,2015,"Spring","March",9.9
"375",2015-04-01,12,5,NA,NA,NA,NA,NA,NA,NA,NA,NA,NA,NA,4,21,2015,"Spring","April",9.9
"376",2015-04-03,4,6,1,NA,NA,NA,NA,NA,NA,NA,NA,NA,NA,13,24,2015,"Spring","April",10.1
"377",2015-04-06,1,1,NA,NA,NA,NA,NA,NA,NA,NA,NA,NA,NA,7,9,2015,"Spring","April",9.9
"378",2015-04-08,3,6,NA,NA,NA,NA,NA,NA,NA,NA,NA,NA,NA,8,17,2015,"Spring","April",10
"379",2015-04-10,NA,NA,NA,NA,NA,NA,NA,NA,NA,NA,NA,NA,NA,2,2,2015,"Spring","April",10
"380",2015-04-13,3,1,1,NA,NA,NA,NA,NA,NA,NA,NA,NA,NA,14,19,2015,"Spring","April",10.1
"381",2015-04-15,NA,2,1,NA,NA,NA,NA,NA,NA,NA,NA,NA,NA,4,7,2015,"Spring","April",10.3
"382",2015-04-17,1,2,NA,NA,NA,NA,NA,NA,NA,NA,NA,NA,NA,7,10,2015,"Spring","April",10.5
"383",2015-04-20,1,2,NA,NA,NA,NA,NA,NA,NA,NA,NA,NA,NA,6,9,2015,"Spring","April",10.7
"384",2015-04-22,NA,2,1,NA,NA,NA,NA,NA,NA,NA,NA,NA,NA,5,8,2015,"Spring","April",10.7
"385",2015-04-24,NA,2,NA,NA,NA,NA,NA,NA,NA,NA,NA,NA,NA,5,7,2015,"Spring","April",10.6
"386",2015-04-27,2,NA,NA,NA,NA,NA,NA,NA,NA,NA,NA,NA,NA,4,6,2015,"Spring","April",11.3
"387",2015-04-29,3,NA,NA,NA,NA,NA,NA,NA,NA,NA,NA,NA,NA,5,8,2015,"Spring","April",11.3
"388",2015-05-01,1,NA,NA,NA,NA,NA,NA,NA,NA,NA,NA,NA,NA,7,8,2015,"Spring","May",11.6
"389",2015-05-04,NA,3,NA,NA,NA,NA,2,NA,NA,NA,NA,NA,NA,10,15,2015,"Spring","May",12.1
"390",2015-05-06,1,NA,NA,NA,1,NA,5,NA,NA,NA,NA,NA,NA,4,11,2015,"Spring","May",11.9
"391",2015-05-08,NA,NA,NA,NA,4,NA,1,NA,NA,NA,NA,NA,NA,1,6,2015,"Spring","May",12.6
"392",2015-05-11,NA,1,NA,NA,13,1,2,1,NA,NA,NA,NA,NA,6,24,2015,"Spring","May",12.2
"393",2015-05-13,NA,NA,NA,NA,8,NA,3,NA,NA,NA,NA,NA,NA,NA,11,2015,"Spring","May",12.1
"394",2015-05-15,NA,NA,NA,NA,6,NA,1,NA,NA,NA,NA,NA,NA,4,11,2015,"Spring","May",12
"395",2015-05-18,NA,NA,NA,NA,6,1,1,NA,NA,NA,NA,NA,NA,4,12,2015,"Spring","May",11.9
"396",2015-05-20,NA,NA,NA,NA,20,1,6,NA,NA,NA,NA,NA,NA,5,32,2015,"Spring","May",11.9
"397",2015-05-22,NA,NA,NA,NA,15,2,2,2,NA,NA,NA,NA,NA,10,31,2015,"Spring","May",12.1
"398",2015-05-24,NA,NA,NA,NA,4,NA,NA,NA,NA,NA,NA,NA,NA,1,5,2015,"Spring","May",12.4
"399",2015-05-26,NA,NA,NA,NA,6,NA,1,NA,NA,NA,NA,NA,NA,5,12,2015,"Spring","May",12.4
"400",2015-05-27,NA,NA,NA,NA,14,2,1,NA,NA,NA,NA,NA,NA,3,20,2015,"Spring","May",12.5
"401",2015-05-29,NA,NA,NA,NA,25,5,3,NA,NA,NA,NA,NA,NA,1,34,2015,"Spring","May",13
"402",2015-06-01,NA,NA,NA,NA,40,NA,2,3,NA,NA,NA,NA,NA,3,48,2015,"Spring","June",13.9
"403",2015-06-03,NA,NA,NA,NA,31,NA,1,NA,NA,NA,NA,NA,1,13,46,2015,"Spring","June",13.6
"404",2015-06-05,NA,NA,NA,NA,12,1,NA,NA,NA,NA,NA,NA,NA,22,35,2015,"Spring","June",13.8
"405",2015-06-08,NA,NA,NA,NA,30,2,1,1,NA,NA,NA,NA,NA,6,40,2015,"Spring","June",13.2
"406",2015-06-10,NA,NA,NA,NA,15,3,1,NA,NA,NA,NA,NA,NA,6,25,2015,"Spring","June",13.2
"407",2015-06-12,NA,NA,NA,NA,7,NA,NA,NA,NA,NA,NA,NA,NA,6,13,2015,"Spring","June",12.8
"408",2015-06-15,NA,NA,NA,NA,14,1,NA,NA,NA,NA,NA,NA,NA,7,22,2015,"Spring","June",13
"409",2015-06-17,NA,NA,NA,NA,26,1,NA,NA,NA,NA,NA,NA,1,7,35,2015,"Spring","June",13.1
"410",2015-06-19,NA,NA,NA,NA,14,1,NA,NA,NA,NA,NA,NA,NA,1,16,2015,"Spring","June",13.3
"411",2015-06-22,NA,NA,NA,NA,39,2,3,NA,NA,NA,NA,1,NA,5,50,2015,"Summer","June",13.7
"412",2015-06-24,NA,NA,NA,NA,18,4,NA,NA,NA,NA,NA,NA,NA,1,23,2015,"Summer","June",14.1
"413",2015-06-26,NA,1,NA,NA,43,3,NA,2,NA,NA,NA,NA,1,10,60,2015,"Summer","June",14.4
"414",2015-06-29,NA,NA,NA,NA,74,8,NA,1,NA,NA,NA,NA,NA,1,84,2015,"Summer","June",14.7
"415",2015-07-01,NA,NA,NA,NA,37,10,NA,1,NA,NA,NA,1,1,2,52,2015,"Summer","July",14.9
"416",2015-07-02,NA,NA,NA,NA,12,1,NA,NA,NA,NA,NA,NA,NA,2,15,2015,"Summer","July",15
"417",2015-07-06,NA,NA,NA,NA,64,6,NA,2,NA,NA,NA,2,3,1,78,2015,"Summer","July",15
"418",2015-07-08,NA,NA,NA,NA,31,4,NA,NA,NA,NA,NA,NA,1,4,40,2015,"Summer","July",15.4
"419",2015-07-10,NA,NA,NA,NA,31,3,1,NA,NA,NA,NA,NA,NA,12,47,2015,"Summer","July",14.7
"420",2015-07-13,NA,NA,NA,NA,20,5,NA,NA,NA,NA,NA,NA,1,1,27,2015,"Summer","July",13.6
"421",2015-07-15,NA,NA,NA,NA,17,NA,NA,NA,NA,NA,NA,NA,1,2,20,2015,"Summer","July",13.3
"422",2015-07-17,NA,NA,NA,NA,17,4,NA,NA,NA,NA,NA,NA,2,2,25,2015,"Summer","July",12.7
"423",2015-07-20,NA,NA,NA,NA,6,NA,NA,NA,NA,NA,NA,NA,NA,5,11,2015,"Summer","July",12.6
"424",2015-07-22,NA,NA,NA,NA,10,NA,NA,NA,NA,NA,NA,NA,1,NA,11,2015,"Summer","July",12.7
"425",2015-07-24,NA,NA,NA,NA,14,1,NA,NA,NA,NA,NA,NA,NA,3,18,2015,"Summer","July",12.7
"426",2015-07-27,NA,NA,NA,NA,6,2,NA,NA,NA,NA,NA,NA,NA,NA,8,2015,"Summer","July",12.6
"427",2015-07-31,NA,NA,NA,NA,16,4,NA,NA,NA,1,NA,NA,1,NA,22,2015,"Summer","July",13.3
"428",2015-08-03,NA,NA,NA,NA,7,NA,NA,NA,NA,NA,NA,NA,1,NA,8,2015,"Summer","August",13.3
"429",2015-08-05,NA,NA,NA,NA,14,2,NA,NA,NA,NA,NA,NA,2,NA,18,2015,"Summer","August",13.4
"430",2015-08-07,NA,NA,NA,NA,25,4,1,1,NA,NA,NA,NA,1,3,35,2015,"Summer","August",13.3
"431",2015-08-10,NA,NA,NA,NA,19,4,NA,NA,1,NA,NA,NA,1,NA,25,2015,"Summer","August",13.3
"432",2015-08-12,1,NA,NA,NA,10,1,NA,NA,NA,NA,NA,NA,1,3,16,2015,"Summer","August",13.5
"433",2015-08-14,NA,NA,NA,NA,5,NA,NA,NA,2,NA,NA,NA,NA,2,9,2015,"Summer","August",13.4
"434",2015-08-17,NA,NA,NA,NA,1,NA,NA,NA,NA,NA,NA,NA,NA,NA,1,2015,"Summer","August",13.5
"435",2015-08-19,2,NA,NA,NA,25,4,NA,NA,NA,NA,NA,NA,NA,NA,31,2015,"Summer","August",13.6
"436",2015-08-21,1,NA,NA,NA,15,5,NA,NA,4,NA,1,NA,2,NA,28,2015,"Summer","August",13.5
"437",2015-08-24,NA,NA,NA,NA,23,3,NA,NA,2,NA,2,NA,1,NA,31,2015,"Summer","August",13.4
"438",2015-08-26,NA,NA,NA,NA,3,2,NA,NA,4,2,NA,NA,NA,1,12,2015,"Summer","August",13.2
"439",2015-08-28,NA,NA,NA,NA,24,2,NA,NA,2,NA,1,NA,1,NA,30,2015,"Summer","August",13.1
"440",2015-08-31,NA,NA,NA,NA,11,3,NA,NA,3,NA,NA,NA,NA,NA,17,2015,"Summer","August",13
"441",2015-09-02,NA,NA,NA,NA,3,NA,NA,NA,2,NA,NA,NA,NA,NA,5,2015,"Summer","September",13.2
"442",2015-09-04,NA,NA,NA,NA,9,5,NA,NA,1,NA,1,1,NA,1,18,2015,"Summer","September",13.1
"443",2015-09-09,NA,NA,NA,NA,2,1,NA,NA,2,NA,1,NA,NA,NA,6,2015,"Summer","September",13.3
"444",2015-09-11,NA,NA,NA,NA,1,1,NA,NA,NA,NA,NA,NA,NA,1,3,2015,"Summer","September",13.3
"445",2015-09-14,2,NA,NA,NA,1,NA,NA,NA,1,1,NA,NA,NA,1,6,2015,"Summer","September",13.3
"446",2015-09-16,2,NA,NA,NA,NA,1,NA,NA,NA,NA,NA,NA,NA,1,4,2015,"Summer","September",13.3
"447",2015-09-18,3,NA,NA,NA,NA,1,NA,NA,NA,NA,NA,NA,NA,NA,4,2015,"Summer","September",13.3
"448",2015-09-21,3,1,NA,NA,NA,NA,NA,NA,1,NA,NA,NA,NA,2,7,2015,"Summer","September",13.4
"449",2015-09-23,5,1,NA,1,NA,1,NA,NA,1,NA,NA,NA,NA,2,11,2015,"Fall","September",13.4
"450",2015-09-25,10,NA,NA,NA,NA,NA,NA,NA,NA,NA,NA,3,NA,2,15,2015,"Fall","September",13.4
"451",2015-09-28,17,NA,NA,1,1,2,NA,NA,NA,NA,NA,1,NA,7,29,2015,"Fall","September",13.3
"452",2015-09-30,13,NA,NA,NA,NA,1,NA,NA,NA,NA,NA,6,NA,4,24,2015,"Fall","September",13.2
"453",2015-10-02,13,NA,1,NA,NA,NA,NA,NA,NA,NA,NA,4,NA,2,20,2015,"Fall","October",13.2
"454",2015-10-03,14,NA,1,NA,NA,NA,NA,NA,9,NA,NA,NA,NA,4,28,2015,"Fall","October",13
"455",2015-10-05,13,NA,NA,1,NA,NA,NA,NA,3,NA,NA,2,NA,5,24,2015,"Fall","October",13.1
"456",2015-10-05,30,NA,NA,NA,NA,NA,NA,NA,NA,NA,NA,11,NA,9,50,2015,"Fall","October",13.1
"457",2015-10-06,NA,NA,NA,NA,NA,NA,NA,NA,5,NA,1,NA,NA,3,9,2015,"Fall","October",13.1
"458",2015-10-07,6,NA,NA,1,NA,4,NA,NA,NA,NA,NA,2,NA,5,18,2015,"Fall","October",13
"459",2015-10-09,14,NA,NA,NA,NA,3,NA,NA,NA,NA,NA,16,NA,NA,33,2015,"Fall","October",13.1
"460",2015-10-10,21,NA,NA,1,NA,NA,NA,NA,5,NA,NA,1,NA,2,30,2015,"Fall","October",13.1
"461",2015-10-12,24,1,NA,NA,NA,NA,NA,NA,1,NA,NA,1,NA,7,34,2015,"Fall","October",13.1
"462",2015-10-12,33,NA,1,1,NA,NA,NA,NA,NA,NA,NA,29,NA,16,80,2015,"Fall","October",13.1
"463",2015-10-14,23,NA,NA,NA,NA,NA,NA,NA,NA,NA,NA,1,NA,2,26,2015,"Fall","October",13
"464",2015-10-14,33,2,NA,2,NA,NA,NA,NA,NA,NA,NA,19,NA,19,75,2015,"Fall","October",13
"465",2015-10-16,13,2,NA,1,NA,NA,NA,NA,NA,NA,NA,21,NA,9,46,2015,"Fall","October",12.8
"466",2015-10-17,24,1,1,2,NA,NA,NA,NA,NA,NA,NA,2,NA,6,36,2015,"Fall","October",12.8
"467",2015-10-19,26,NA,NA,1,NA,NA,NA,NA,NA,NA,NA,24,NA,7,58,2015,"Fall","October",12.7
"468",2015-10-19,75,NA,NA,1,NA,NA,NA,NA,NA,NA,NA,27,NA,14,117,2015,"Fall","October",12.7
"469",2015-10-21,13,1,1,1,NA,NA,NA,NA,NA,NA,NA,16,1,6,39,2015,"Fall","October",12.6
"470",2015-10-21,31,NA,1,NA,NA,NA,NA,NA,NA,NA,NA,18,NA,11,61,2015,"Fall","October",12.6
"471",2015-10-23,40,NA,NA,NA,NA,NA,NA,NA,NA,NA,NA,41,NA,11,92,2015,"Fall","October",12.5
"472",2015-10-24,82,NA,3,NA,NA,NA,NA,NA,1,NA,NA,45,NA,8,139,2015,"Fall","October",12.5
"473",2015-10-26,32,NA,1,NA,NA,NA,NA,NA,NA,NA,NA,42,NA,4,79,2015,"Fall","October",12.4
"474",2015-10-26,58,NA,NA,NA,NA,NA,NA,NA,NA,NA,NA,16,NA,7,81,2015,"Fall","October",12.4
"475",2015-10-28,18,NA,NA,NA,NA,NA,NA,NA,2,NA,NA,6,NA,3,29,2015,"Fall","October",12.2
"476",2015-10-28,50,NA,NA,4,NA,NA,NA,NA,NA,NA,NA,48,NA,10,112,2015,"Fall","October",12.2
"477",2015-10-30,37,NA,1,1,NA,NA,NA,NA,NA,NA,NA,24,1,10,74,2015,"Fall","October",12.2
"478",2015-10-31,43,NA,1,NA,NA,NA,NA,NA,NA,NA,NA,16,NA,13,73,2015,"Fall","October",12.3
"479",2015-11-02,79,1,1,NA,NA,NA,NA,NA,NA,NA,NA,56,NA,17,154,2015,"Fall","November",11.9
"480",2015-11-02,75,2,NA,1,NA,NA,NA,NA,NA,NA,NA,80,1,3,162,2015,"Fall","November",11.9
"481",2015-11-03,21,NA,2,1,NA,NA,NA,NA,1,NA,NA,22,NA,13,60,2015,"Fall","November",11.8
"482",2015-11-04,18,1,NA,NA,NA,NA,NA,NA,NA,NA,NA,8,NA,7,34,2015,"Fall","November",11.6
"483",2015-11-04,28,2,1,NA,NA,NA,NA,NA,NA,NA,NA,45,NA,9,85,2015,"Fall","November",11.6
"484",2015-11-06,31,1,1,NA,NA,NA,NA,NA,NA,NA,NA,38,NA,10,81,2015,"Fall","November",11.6
"485",2015-11-07,22,NA,NA,NA,NA,NA,NA,NA,NA,NA,NA,52,NA,6,80,2015,"Fall","November",11.7
"486",2015-11-09,39,NA,NA,NA,NA,NA,NA,NA,NA,NA,NA,74,NA,11,124,2015,"Fall","November",11.7
"487",2015-11-09,35,NA,NA,1,NA,NA,NA,NA,NA,NA,NA,68,NA,21,125,2015,"Fall","November",11.7
"488",2015-11-10,9,NA,NA,NA,NA,NA,NA,NA,NA,NA,NA,16,NA,NA,NA,2015,"Fall","November",11.6
"489",2015-11-11,15,NA,1,NA,NA,NA,NA,NA,NA,NA,NA,34,NA,7,57,2015,"Fall","November",11.5
"490",2015-11-13,43,NA,2,NA,NA,NA,NA,NA,NA,NA,NA,81,NA,15,141,2015,"Fall","November",11.4
"491",2015-11-14,62,NA,1,1,NA,NA,NA,NA,NA,NA,NA,93,NA,19,176,2015,"Fall","November",11.4
"492",2015-11-15,28,NA,NA,1,NA,NA,NA,NA,NA,NA,NA,11,NA,7,47,2015,"Fall","November",11.2
"493",2015-11-16,20,1,NA,NA,NA,NA,NA,NA,NA,NA,NA,4,NA,7,32,2015,"Fall","November",11
"494",2015-11-16,24,1,NA,1,NA,NA,NA,NA,NA,NA,NA,87,NA,15,128,2015,"Fall","November",11
"495",2015-11-18,47,1,NA,NA,NA,NA,NA,NA,NA,NA,NA,17,NA,11,76,2015,"Fall","November",10.8
"496",2015-11-18,16,2,NA,1,NA,NA,NA,NA,NA,NA,NA,66,NA,11,96,2015,"Fall","November",10.8
"497",2015-11-20,31,NA,NA,NA,NA,NA,NA,NA,NA,NA,NA,60,NA,13,104,2015,"Fall","November",10.6
"498",2015-11-21,31,1,NA,NA,NA,NA,NA,NA,NA,NA,NA,47,NA,5,84,2015,"Fall","November",10.6
"499",2015-11-23,21,NA,1,NA,NA,NA,NA,NA,NA,NA,NA,26,NA,2,50,2015,"Fall","November",10.4
"500",2015-11-23,73,1,1,1,NA,NA,NA,NA,NA,NA,NA,117,NA,17,210,2015,"Fall","November",10.4
"501",2015-11-24,34,NA,NA,NA,NA,NA,NA,NA,NA,NA,NA,18,NA,3,55,2015,"Fall","November",10.2
"502",2015-11-25,35,NA,NA,NA,NA,NA,NA,NA,NA,NA,NA,23,NA,1,59,2015,"Fall","November",10
"503",2015-11-25,38,NA,NA,NA,NA,NA,NA,NA,NA,NA,NA,22,NA,6,66,2015,"Fall","November",10
"504",2015-11-27,13,NA,NA,NA,NA,NA,NA,NA,NA,NA,NA,21,NA,1,35,2015,"Fall","November",9.4
"505",2015-11-28,29,NA,NA,NA,NA,NA,NA,NA,NA,NA,NA,16,1,6,52,2015,"Fall","November",9.2
"506",2015-11-30,21,NA,NA,NA,NA,NA,NA,NA,NA,NA,NA,57,NA,7,85,2015,"Fall","November",8.7
"507",2015-12-04,8,NA,NA,NA,NA,NA,NA,NA,NA,NA,NA,57,NA,3,68,2015,"Fall","December",8.8
"508",2015-12-07,13,NA,NA,NA,NA,NA,NA,NA,NA,NA,NA,40,1,4,58,2015,"Fall","December",8.9
"509",2015-12-09,34,NA,NA,NA,NA,NA,NA,NA,NA,NA,NA,24,NA,22,80,2015,"Fall","December",9.1
"510",2015-12-11,63,1,NA,NA,NA,NA,NA,NA,NA,NA,NA,27,NA,22,113,2015,"Fall","December",9
"511",2015-12-14,91,3,NA,NA,NA,NA,NA,NA,NA,NA,NA,20,NA,38,152,2015,"Fall","December",8.7
"512",2015-12-16,50,NA,NA,NA,NA,NA,NA,NA,NA,NA,NA,13,1,12,76,2015,"Fall","December",8.5
"513",2015-12-18,84,8,NA,NA,NA,NA,NA,NA,NA,NA,NA,8,1,6,107,2015,"Fall","December",8.2
"514",2015-12-21,13,NA,NA,NA,NA,NA,NA,NA,NA,NA,NA,10,NA,3,26,2015,"Winter","December",8.2
"515",2015-12-24,25,NA,NA,NA,NA,NA,NA,NA,NA,NA,NA,9,NA,7,41,2015,"Winter","December",8
"516",2015-12-28,21,NA,NA,NA,NA,NA,NA,NA,NA,NA,NA,21,NA,7,49,2015,"Winter","December",7.7
"517",2015-12-30,19,NA,NA,NA,NA,NA,NA,NA,NA,NA,NA,9,NA,5,33,2015,"Winter","December",7.3
"518",2016-01-04,32,NA,1,NA,NA,NA,NA,NA,NA,NA,NA,7,1,19,60,2016,"Winter","January",6.8
"519",2016-01-06,15,NA,NA,NA,NA,NA,NA,NA,NA,NA,NA,4,NA,4,23,2016,"Winter","January",6.7
"520",2016-01-08,22,NA,NA,NA,NA,NA,NA,NA,NA,NA,NA,4,1,12,39,2016,"Winter","January",6.7
"521",2016-01-11,38,NA,NA,NA,NA,NA,NA,NA,NA,NA,NA,12,NA,5,55,2016,"Winter","January",6.7
"522",2016-01-13,22,NA,NA,NA,NA,NA,NA,NA,NA,NA,NA,2,NA,11,35,2016,"Winter","January",6.9
"523",2016-01-15,38,NA,1,NA,NA,NA,NA,NA,NA,NA,NA,3,NA,15,57,2016,"Winter","January",6.7
"524",2016-01-18,35,NA,1,1,NA,NA,NA,NA,NA,NA,NA,5,NA,18,60,2016,"Winter","January",6.9
"525",2016-01-20,20,NA,NA,NA,NA,NA,NA,NA,NA,NA,NA,NA,NA,13,33,2016,"Winter","January",6.9
"526",2016-01-22,88,2,NA,NA,NA,NA,NA,NA,NA,NA,NA,4,NA,47,141,2016,"Winter","January",7.2
"527",2016-01-25,96,1,1,NA,NA,NA,NA,NA,NA,NA,NA,2,NA,46,146,2016,"Winter","January",7.3
"528",2016-01-27,62,NA,1,NA,NA,NA,NA,NA,NA,NA,NA,5,NA,17,85,2016,"Winter","January",7.1
"529",2016-01-29,40,NA,1,NA,NA,NA,NA,NA,NA,NA,NA,3,NA,11,55,2016,"Winter","January",7.3
"530",2016-02-01,40,NA,1,1,NA,NA,NA,NA,NA,NA,NA,1,NA,29,72,2016,"Winter","February",7.2
"531",2016-02-03,33,NA,NA,NA,NA,NA,NA,NA,NA,NA,NA,1,NA,14,48,2016,"Winter","February",7.1
"532",2016-02-05,30,1,NA,NA,NA,NA,NA,NA,NA,NA,NA,1,NA,12,44,2016,"Winter","February",6.9
"533",2016-02-08,29,NA,NA,NA,NA,NA,NA,NA,NA,NA,NA,NA,NA,12,41,2016,"Winter","February",7.3
"534",2016-02-10,34,1,NA,NA,NA,NA,NA,NA,NA,NA,NA,2,NA,9,46,2016,"Winter","February",7.2
"535",2016-02-12,34,NA,1,NA,NA,NA,NA,NA,NA,NA,NA,2,NA,8,45,2016,"Winter","February",7.1
"536",2016-02-15,33,1,NA,NA,NA,NA,NA,NA,NA,NA,NA,1,NA,13,48,2016,"Winter","February",7.5
"537",2016-02-17,68,NA,3,NA,NA,NA,NA,NA,NA,NA,NA,1,NA,34,106,2016,"Winter","February",8.2
"538",2016-02-19,39,NA,NA,NA,NA,NA,NA,NA,NA,NA,NA,1,NA,27,67,2016,"Winter","February",8.1
"539",2016-02-22,55,2,NA,NA,NA,NA,NA,NA,NA,NA,NA,NA,NA,33,90,2016,"Winter","February",7.7
"540",2016-02-24,14,1,NA,NA,NA,NA,NA,NA,NA,NA,NA,NA,NA,11,26,2016,"Winter","February",7.6
"541",2016-02-26,12,1,NA,NA,NA,NA,NA,NA,NA,NA,NA,NA,NA,16,29,2016,"Winter","February",7.3
"542",2016-02-29,13,NA,NA,NA,NA,NA,NA,NA,NA,NA,NA,NA,NA,16,29,2016,"Winter","February",7.3
"543",2016-03-02,5,NA,NA,NA,NA,NA,NA,NA,NA,NA,NA,NA,NA,13,18,2016,"Winter","March",7.6
"544",2016-03-04,23,1,1,NA,NA,NA,NA,NA,NA,NA,NA,NA,NA,17,42,2016,"Winter","March",8
"545",2016-03-07,8,1,NA,NA,NA,NA,NA,NA,NA,NA,NA,NA,NA,10,19,2016,"Winter","March",8.1
"546",2016-03-09,5,NA,NA,NA,NA,NA,NA,NA,NA,NA,NA,NA,NA,7,12,2016,"Winter","March",8.1
"547",2016-03-11,40,4,1,NA,NA,NA,NA,NA,NA,NA,NA,NA,NA,16,61,2016,"Winter","March",8
"548",2016-03-14,6,4,NA,NA,NA,NA,NA,NA,NA,NA,NA,NA,NA,9,19,2016,"Winter","March",7.8
"549",2016-03-16,4,1,NA,NA,NA,NA,NA,NA,NA,NA,NA,NA,NA,10,15,2016,"Winter","March",8
"550",2016-03-18,6,1,NA,NA,NA,NA,NA,NA,NA,NA,NA,NA,NA,9,16,2016,"Winter","March",7.8
"551",2016-03-21,9,NA,NA,NA,NA,NA,NA,NA,NA,NA,NA,1,NA,2,12,2016,"Spring","March",7.9
"552",2016-03-23,4,1,NA,NA,NA,NA,NA,NA,NA,NA,NA,NA,NA,10,15,2016,"Spring","March",8
"553",2016-03-25,7,1,NA,NA,NA,NA,NA,NA,NA,NA,NA,NA,NA,9,17,2016,"Spring","March",8.6
"554",2016-03-28,8,1,NA,NA,NA,NA,NA,NA,NA,NA,NA,NA,NA,34,43,2016,"Spring","March",8.4
"555",2016-03-30,1,NA,NA,NA,NA,NA,NA,NA,NA,NA,NA,NA,NA,4,5,2016,"Spring","March",8.9
"556",2016-04-04,2,NA,NA,NA,NA,NA,NA,NA,NA,NA,NA,NA,NA,2,4,2016,"Spring","April",9.7
"557",2016-04-06,1,1,NA,NA,NA,NA,NA,NA,NA,NA,NA,NA,NA,6,8,2016,"Spring","April",10.4
"558",2016-04-08,3,NA,NA,NA,NA,NA,NA,NA,NA,NA,NA,NA,NA,6,9,2016,"Spring","April",10.6
"559",2016-04-11,NA,2,NA,NA,NA,NA,NA,NA,NA,NA,NA,NA,NA,8,10,2016,"Spring","April",11.1
"560",2016-04-13,1,2,NA,NA,NA,NA,NA,NA,NA,NA,NA,NA,NA,3,6,2016,"Spring","April",11.3
"561",2016-04-15,NA,NA,NA,NA,NA,NA,NA,NA,NA,NA,NA,NA,NA,5,5,2016,"Spring","April",11.9
"562",2016-04-18,1,1,NA,NA,NA,NA,NA,NA,NA,NA,NA,NA,NA,2,4,2016,"Spring","April",11.5
"563",2016-04-20,NA,2,NA,NA,NA,NA,NA,NA,NA,NA,NA,NA,NA,8,10,2016,"Spring","April",11.5
"564",2016-04-25,1,NA,NA,NA,NA,NA,NA,NA,NA,NA,NA,NA,NA,3,4,2016,"Spring","April",12.1
"565",2016-05-02,NA,1,NA,NA,NA,NA,NA,NA,NA,NA,NA,NA,NA,1,2,2016,"Spring","May",12.3
"566",2016-05-04,1,1,NA,NA,NA,NA,NA,NA,NA,NA,NA,NA,NA,1,3,2016,"Spring","May",12.1
"567",2016-05-06,NA,NA,NA,NA,NA,1,NA,NA,NA,NA,NA,NA,NA,NA,1,2016,"Spring","May",12.6
"568",2016-05-09,1,1,NA,NA,NA,NA,NA,NA,NA,NA,NA,NA,NA,12,14,2016,"Spring","May",12.3
"569",2016-05-13,NA,NA,NA,NA,1,NA,2,NA,NA,NA,NA,NA,NA,5,8,2016,"Spring","May",13.6
"570",2016-05-16,NA,NA,NA,NA,6,NA,NA,NA,NA,NA,NA,NA,NA,2,8,2016,"Spring","May",13
"571",2016-05-18,NA,NA,NA,NA,2,NA,NA,NA,NA,NA,NA,NA,NA,6,8,2016,"Spring","May",12.7
"572",2016-05-20,NA,NA,NA,NA,2,1,NA,NA,NA,NA,NA,NA,1,8,12,2016,"Spring","May",12.7
"573",2016-05-23,NA,NA,NA,NA,7,1,1,NA,NA,NA,NA,NA,NA,7,16,2016,"Spring","May",13
"574",2016-05-25,NA,NA,NA,NA,10,NA,NA,NA,NA,NA,NA,NA,NA,9,19,2016,"Spring","May",13.4
"575",2016-05-27,NA,NA,NA,NA,19,2,5,NA,NA,NA,NA,NA,NA,5,31,2016,"Spring","May",13.1
"576",2016-05-31,NA,NA,NA,NA,26,NA,4,NA,NA,NA,NA,NA,NA,18,48,2016,"Spring","May",13.1
"577",2016-06-01,NA,NA,NA,NA,16,1,NA,NA,NA,NA,NA,NA,NA,9,26,2016,"Spring","June",13.2
"578",2016-06-03,NA,NA,NA,NA,9,NA,1,NA,NA,NA,NA,NA,NA,13,23,2016,"Spring","June",13.6
"579",2016-06-06,NA,NA,NA,NA,20,1,2,2,NA,NA,NA,NA,NA,34,59,2016,"Spring","June",14
"580",2016-06-08,NA,NA,NA,NA,49,1,5,1,NA,NA,NA,NA,NA,14,70,2016,"Spring","June",13.9
"581",2016-06-10,NA,NA,NA,NA,28,3,2,NA,NA,NA,NA,NA,NA,NA,33,2016,"Spring","June",14.4
"582",2016-06-13,NA,NA,NA,NA,47,1,2,NA,NA,NA,NA,NA,NA,32,82,2016,"Spring","June",14.1
"583",2016-06-15,NA,NA,NA,NA,23,4,3,NA,NA,NA,NA,NA,NA,39,69,2016,"Spring","June",13.6
"584",2016-06-17,NA,NA,NA,NA,26,NA,1,NA,NA,NA,NA,NA,NA,16,43,2016,"Spring","June",13.2
"585",2016-06-20,NA,NA,NA,NA,38,NA,3,1,NA,NA,NA,NA,NA,10,52,2016,"Spring","June",12.3
"586",2016-06-22,NA,NA,NA,NA,8,NA,NA,NA,NA,NA,NA,NA,NA,8,16,2016,"Summer","June",12.2
"587",2016-06-24,NA,NA,NA,NA,19,2,2,1,NA,NA,NA,NA,NA,1,25,2016,"Summer","June",12.5
"588",2016-06-27,NA,NA,NA,NA,18,2,2,NA,NA,NA,NA,NA,NA,12,34,2016,"Summer","June",13.1
"589",2016-06-29,NA,NA,NA,NA,8,NA,1,NA,NA,NA,NA,NA,NA,5,14,2016,"Summer","June",13.2
"590",2016-06-30,NA,NA,NA,NA,3,NA,NA,NA,NA,NA,NA,NA,NA,7,10,2016,"Summer","June",13.3
"591",2016-07-05,NA,NA,NA,NA,82,2,6,1,NA,NA,NA,NA,NA,55,146,2016,"Summer","July",13.9
"592",2016-07-06,NA,NA,NA,NA,9,NA,NA,NA,1,NA,NA,NA,NA,2,12,2016,"Summer","July",13.7
"593",2016-07-08,NA,NA,NA,NA,31,5,1,1,NA,NA,NA,NA,NA,2,40,2016,"Summer","July",13.8
"594",2016-07-11,NA,NA,NA,NA,41,4,1,NA,3,NA,NA,NA,2,9,60,2016,"Summer","July",13.4
"595",2016-07-13,NA,NA,NA,NA,2,NA,NA,1,3,NA,NA,NA,NA,5,11,2016,"Summer","July",12.8
"596",2016-07-15,NA,NA,NA,NA,11,NA,NA,NA,5,NA,NA,NA,1,2,19,2016,"Summer","July",12.4
"597",2016-07-18,NA,NA,NA,NA,23,3,NA,NA,4,NA,NA,NA,NA,NA,30,2016,"Summer","July",12.3
"598",2016-07-20,NA,NA,NA,NA,17,2,NA,1,10,NA,NA,NA,NA,2,32,2016,"Summer","July",12.5
"599",2016-07-22,NA,NA,NA,NA,2,1,NA,NA,6,NA,NA,NA,NA,NA,9,2016,"Summer","July",13
"600",2016-07-25,NA,NA,NA,NA,4,2,NA,NA,55,NA,NA,NA,NA,NA,61,2016,"Summer","July",13.3
"601",2016-07-27,NA,NA,NA,NA,18,5,NA,NA,32,NA,1,NA,NA,2,58,2016,"Summer","July",13.4
"602",2016-07-29,NA,NA,NA,NA,15,5,NA,NA,56,NA,NA,NA,NA,2,78,2016,"Summer","July",13.3
"603",2016-08-01,NA,NA,NA,NA,3,NA,1,NA,24,NA,1,NA,NA,NA,29,2016,"Summer","August",13.6
"604",2016-08-03,NA,NA,NA,NA,2,NA,NA,NA,29,NA,NA,NA,NA,3,34,2016,"Summer","August",13.7
"605",2016-08-05,NA,NA,NA,NA,1,NA,NA,NA,4,NA,NA,NA,NA,NA,5,2016,"Summer","August",13.6
"606",2016-08-08,NA,NA,NA,NA,29,3,NA,NA,70,NA,2,1,NA,1,106,2016,"Summer","August",12.9
"607",2016-08-10,NA,NA,NA,NA,2,NA,NA,NA,12,NA,NA,NA,NA,3,17,2016,"Summer","August",12.8
"608",2016-08-12,NA,NA,NA,NA,13,NA,NA,NA,33,NA,1,NA,NA,1,48,2016,"Summer","August",13.2
"609",2016-08-15,NA,NA,NA,NA,5,NA,NA,NA,13,NA,NA,NA,NA,NA,18,2016,"Summer","August",13.4
"610",2016-08-17,NA,NA,NA,NA,6,3,NA,NA,18,NA,NA,NA,NA,2,29,2016,"Summer","August",13.4
"611",2016-08-19,NA,NA,NA,NA,11,2,NA,NA,9,NA,NA,NA,NA,NA,22,2016,"Summer","August",13.6
"612",2016-08-22,NA,NA,NA,NA,2,NA,NA,NA,15,NA,NA,NA,1,1,19,2016,"Summer","August",13.7
"613",2016-08-24,NA,NA,NA,NA,NA,NA,NA,NA,12,NA,NA,NA,NA,NA,12,2016,"Summer","August",13.8
"614",2016-08-26,NA,NA,NA,NA,NA,NA,NA,NA,18,NA,NA,NA,NA,1,19,2016,"Summer","August",13.2
"615",2016-08-29,NA,NA,NA,NA,1,NA,NA,NA,5,NA,NA,NA,NA,NA,6,2016,"Summer","August",13.1
"616",2016-08-31,NA,NA,NA,NA,4,NA,NA,NA,3,NA,NA,NA,NA,NA,7,2016,"Summer","August",13.2
"617",2016-09-02,NA,NA,NA,NA,1,1,NA,NA,4,NA,NA,NA,NA,NA,6,2016,"Summer","September",13.1
"618",2016-09-07,NA,NA,NA,NA,NA,1,NA,NA,11,NA,NA,NA,NA,2,14,2016,"Summer","September",13
"619",2016-09-09,1,NA,NA,NA,1,NA,NA,NA,8,NA,NA,1,NA,1,12,2016,"Summer","September",12.9
"620",2016-09-12,2,NA,NA,NA,NA,NA,NA,NA,7,NA,1,NA,NA,NA,10,2016,"Summer","September",12.9
"621",2016-09-14,1,NA,NA,NA,NA,NA,NA,NA,6,NA,NA,NA,NA,1,8,2016,"Summer","September",13
"622",2016-09-16,NA,NA,NA,NA,NA,NA,NA,NA,2,NA,NA,NA,NA,NA,2,2016,"Summer","September",13
"623",2016-09-19,2,NA,NA,NA,NA,NA,NA,NA,2,NA,NA,NA,NA,4,8,2016,"Summer","September",13
"624",2016-09-21,2,NA,NA,NA,NA,NA,NA,NA,2,NA,1,NA,NA,6,11,2016,"Summer","September",12.9
"625",2016-09-23,4,NA,NA,1,NA,NA,NA,NA,5,NA,NA,NA,NA,4,14,2016,"Fall","September",12.8
"626",2016-09-27,10,NA,NA,NA,NA,NA,NA,NA,1,NA,NA,NA,NA,1,12,2016,"Fall","September",13
"627",2016-09-28,3,NA,NA,NA,NA,NA,NA,NA,NA,NA,NA,NA,NA,NA,NA,2016,"Fall","September",13
"628",2016-09-30,9,NA,NA,NA,NA,NA,NA,NA,13,NA,NA,1,NA,2,25,2016,"Fall","September",12.9
"629",2016-12-01,27,NA,NA,NA,NA,NA,NA,NA,NA,NA,NA,16,1,6,50,2016,"Fall","December",9.6
"630",2016-12-02,13,NA,NA,NA,NA,NA,NA,NA,NA,NA,NA,5,NA,3,21,2016,"Fall","December",9.5
"631",2016-12-05,26,NA,NA,NA,NA,NA,NA,NA,NA,NA,NA,20,NA,6,52,2016,"Fall","December",9.1
"632",2016-12-07,8,NA,NA,NA,NA,NA,NA,NA,NA,NA,NA,5,1,3,17,2016,"Fall","December",8.8
"633",2016-12-12,10,NA,NA,NA,NA,NA,NA,NA,NA,NA,NA,22,NA,7,39,2016,"Fall","December",8
"634",2016-12-14,11,NA,NA,NA,NA,NA,NA,NA,NA,NA,NA,7,NA,5,23,2016,"Fall","December",7.6
"635",2016-12-16,5,NA,NA,NA,NA,NA,NA,NA,NA,NA,NA,2,NA,1,8,2016,"Fall","December",7.5
"636",2016-12-19,23,NA,NA,NA,NA,NA,NA,NA,NA,NA,NA,10,NA,3,36,2016,"Fall","December",7
"637",2016-12-21,12,NA,NA,NA,NA,NA,NA,NA,NA,NA,NA,9,NA,1,22,2016,"Winter","December",6.9
"638",2016-12-23,12,NA,NA,NA,NA,NA,NA,NA,NA,NA,NA,4,NA,NA,16,2016,"Winter","December",7.2
"639",2016-12-28,41,NA,NA,NA,NA,NA,NA,NA,NA,NA,NA,26,NA,12,79,2016,"Winter","December",7
"640",2016-12-30,19,NA,NA,NA,NA,NA,NA,NA,NA,NA,NA,5,NA,7,31,2016,"Winter","December",7
"641",2017-01-05,43,NA,NA,NA,NA,NA,NA,NA,NA,NA,NA,4,NA,9,56,2017,"Winter","January",6
"642",2017-01-11,10,NA,NA,NA,NA,NA,NA,NA,NA,NA,NA,7,NA,7,24,2017,"Winter","January",5.4
"643",2017-01-13,27,NA,NA,NA,NA,NA,NA,NA,NA,NA,NA,3,NA,4,34,2017,"Winter","January",5.5
"644",2017-01-16,17,NA,NA,NA,NA,NA,NA,NA,NA,NA,NA,1,NA,2,20,2017,"Winter","January",5
"645",2017-01-18,37,1,NA,NA,NA,NA,NA,NA,NA,NA,NA,NA,NA,2,40,2017,"Winter","January",5.1
"646",2017-01-20,15,NA,NA,NA,NA,NA,NA,NA,NA,NA,NA,NA,NA,1,16,2017,"Winter","January",5.3
"647",2017-01-23,83,NA,NA,NA,NA,NA,NA,NA,NA,NA,NA,NA,NA,9,92,2017,"Winter","January",5.5
"648",2017-01-25,41,NA,NA,NA,NA,NA,NA,NA,NA,NA,NA,NA,NA,12,53,2017,"Winter","January",5.6
"649",2017-01-27,56,1,NA,1,NA,NA,NA,NA,NA,NA,NA,1,NA,12,71,2017,"Winter","January",5.8
"650",2017-01-30,110,1,NA,NA,NA,NA,NA,NA,NA,NA,NA,NA,NA,17,128,2017,"Winter","January",5.8
"651",2017-02-01,14,NA,NA,NA,NA,NA,NA,NA,NA,NA,NA,NA,NA,5,19,2017,"Winter","February",5.4
"652",2017-02-03,37,NA,NA,NA,NA,NA,NA,NA,NA,NA,NA,1,NA,7,45,2017,"Winter","February",5.6
"653",2017-02-06,29,NA,NA,NA,NA,NA,NA,NA,NA,NA,NA,NA,NA,5,34,2017,"Winter","February",5.4
"654",2017-02-08,20,NA,NA,NA,NA,NA,NA,NA,NA,NA,NA,NA,NA,5,25,2017,"Winter","February",5.6
"655",2017-02-10,106,3,NA,1,NA,NA,NA,NA,NA,NA,NA,3,NA,14,127,2017,"Winter","February",5.9
"656",2017-02-13,104,1,1,1,NA,NA,NA,NA,NA,NA,NA,NA,NA,36,143,2017,"Winter","February",5.7
"657",2017-02-15,12,NA,NA,NA,NA,NA,NA,NA,NA,NA,NA,NA,NA,14,26,2017,"Winter","February",6
"658",2017-02-17,29,1,NA,NA,NA,NA,NA,NA,NA,NA,NA,NA,NA,13,43,2017,"Winter","February",5.9
"659",2017-02-20,44,NA,NA,NA,NA,NA,NA,NA,NA,NA,NA,NA,NA,65,109,2017,"Winter","February",6.6
"660",2017-02-22,17,NA,NA,NA,NA,NA,NA,NA,NA,NA,NA,NA,NA,29,46,2017,"Winter","February",6.5
"661",2017-02-24,30,NA,NA,NA,NA,NA,NA,NA,NA,NA,NA,NA,NA,46,76,2017,"Winter","February",6.5
"662",2017-02-27,20,NA,2,NA,NA,NA,NA,NA,NA,NA,NA,1,NA,17,40,2017,"Winter","February",6
"663",2017-03-01,10,NA,NA,NA,NA,NA,NA,NA,NA,NA,NA,NA,NA,4,14,2017,"Winter","March",6.2
"664",2017-03-03,15,NA,1,NA,NA,NA,NA,NA,NA,NA,NA,NA,NA,9,25,2017,"Winter","March",6.3
"665",2017-03-05,20,NA,NA,NA,NA,NA,NA,NA,NA,NA,NA,NA,NA,4,24,2017,"Winter","March",6.3
"666",2017-03-07,7,NA,NA,NA,NA,NA,NA,NA,NA,NA,NA,NA,NA,5,12,2017,"Winter","March",6.2
"667",2017-03-10,3,NA,NA,NA,NA,NA,NA,NA,NA,NA,NA,NA,NA,NA,3,2017,"Winter","March",7.1
"668",2017-03-13,26,2,NA,1,NA,NA,NA,NA,NA,NA,NA,NA,NA,15,44,2017,"Winter","March",7.3
"669",2017-03-15,32,1,NA,NA,NA,NA,NA,NA,NA,NA,NA,NA,NA,16,49,2017,"Winter","March",7.5
"670",2017-03-17,35,1,1,NA,NA,NA,NA,NA,NA,NA,NA,NA,NA,23,60,2017,"Winter","March",7.6
"671",2017-03-20,21,2,NA,NA,NA,NA,NA,NA,NA,NA,NA,NA,NA,14,37,2017,"Spring","March",7.6
"672",2017-03-22,2,NA,NA,NA,NA,NA,NA,NA,NA,NA,NA,NA,NA,25,27,2017,"Spring","March",7.1
"673",2017-03-24,5,3,NA,NA,NA,NA,NA,NA,NA,NA,NA,NA,NA,17,25,2017,"Spring","March",7.5
"674",2017-03-27,6,2,NA,NA,NA,NA,NA,NA,NA,NA,NA,NA,NA,22,30,2017,"Spring","March",7.8
"675",2017-03-28,5,5,NA,NA,NA,NA,NA,NA,NA,NA,NA,NA,NA,9,19,2017,"Spring","March",7.7
"676",2017-03-31,3,NA,NA,NA,NA,NA,NA,NA,NA,NA,NA,NA,NA,10,13,2017,"Spring","March",8.1
"677",2017-04-03,1,1,NA,NA,NA,NA,NA,NA,NA,NA,NA,NA,NA,19,21,2017,"Spring","April",8.1
"678",2017-04-05,1,NA,NA,NA,NA,NA,NA,NA,NA,NA,NA,NA,NA,3,4,2017,"Spring","April",8.6
"679",2017-04-07,1,NA,NA,NA,NA,NA,NA,NA,NA,NA,NA,NA,NA,5,6,2017,"Spring","April",9
"680",2017-04-10,NA,NA,NA,NA,NA,NA,NA,NA,NA,NA,NA,NA,NA,11,11,2017,"Spring","April",9.3
"681",2017-04-14,NA,2,NA,NA,NA,NA,NA,NA,NA,NA,NA,NA,NA,6,8,2017,"Spring","April",9.2
"682",2017-04-17,NA,NA,NA,NA,NA,NA,NA,NA,NA,NA,NA,NA,NA,3,3,2017,"Spring","April",9.4
"683",2017-04-21,1,1,NA,NA,NA,NA,NA,NA,NA,NA,NA,NA,NA,10,12,2017,"Spring","April",10.1
"684",2017-04-24,NA,NA,NA,NA,NA,NA,NA,NA,NA,NA,NA,NA,NA,11,11,2017,"Spring","April",10.1
"685",2017-04-28,NA,NA,NA,NA,NA,NA,NA,NA,NA,NA,NA,NA,NA,5,5,2017,"Spring","April",10.4
"686",2017-05-01,NA,NA,NA,NA,NA,NA,NA,NA,NA,NA,NA,NA,NA,2,2,2017,"Spring","May",10.4
"687",2017-05-05,NA,NA,NA,NA,NA,NA,NA,NA,NA,NA,NA,NA,NA,5,5,2017,"Spring","May",11.2
"688",2017-05-15,NA,NA,NA,NA,NA,NA,NA,NA,NA,NA,NA,NA,NA,5,5,2017,"Spring","May",12.4
"689",2017-05-17,NA,NA,NA,NA,2,NA,NA,NA,NA,NA,NA,NA,NA,4,6,2017,"Spring","May",12.5
"690",2017-05-19,NA,NA,NA,NA,19,1,NA,NA,NA,NA,NA,NA,NA,5,25,2017,"Spring","May",12.7
"691",2017-05-22,NA,NA,NA,NA,27,1,NA,1,NA,NA,NA,NA,NA,1,30,2017,"Spring","May",12.5
"692",2017-05-25,NA,NA,NA,NA,65,NA,NA,1,NA,NA,NA,NA,NA,1,67,2017,"Spring","May",12.8
"693",2017-05-26,NA,NA,NA,NA,5,NA,NA,NA,NA,NA,NA,NA,NA,2,7,2017,"Spring","May",12.8
"694",2017-05-30,NA,NA,NA,NA,99,1,NA,NA,NA,NA,NA,NA,NA,9,109,2017,"Spring","May",13.7
"695",2017-05-31,NA,NA,NA,NA,97,4,1,1,NA,NA,NA,NA,NA,9,112,2017,"Spring","May",13.6
"696",2017-06-01,NA,NA,NA,NA,107,NA,NA,2,NA,NA,NA,NA,NA,20,129,2017,"Spring","June",13.7
"697",2017-06-02,NA,NA,NA,NA,42,NA,NA,NA,NA,NA,NA,NA,NA,4,46,2017,"Spring","June",13.6
"698",2017-06-06,NA,NA,NA,NA,292,3,5,NA,NA,NA,NA,NA,NA,12,312,2017,"Spring","June",13
"699",2017-06-08,NA,NA,NA,NA,284,4,2,3,NA,NA,NA,NA,NA,6,299,2017,"Spring","June",13.2
"700",2017-06-09,NA,NA,NA,NA,69,NA,NA,NA,NA,NA,NA,NA,NA,13,82,2017,"Spring","June",13.3
"701",2017-06-12,NA,NA,NA,NA,203,2,2,NA,NA,NA,NA,NA,NA,4,211,2017,"Spring","June",12.8
"702",2017-06-13,NA,NA,NA,NA,81,1,NA,NA,NA,NA,NA,NA,NA,8,90,2017,"Spring","June",12.5
"703",2017-06-14,NA,NA,NA,NA,26,NA,NA,NA,NA,NA,NA,NA,1,5,32,2017,"Spring","June",12.6
"704",2017-06-16,NA,NA,NA,NA,87,2,NA,1,NA,NA,NA,NA,NA,17,107,2017,"Spring","June",12.7
"705",2017-06-19,NA,NA,NA,NA,122,2,NA,NA,NA,NA,NA,NA,NA,5,129,2017,"Spring","June",13.2
"706",2017-06-21,NA,NA,NA,NA,77,NA,NA,NA,NA,NA,NA,NA,NA,7,84,2017,"Summer","June",13.2
"707",2017-06-23,NA,NA,NA,NA,56,3,NA,NA,NA,NA,NA,NA,NA,15,74,2017,"Summer","June",13.4
"708",2017-06-26,NA,NA,NA,NA,145,NA,NA,NA,NA,NA,NA,NA,NA,6,151,2017,"Summer","June",13.7
"709",2017-06-27,NA,NA,NA,NA,50,NA,NA,NA,NA,NA,NA,NA,NA,5,55,2017,"Summer","June",14
"710",2017-06-28,NA,NA,NA,NA,38,2,NA,1,NA,NA,NA,NA,NA,6,47,2017,"Summer","June",14.3
"711",2017-06-30,NA,NA,NA,NA,81,NA,NA,NA,NA,NA,NA,NA,NA,3,84,2017,"Summer","June",14.3
"712",2017-07-03,NA,NA,NA,NA,136,2,NA,NA,NA,NA,NA,NA,NA,NA,NA,2017,"Summer","July",14.2
"713",2017-07-05,NA,NA,NA,NA,36,NA,NA,NA,NA,NA,NA,NA,NA,9,45,2017,"Summer","July",14.4
"714",2017-07-07,NA,NA,NA,NA,26,NA,NA,NA,NA,NA,NA,NA,NA,5,31,2017,"Summer","July",14.9
"715",2017-07-10,NA,NA,NA,NA,46,NA,NA,NA,NA,NA,NA,NA,NA,12,58,2017,"Summer","July",14.8
"716",2017-07-12,NA,NA,NA,NA,36,3,NA,NA,NA,NA,NA,NA,NA,5,44,2017,"Summer","July",14.4
"717",2017-07-14,NA,NA,NA,NA,29,NA,NA,NA,1,NA,NA,NA,NA,5,35,2017,"Summer","July",14.5
"718",2017-07-17,NA,NA,NA,NA,32,NA,NA,NA,2,NA,NA,NA,NA,1,35,2017,"Summer","July",14.4
"719",2017-07-19,NA,NA,NA,NA,15,NA,NA,NA,2,NA,NA,1,NA,3,21,2017,"Summer","July",14.3
"720",2017-07-21,NA,NA,NA,NA,5,NA,NA,NA,NA,NA,NA,NA,NA,5,10,2017,"Summer","July",14.5
"721",2017-07-24,NA,NA,NA,NA,26,1,NA,NA,1,1,NA,NA,NA,5,34,2017,"Summer","July",14.5
"722",2017-07-26,NA,NA,NA,NA,12,1,NA,NA,NA,NA,NA,NA,NA,4,17,2017,"Summer","July",14.3
"723",2017-07-28,NA,NA,NA,NA,5,1,NA,NA,1,NA,NA,NA,NA,2,9,2017,"Summer","July",14.6
"724",2017-07-31,NA,NA,NA,NA,14,1,NA,NA,3,2,NA,2,NA,3,25,2017,"Summer","July",14.4
"725",2017-08-02,NA,NA,NA,NA,10,NA,NA,NA,1,1,NA,NA,NA,NA,12,2017,"Summer","August",14.3
"726",2017-08-04,NA,NA,NA,NA,3,1,NA,NA,2,2,NA,NA,NA,1,9,2017,"Summer","August",14.3
"727",2017-08-07,NA,NA,NA,NA,9,NA,NA,NA,7,1,NA,NA,NA,1,18,2017,"Summer","August",14.8
"728",2017-08-09,NA,NA,NA,NA,7,NA,NA,NA,7,2,NA,NA,NA,1,17,2017,"Summer","August",14.7
"729",2017-08-11,NA,NA,NA,NA,3,NA,NA,NA,2,2,NA,NA,NA,3,10,2017,"Summer","August",14.7
"730",2017-08-14,NA,NA,NA,NA,6,NA,NA,NA,NA,NA,NA,NA,NA,NA,6,2017,"Summer","August",13.6
"731",2017-08-16,NA,NA,NA,NA,1,NA,NA,NA,1,NA,NA,NA,NA,1,3,2017,"Summer","August",12.7
"732",2017-08-18,NA,NA,NA,NA,1,1,NA,NA,NA,NA,NA,NA,NA,1,3,2017,"Summer","August",12.7
"733",2017-08-22,1,NA,NA,NA,7,1,NA,NA,1,NA,NA,NA,NA,NA,10,2017,"Summer","August",12.4
"734",2017-08-23,1,NA,NA,NA,3,NA,NA,NA,NA,NA,NA,NA,NA,NA,4,2017,"Summer","August",12.4
"735",2017-08-25,NA,NA,NA,NA,4,NA,NA,NA,NA,NA,NA,1,NA,NA,5,2017,"Summer","August",12.4
"736",2017-08-28,NA,NA,NA,NA,6,1,NA,NA,3,NA,NA,1,NA,NA,11,2017,"Summer","August",12.4
"737",2017-08-30,NA,NA,NA,NA,2,1,NA,NA,NA,NA,NA,NA,NA,NA,3,2017,"Summer","August",12.4
"738",2017-09-01,NA,NA,NA,1,3,NA,NA,NA,NA,1,NA,NA,NA,NA,5,2017,"Summer","September",12.3
"739",2017-09-06,NA,NA,NA,NA,NA,NA,NA,NA,3,2,NA,NA,NA,NA,5,2017,"Summer","September",12.5
"740",2017-09-08,2,NA,NA,NA,NA,NA,NA,NA,1,NA,NA,NA,NA,NA,3,2017,"Summer","September",12.6
"741",2017-09-11,1,NA,NA,NA,1,NA,NA,NA,1,NA,NA,NA,NA,NA,3,2017,"Summer","September",12.5
"742",2017-09-14,NA,NA,NA,NA,NA,NA,NA,NA,NA,NA,NA,NA,NA,3,3,2017,"Summer","September",12.6
"743",2017-09-15,2,NA,NA,NA,1,1,NA,NA,NA,NA,1,NA,NA,1,6,2017,"Summer","September",12.6
"744",2017-09-18,1,NA,NA,NA,NA,NA,NA,NA,NA,1,NA,NA,NA,1,3,2017,"Summer","September",12.6
"745",2017-09-20,3,NA,NA,NA,NA,NA,NA,NA,NA,NA,NA,NA,NA,NA,3,2017,"Summer","September",12.5
"746",2017-09-22,NA,1,NA,NA,NA,NA,NA,NA,NA,NA,NA,NA,NA,NA,1,2017,"Fall","September",12.5
"747",2017-09-25,10,1,1,NA,NA,NA,NA,NA,NA,NA,NA,NA,NA,1,13,2017,"Fall","September",12.4
"748",2017-09-27,6,NA,NA,NA,NA,NA,NA,NA,NA,NA,NA,NA,NA,2,8,2017,"Fall","September",12.5
"749",2017-09-29,8,NA,NA,NA,NA,NA,NA,NA,NA,NA,NA,NA,NA,NA,8,2017,"Fall","September",12.4
"750",2017-10-02,12,NA,NA,NA,NA,NA,NA,NA,2,NA,NA,NA,NA,6,20,2017,"Fall","October",12.4
"751",2017-10-04,4,NA,NA,NA,NA,NA,NA,NA,NA,NA,NA,NA,NA,2,6,2017,"Fall","October",12.3
"752",2017-10-06,7,NA,NA,NA,NA,NA,NA,NA,NA,NA,NA,NA,NA,1,8,2017,"Fall","October",12.2
"753",2017-10-09,26,NA,NA,NA,NA,NA,NA,NA,NA,NA,NA,1,NA,1,28,2017,"Fall","October",12
"754",2017-10-11,8,1,NA,NA,NA,NA,NA,NA,NA,NA,NA,NA,NA,3,12,2017,"Fall","October",11.9
"755",2017-10-13,12,1,NA,NA,NA,NA,NA,NA,NA,NA,NA,NA,NA,2,15,2017,"Fall","October",11.6
"756",2017-10-16,8,NA,NA,NA,NA,NA,NA,NA,NA,NA,NA,NA,NA,1,9,2017,"Fall","October",11.4
"757",2017-10-18,8,NA,NA,NA,NA,NA,NA,NA,NA,NA,NA,NA,NA,5,13,2017,"Fall","October",11.5
"758",2017-10-20,10,NA,NA,NA,NA,NA,NA,NA,NA,NA,NA,1,NA,5,16,2017,"Fall","October",11.3
"759",2017-10-23,17,NA,NA,NA,NA,NA,NA,NA,NA,NA,NA,NA,NA,6,23,2017,"Fall","October",11.3
"760",2017-10-25,36,NA,NA,1,NA,NA,NA,NA,NA,NA,NA,2,NA,11,50,2017,"Fall","October",11.2
"761",2017-10-27,53,NA,1,NA,NA,NA,NA,NA,NA,NA,NA,1,1,20,76,2017,"Fall","October",11.1
"762",2017-10-31,64,3,1,NA,NA,NA,NA,NA,NA,NA,NA,12,NA,25,NA,2017,"Fall","October",10.9
"763",2017-11-01,13,1,NA,NA,NA,NA,NA,NA,NA,NA,NA,1,NA,7,22,2017,"Fall","November",10.9
"764",2017-11-03,14,NA,NA,NA,NA,NA,NA,NA,NA,NA,NA,5,NA,3,22,2017,"Fall","November",10.7
"765",2017-11-06,23,1,NA,NA,NA,NA,NA,NA,NA,NA,NA,1,NA,10,35,2017,"Fall","November",10.5
"766",2017-11-08,10,NA,2,NA,NA,NA,NA,NA,NA,NA,NA,3,NA,6,21,2017,"Fall","November",10.5
"767",2017-11-09,10,1,NA,NA,NA,NA,NA,NA,NA,NA,NA,NA,NA,5,16,2017,"Fall","November",10.6
"768",2017-11-13,41,1,1,NA,NA,NA,NA,NA,NA,NA,NA,21,NA,26,90,2017,"Fall","November",10.4
"769",2017-11-15,13,NA,NA,NA,NA,NA,NA,NA,NA,NA,NA,11,NA,10,34,2017,"Fall","November",10.2
"770",2017-11-17,8,NA,NA,NA,NA,NA,NA,NA,NA,NA,NA,5,1,4,18,2017,"Fall","November",10
"771",2017-11-20,11,NA,NA,NA,NA,NA,NA,NA,NA,NA,NA,11,NA,12,34,2017,"Fall","November",9.8
"772",2017-11-22,27,NA,NA,NA,NA,NA,NA,NA,NA,NA,NA,13,2,16,58,2017,"Fall","November",9.9
"773",2017-11-27,140,1,1,1,NA,NA,NA,NA,NA,NA,NA,30,1,54,228,2017,"Fall","November",9.7
"774",2017-11-28,48,1,NA,NA,NA,NA,NA,NA,NA,NA,NA,NA,NA,10,59,2017,"Fall","November",9.6
"775",2017-11-29,16,NA,NA,NA,NA,NA,NA,NA,NA,NA,NA,4,NA,10,30,2017,"Fall","November",9.5
"776",2017-12-01,44,NA,1,NA,NA,NA,NA,NA,NA,NA,NA,5,NA,14,64,2017,"Fall","December",9.2
"777",2017-12-04,36,NA,NA,NA,NA,NA,NA,NA,NA,NA,NA,6,NA,6,48,2017,"Fall","December",9
"778",2017-12-06,10,NA,NA,NA,NA,NA,NA,NA,NA,NA,NA,1,NA,4,15,2017,"Fall","December",8.7
"779",2017-12-08,23,NA,NA,NA,NA,NA,NA,NA,NA,NA,NA,6,NA,6,35,2017,"Fall","December",8.5
"780",2017-12-11,27,NA,NA,NA,NA,NA,NA,NA,NA,NA,NA,7,NA,4,38,2017,"Fall","December",8.1
"781",2017-12-13,6,1,NA,NA,NA,NA,NA,NA,NA,NA,NA,1,NA,13,21,2017,"Fall","December",7.8
"782",2017-12-15,6,NA,NA,NA,NA,NA,NA,NA,NA,NA,NA,2,NA,1,9,2017,"Fall","December",7.6
"783",2017-12-18,33,NA,NA,NA,NA,NA,NA,NA,NA,NA,NA,6,3,14,56,2017,"Fall","December",7.7
"784",2017-12-20,11,NA,NA,1,NA,NA,NA,NA,NA,NA,NA,5,NA,9,26,2017,"Fall","December",7.6
"785",2017-12-22,17,NA,NA,NA,NA,NA,NA,NA,NA,NA,NA,5,1,13,36,2017,"Winter","December",7.7
"786",2017-12-27,41,NA,NA,NA,NA,NA,NA,NA,NA,NA,NA,4,2,36,83,2017,"Winter","December",6.9
"787",2017-12-29,20,NA,1,NA,NA,NA,NA,NA,NA,NA,NA,5,NA,4,30,2017,"Winter","December",7
"788",2018-01-03,61,1,NA,NA,NA,NA,NA,NA,NA,NA,NA,2,NA,16,80,2018,"Winter","January",6.8
"789",2018-01-05,27,NA,NA,NA,NA,NA,NA,NA,NA,NA,NA,NA,NA,3,30,2018,"Winter","January",6.7
"790",2018-01-08,56,NA,NA,NA,NA,NA,NA,NA,NA,NA,NA,1,1,19,77,2018,"Winter","January",6.6
"791",2018-01-10,27,1,NA,NA,NA,NA,NA,NA,NA,NA,NA,2,NA,18,48,2018,"Winter","January",6.9
"792",2018-01-12,54,1,NA,NA,NA,NA,NA,NA,NA,NA,NA,2,NA,17,74,2018,"Winter","January",7
"793",2018-01-16,76,1,NA,NA,NA,NA,NA,NA,NA,NA,NA,4,NA,28,109,2018,"Winter","January",7.3
"794",2018-01-19,49,NA,NA,NA,NA,NA,NA,NA,NA,NA,NA,1,NA,10,60,2018,"Winter","January",6.8
"795",2018-01-22,39,NA,NA,NA,NA,NA,NA,NA,NA,NA,NA,3,1,13,56,2018,"Winter","January",7
"796",2018-01-24,11,NA,NA,1,NA,NA,NA,NA,NA,NA,NA,NA,NA,8,20,2018,"Winter","January",7.1
"797",2018-01-26,36,NA,NA,NA,NA,NA,NA,NA,NA,NA,NA,1,NA,18,55,2018,"Winter","January",7
"798",2018-01-29,30,NA,1,NA,NA,NA,NA,NA,NA,NA,NA,NA,NA,16,47,2018,"Winter","January",7
"799",2018-01-31,14,NA,NA,NA,NA,NA,NA,NA,NA,NA,NA,1,NA,6,21,2018,"Winter","January",7
"800",2018-02-02,40,NA,NA,NA,NA,NA,NA,NA,NA,NA,NA,NA,NA,18,58,2018,"Winter","February",7.2
"801",2018-02-05,48,1,NA,1,NA,NA,NA,NA,NA,NA,NA,NA,NA,50,100,2018,"Winter","February",7.3
"802",2018-02-07,21,NA,NA,NA,NA,NA,NA,NA,NA,NA,NA,NA,NA,18,39,2018,"Winter","February",7.4
"803",2018-02-09,40,NA,NA,NA,NA,NA,NA,NA,NA,NA,NA,NA,NA,22,62,2018,"Winter","February",7.4
"804",2018-02-12,49,1,1,NA,NA,NA,NA,NA,NA,NA,NA,NA,NA,51,102,2018,"Winter","February",7.4
"805",2018-02-14,22,NA,NA,NA,NA,NA,NA,NA,NA,NA,NA,NA,NA,15,37,2018,"Winter","February",7.1
"806",2018-02-16,8,NA,NA,NA,NA,NA,NA,NA,NA,NA,NA,NA,NA,8,16,2018,"Winter","February",6.9
"807",2018-02-19,15,1,NA,NA,NA,NA,NA,NA,NA,NA,NA,NA,NA,11,27,2018,"Winter","February",7
"808",2018-02-22,13,NA,NA,NA,NA,NA,NA,NA,NA,NA,NA,NA,NA,8,21,2018,"Winter","February",6.9
"809",2018-02-26,9,NA,NA,NA,NA,NA,NA,NA,NA,NA,NA,NA,NA,8,17,2018,"Winter","February",6.7
"810",2018-02-28,3,NA,NA,NA,NA,NA,NA,NA,NA,NA,NA,NA,NA,3,6,2018,"Winter","February",6.8
"811",2018-03-02,17,NA,NA,NA,NA,NA,NA,NA,NA,NA,NA,NA,NA,9,26,2018,"Winter","March",6.9
"812",2018-03-05,14,NA,NA,NA,NA,NA,NA,NA,NA,NA,NA,NA,NA,13,27,2018,"Winter","March",6.9
"813",2018-03-07,9,NA,NA,NA,NA,NA,NA,NA,NA,NA,NA,NA,NA,8,17,2018,"Winter","March",6.8
"814",2018-03-09,9,NA,NA,NA,NA,NA,NA,NA,NA,NA,NA,NA,NA,8,17,2018,"Winter","March",7.1
"815",2018-03-12,23,2,NA,NA,NA,NA,NA,NA,NA,NA,NA,NA,NA,18,43,2018,"Winter","March",7.2
"816",2018-03-14,8,NA,NA,NA,NA,NA,NA,NA,NA,NA,NA,NA,NA,10,18,2018,"Winter","March",7.3
"817",2018-03-16,3,1,NA,NA,NA,NA,NA,NA,NA,NA,NA,NA,NA,18,22,2018,"Winter","March",7.4
"818",2018-03-19,8,2,NA,NA,NA,NA,NA,NA,NA,NA,NA,NA,NA,10,20,2018,"Winter","March",8.1
"819",2018-03-23,16,NA,NA,NA,NA,NA,NA,NA,NA,NA,NA,NA,NA,27,43,2018,"Spring","March",8.3
"820",2018-03-26,5,NA,NA,NA,NA,NA,NA,NA,NA,NA,NA,NA,NA,8,13,2018,"Spring","March",8.3
"821",2018-03-28,6,1,NA,NA,NA,NA,NA,NA,NA,NA,NA,NA,NA,2,9,2018,"Spring","March",8.6
"822",2018-03-30,6,NA,NA,NA,NA,NA,NA,NA,NA,NA,NA,NA,NA,5,11,2018,"Spring","March",8.6
"823",2018-04-02,6,NA,NA,NA,NA,NA,NA,NA,NA,NA,NA,NA,NA,11,17,2018,"Spring","April",8.7
"824",2018-04-04,1,NA,NA,NA,NA,NA,NA,NA,NA,NA,NA,NA,NA,5,6,2018,"Spring","April",8.6
"825",2018-04-06,3,2,NA,NA,NA,NA,NA,NA,NA,NA,NA,NA,NA,5,10,2018,"Spring","April",8.9
"826",2018-04-09,3,NA,NA,NA,NA,NA,NA,NA,NA,NA,NA,NA,NA,7,10,2018,"Spring","April",9.5
"827",2018-04-11,6,NA,NA,NA,NA,NA,NA,NA,NA,NA,NA,NA,NA,15,21,2018,"Spring","April",9.7
"828",2018-04-13,2,1,NA,NA,NA,NA,NA,NA,NA,NA,NA,NA,NA,3,6,2018,"Spring","April",9.3
"829",2018-04-16,NA,NA,NA,NA,NA,NA,NA,NA,NA,NA,NA,NA,NA,4,4,2018,"Spring","April",9.6
"830",2018-04-18,NA,NA,NA,NA,NA,NA,NA,NA,NA,NA,NA,NA,NA,1,1,2018,"Spring","April",9.7
"831",2018-04-23,1,1,NA,NA,NA,NA,NA,NA,NA,NA,NA,NA,NA,3,5,2018,"Spring","April",10
"832",2018-04-27,NA,NA,NA,NA,NA,NA,NA,NA,NA,NA,NA,NA,NA,1,1,2018,"Spring","April",10.1
"833",2018-05-08,NA,NA,NA,NA,NA,NA,NA,NA,NA,NA,NA,NA,NA,4,4,2018,"Spring","May",11.6
"834",2018-05-09,NA,1,NA,NA,NA,NA,NA,NA,NA,NA,NA,NA,NA,4,5,2018,"Spring","May",11.8
"835",2018-05-11,NA,NA,NA,NA,NA,NA,NA,NA,NA,NA,NA,NA,NA,5,5,2018,"Spring","May",12.1
"836",2018-05-14,NA,NA,NA,NA,13,NA,NA,NA,NA,NA,NA,NA,NA,3,16,2018,"Spring","May",12.2
"837",2018-05-16,NA,NA,NA,NA,11,NA,NA,NA,NA,NA,NA,NA,1,3,15,2018,"Spring","May",12.4
"838",2018-05-18,NA,NA,NA,NA,26,NA,NA,NA,NA,NA,NA,NA,1,3,30,2018,"Spring","May",13.1
"839",2018-05-21,NA,NA,NA,NA,90,1,NA,NA,NA,NA,NA,NA,NA,4,95,2018,"Spring","May",13.1
"840",2018-05-23,NA,NA,NA,NA,69,2,NA,NA,NA,NA,NA,NA,NA,3,74,2018,"Spring","May",12.9
"841",2018-05-25,NA,NA,NA,NA,59,3,NA,2,NA,NA,NA,NA,NA,4,68,2018,"Spring","May",13
"842",2018-05-28,NA,NA,NA,NA,36,1,NA,NA,NA,NA,NA,NA,NA,6,43,2018,"Spring","May",13
"843",2018-05-29,NA,NA,NA,NA,41,2,NA,NA,NA,NA,NA,NA,1,5,49,2018,"Spring","May",12.9
"844",2018-05-30,NA,NA,NA,NA,37,2,NA,NA,NA,NA,NA,NA,NA,4,43,2018,"Spring","May",13.2
"845",2018-06-01,NA,NA,NA,NA,47,NA,NA,NA,NA,NA,NA,NA,NA,2,49,2018,"Spring","June",12.8
"846",2018-06-04,NA,NA,NA,NA,68,3,NA,NA,NA,NA,NA,NA,1,3,75,2018,"Spring","June",12.5
"847",2018-06-06,NA,NA,NA,NA,18,NA,NA,NA,NA,NA,NA,NA,NA,3,21,2018,"Spring","June",13
"848",2018-06-08,NA,NA,NA,NA,69,1,NA,NA,NA,NA,NA,NA,1,4,75,2018,"Spring","June",13
"849",2018-06-11,NA,NA,NA,NA,38,2,NA,1,NA,NA,NA,NA,1,8,50,2018,"Spring","June",13.3
"850",2018-06-12,NA,NA,NA,NA,9,NA,NA,NA,NA,NA,NA,NA,NA,3,12,2018,"Spring","June",13.4
"851",2018-06-15,NA,NA,NA,NA,59,1,NA,1,NA,NA,NA,NA,1,5,67,2018,"Spring","June",13.1
"852",2018-06-18,NA,NA,NA,NA,39,3,1,NA,NA,NA,NA,NA,1,32,76,2018,"Spring","June",13
"853",2018-06-21,NA,NA,NA,NA,36,2,NA,NA,NA,NA,NA,NA,NA,7,45,2018,"Summer","June",13.3
"854",2018-06-22,NA,NA,NA,NA,16,NA,NA,NA,NA,NA,NA,NA,NA,1,17,2018,"Summer","June",13.3
"855",2018-06-25,NA,NA,NA,NA,21,1,NA,NA,NA,NA,NA,NA,2,3,27,2018,"Summer","June",13.4
"856",2018-06-27,NA,NA,NA,NA,24,2,NA,NA,NA,NA,NA,NA,NA,NA,26,2018,"Summer","June",13.8
"857",2018-06-29,NA,NA,NA,NA,18,1,NA,NA,NA,NA,NA,NA,NA,1,20,2018,"Summer","June",13.7
"858",2018-07-02,NA,NA,NA,NA,21,NA,NA,NA,NA,NA,NA,NA,1,18,40,2018,"Summer","July",13.8
"859",2018-07-05,NA,NA,NA,NA,14,2,NA,NA,NA,NA,NA,NA,1,27,44,2018,"Summer","July",13.6
"860",2018-07-06,NA,NA,NA,NA,4,1,NA,NA,NA,NA,NA,NA,NA,13,18,2018,"Summer","July",13.7
"861",2018-07-09,NA,NA,NA,NA,12,2,NA,NA,NA,NA,NA,NA,2,9,25,2018,"Summer","July",14
"862",2018-07-11,NA,NA,NA,NA,12,1,NA,NA,NA,NA,NA,NA,NA,8,21,2018,"Summer","July",14.2
"863",2018-07-13,NA,NA,NA,NA,6,NA,NA,NA,NA,1,NA,NA,1,5,13,2018,"Summer","July",14.1
"864",2018-07-16,NA,NA,NA,NA,9,NA,NA,NA,NA,1,NA,NA,3,11,24,2018,"Summer","July",14.6
"865",2018-07-18,NA,NA,NA,NA,4,1,NA,NA,NA,1,NA,NA,NA,15,21,2018,"Summer","July",14.7
"866",2018-07-20,NA,NA,NA,NA,6,NA,NA,NA,NA,1,NA,NA,2,2,11,2018,"Summer","July",14.7
"867",2018-07-23,1,NA,NA,NA,3,NA,NA,NA,NA,3,NA,NA,1,5,13,2018,"Summer","July",14.4
"868",2018-07-25,NA,NA,NA,NA,3,NA,NA,NA,NA,1,NA,NA,4,2,10,2018,"Summer","July",14.2
"869",2018-07-27,NA,NA,NA,NA,3,NA,NA,NA,NA,3,NA,NA,1,2,9,2018,"Summer","July",14.1
"870",2018-07-30,NA,NA,NA,NA,5,1,NA,NA,NA,4,NA,NA,NA,1,NA,2018,"Summer","July",14.2
"871",2018-08-01,NA,NA,NA,NA,NA,NA,NA,NA,NA,4,NA,NA,1,2,7,2018,"Summer","August",14
"872",2018-08-03,NA,NA,NA,NA,3,NA,NA,NA,NA,2,NA,NA,NA,NA,5,2018,"Summer","August",14
"873",2018-08-06,NA,NA,NA,NA,3,NA,NA,NA,NA,NA,NA,1,2,5,11,2018,"Summer","August",14
"874",2018-08-08,NA,NA,NA,NA,2,NA,NA,NA,NA,2,NA,NA,NA,NA,4,2018,"Summer","August",13.5
"875",2018-08-13,NA,NA,NA,NA,2,NA,NA,NA,NA,2,NA,NA,NA,3,7,2018,"Summer","August",14
"876",2018-08-16,NA,NA,NA,NA,2,NA,NA,NA,NA,2,NA,NA,NA,2,6,2018,"Summer","August",14
"877",2018-08-20,NA,NA,NA,NA,1,NA,NA,NA,3,3,NA,NA,1,NA,8,2018,"Summer","August",13.8
"878",2018-08-22,NA,NA,NA,NA,NA,NA,NA,NA,1,3,NA,NA,1,2,7,2018,"Summer","August",13.2
"879",2018-08-24,NA,NA,NA,NA,2,NA,NA,NA,1,1,NA,NA,1,NA,5,2018,"Summer","August",12.9
"880",2018-08-27,NA,1,NA,NA,1,NA,NA,NA,1,1,NA,NA,NA,NA,4,2018,"Summer","August",12.8
"881",2018-08-29,NA,NA,NA,NA,1,NA,NA,NA,NA,1,NA,NA,NA,3,5,2018,"Summer","August",12.8
"882",2018-08-31,NA,NA,NA,NA,NA,NA,NA,NA,1,NA,NA,NA,NA,NA,1,2018,"Summer","August",12.8
"883",2018-09-05,2,NA,NA,NA,NA,NA,NA,NA,1,2,NA,NA,NA,1,6,2018,"Summer","September",12.7
"884",2018-09-07,NA,NA,NA,NA,NA,NA,NA,NA,NA,1,NA,NA,NA,1,2,2018,"Summer","September",12.7
"885",2018-09-10,3,NA,NA,NA,NA,NA,NA,NA,1,NA,NA,NA,NA,2,6,2018,"Summer","September",12.5
"886",2018-09-17,1,NA,NA,1,NA,NA,NA,NA,NA,NA,NA,NA,1,NA,3,2018,"Summer","September",12.4
"887",2018-09-19,1,NA,NA,NA,NA,NA,NA,NA,NA,NA,NA,NA,NA,1,2,2018,"Summer","September",12.5
"888",2018-09-21,6,NA,NA,NA,NA,NA,NA,NA,NA,NA,NA,NA,NA,NA,6,2018,"Summer","September",12.6
"889",2018-09-24,6,NA,NA,NA,NA,NA,NA,NA,NA,NA,NA,NA,NA,2,8,2018,"Fall","September",12.5
"890",2018-09-26,7,1,1,NA,NA,NA,NA,NA,NA,NA,NA,NA,NA,2,11,2018,"Fall","September",12.5
"891",2018-09-28,2,NA,NA,NA,NA,NA,NA,NA,NA,NA,NA,NA,NA,1,3,2018,"Fall","September",12.6
"892",2018-10-01,3,NA,NA,NA,NA,NA,NA,NA,NA,NA,NA,NA,NA,NA,3,2018,"Fall","October",12.5
"893",2018-10-04,4,1,NA,NA,NA,NA,NA,NA,1,NA,NA,2,NA,3,11,2018,"Fall","October",12.4
"894",2018-10-08,9,NA,NA,NA,NA,NA,NA,NA,NA,NA,NA,NA,NA,NA,9,2018,"Fall","October",12.4
"895",2018-10-10,4,NA,NA,NA,NA,NA,NA,NA,NA,NA,NA,NA,NA,3,7,2018,"Fall","October",12.2
"896",2018-10-12,14,NA,NA,2,NA,NA,NA,NA,NA,NA,NA,NA,NA,7,23,2018,"Fall","October",12.1
"897",2018-10-15,9,NA,NA,1,NA,NA,NA,NA,NA,NA,NA,NA,NA,5,15,2018,"Fall","October",11.9
"898",2018-10-17,20,NA,NA,NA,NA,NA,NA,NA,NA,NA,NA,NA,NA,5,25,2018,"Fall","October",11.7
"899",2018-10-19,16,NA,NA,NA,NA,NA,NA,NA,NA,NA,NA,1,NA,1,18,2018,"Fall","October",11.6
"900",2018-10-22,20,NA,NA,2,NA,NA,NA,NA,NA,NA,NA,1,NA,4,27,2018,"Fall","October",11.4
"901",2018-10-24,8,NA,NA,NA,NA,NA,NA,NA,NA,NA,NA,2,NA,7,17,2018,"Fall","October",11.4
"902",2018-10-26,9,NA,NA,NA,NA,NA,NA,NA,NA,NA,NA,2,NA,5,16,2018,"Fall","October",11.4
"903",2018-10-29,17,NA,NA,NA,NA,NA,NA,NA,NA,NA,NA,2,NA,3,22,2018,"Fall","October",11.3
"904",2018-10-31,20,NA,NA,NA,NA,NA,NA,NA,NA,NA,NA,16,NA,14,50,2018,"Fall","October",11.3
"905",2018-11-02,30,NA,1,NA,NA,NA,NA,NA,NA,NA,NA,45,NA,20,96,2018,"Fall","November",11.4
"906",2018-11-05,47,2,1,4,NA,NA,NA,NA,NA,NA,NA,61,NA,33,148,2018,"Fall","November",11.4
"907",2018-11-07,27,NA,1,1,NA,NA,NA,NA,NA,NA,NA,19,NA,22,70,2018,"Fall","November",11.2
"908",2018-11-09,2,NA,NA,NA,NA,NA,NA,NA,NA,NA,NA,8,NA,6,16,2018,"Fall","November",10.9
"909",2018-11-12,35,2,NA,1,NA,NA,NA,NA,NA,NA,NA,41,NA,39,118,2018,"Fall","November",10.4
"910",2018-11-14,5,NA,NA,NA,NA,NA,NA,NA,NA,NA,NA,22,1,28,56,2018,"Fall","November",10.3
"911",2018-11-16,23,2,NA,1,NA,NA,NA,NA,NA,NA,NA,67,NA,19,112,2018,"Fall","November",10.2
"912",2018-11-19,11,NA,1,NA,NA,NA,NA,NA,NA,NA,NA,64,NA,17,93,2018,"Fall","November",9.8
"913",2018-11-21,21,NA,NA,NA,NA,NA,NA,NA,NA,NA,NA,29,1,12,63,2018,"Fall","November",9.6
"914",2018-11-23,26,NA,NA,1,NA,NA,NA,NA,NA,NA,NA,26,1,6,60,2018,"Fall","November",9.5
"915",2018-11-26,22,1,NA,NA,NA,NA,NA,NA,NA,NA,NA,24,NA,9,56,2018,"Fall","November",9.3
"916",2018-11-28,18,NA,NA,1,NA,NA,NA,NA,NA,NA,NA,20,NA,8,47,2018,"Fall","November",9.3
"917",2018-11-30,31,NA,NA,NA,NA,NA,NA,NA,NA,NA,NA,22,1,19,73,2018,"Fall","November",9.3
"918",2018-12-03,38,1,NA,NA,NA,NA,NA,NA,NA,NA,NA,22,1,34,96,2018,"Fall","December",9.1
"919",2018-12-05,27,1,NA,NA,NA,NA,NA,NA,NA,NA,NA,14,1,14,57,2018,"Fall","December",8.8
"920",2018-12-07,20,NA,NA,1,NA,NA,NA,NA,NA,NA,NA,14,1,18,54,2018,"Fall","December",8.6
"921",2018-12-10,36,NA,NA,NA,NA,NA,NA,NA,NA,NA,NA,9,NA,14,59,2018,"Fall","December",8.4
"922",2018-12-12,20,NA,NA,NA,NA,NA,NA,NA,NA,NA,NA,7,NA,15,42,2018,"Fall","December",8.3
"923",2018-12-14,21,NA,1,NA,NA,NA,NA,NA,NA,NA,NA,10,NA,9,41,2018,"Fall","December",8
"924",2018-12-17,29,NA,NA,NA,NA,NA,NA,NA,NA,NA,NA,17,NA,28,74,2018,"Fall","December",8.2
"925",2018-12-19,36,NA,NA,NA,NA,NA,NA,NA,NA,NA,NA,6,NA,33,75,2018,"Fall","December",8.3
"926",2018-12-21,29,NA,NA,NA,NA,NA,NA,NA,NA,NA,NA,10,NA,22,61,2018,"Winter","December",8.2
"927",2018-12-24,41,NA,NA,NA,NA,NA,NA,NA,NA,NA,NA,2,1,39,83,2018,"Winter","December",8.1
"928",2018-12-26,41,1,NA,NA,NA,NA,NA,NA,NA,NA,NA,1,NA,20,63,2018,"Winter","December",7.9
"929",2018-12-28,41,NA,NA,1,NA,NA,NA,NA,NA,NA,NA,5,NA,24,71,2018,"Winter","December",7.8
"930",2018-12-31,19,NA,1,NA,NA,NA,NA,NA,NA,NA,NA,1,NA,13,34,2018,"Winter","December",7.7
"931",2019-01-04,21,NA,NA,1,NA,NA,NA,NA,NA,NA,NA,1,NA,11,34,2019,"Winter","January",7.5
"932",2019-01-07,23,NA,NA,1,NA,NA,NA,NA,NA,NA,NA,1,NA,12,37,2019,"Winter","January",7.4
"933",2019-01-09,18,NA,NA,NA,NA,NA,NA,NA,NA,NA,NA,NA,NA,23,41,2019,"Winter","January",7.4
"934",2019-01-11,10,1,NA,NA,NA,NA,NA,NA,NA,NA,NA,NA,NA,25,36,2019,"Winter","January",7.3
"935",2019-01-14,12,NA,NA,1,NA,NA,NA,NA,NA,NA,NA,NA,NA,7,20,2019,"Winter","January",7.1
"936",2019-01-16,16,NA,NA,NA,NA,NA,NA,NA,NA,NA,NA,NA,NA,7,23,2019,"Winter","January",7.1
"937",2019-01-18,24,NA,NA,NA,NA,NA,NA,NA,NA,NA,NA,2,1,9,36,2019,"Winter","January",7.1
"938",2019-01-21,37,1,NA,1,NA,NA,NA,NA,NA,NA,NA,NA,NA,25,64,2019,"Winter","January",7.1
"939",2019-01-23,26,NA,NA,1,NA,NA,NA,NA,NA,NA,NA,NA,NA,8,35,2019,"Winter","January",7.4
"940",2019-01-25,23,NA,NA,NA,NA,NA,NA,NA,NA,NA,NA,NA,NA,33,56,2019,"Winter","January",7.2
"941",2019-01-28,20,NA,NA,NA,NA,NA,NA,NA,NA,NA,NA,NA,NA,16,36,2019,"Winter","January",7.1
"942",2019-01-30,9,NA,NA,NA,NA,NA,NA,NA,NA,NA,NA,NA,NA,12,21,2019,"Winter","January",7
"943",2019-02-01,23,NA,NA,NA,NA,NA,NA,NA,NA,NA,NA,NA,NA,12,35,2019,"Winter","February",6.9
"944",2019-02-04,46,NA,NA,NA,NA,NA,NA,NA,NA,NA,NA,NA,NA,19,65,2019,"Winter","February",6.9
"945",2019-02-06,32,NA,NA,NA,NA,NA,NA,NA,NA,NA,NA,NA,NA,10,42,2019,"Winter","February",6.9
"946",2019-02-08,20,NA,1,NA,NA,NA,NA,NA,NA,NA,NA,NA,NA,13,34,2019,"Winter","February",6.8
"947",2019-02-11,9,NA,NA,NA,NA,NA,NA,NA,NA,NA,NA,NA,NA,6,15,2019,"Winter","February",6.6
"948",2019-02-13,18,NA,NA,NA,NA,NA,NA,NA,NA,NA,NA,NA,NA,10,28,2019,"Winter","February",6.7
"949",2019-02-15,19,1,NA,1,NA,NA,NA,NA,NA,NA,NA,NA,NA,11,32,2019,"Winter","February",6.6
"950",2019-02-18,47,NA,NA,NA,NA,NA,NA,NA,NA,NA,NA,NA,NA,24,71,2019,"Winter","February",6.8
"951",2019-02-20,15,NA,NA,NA,NA,NA,NA,NA,NA,NA,NA,NA,NA,11,26,2019,"Winter","February",6.9
"952",2019-02-22,19,1,NA,NA,NA,NA,NA,NA,NA,NA,NA,NA,NA,14,34,2019,"Winter","February",6.7
"953",2019-02-28,25,NA,NA,NA,NA,NA,NA,NA,NA,NA,NA,NA,NA,24,49,2019,"Winter","February",6.1
"954",2019-03-02,5,2,NA,NA,NA,NA,NA,NA,NA,NA,NA,NA,NA,28,35,2019,"Winter","March",5.9
"955",2019-03-04,9,NA,NA,NA,NA,NA,NA,NA,NA,NA,NA,NA,NA,9,18,2019,"Winter","March",6
"956",2019-03-04,7,1,NA,NA,NA,NA,NA,NA,NA,NA,NA,NA,NA,25,33,2019,"Winter","March",6
"957",2019-03-06,8,1,NA,NA,NA,NA,NA,NA,NA,NA,NA,NA,NA,1,10,2019,"Winter","March",6
"958",2019-03-06,5,2,NA,NA,NA,NA,NA,NA,NA,NA,NA,NA,NA,17,24,2019,"Winter","March",6
"959",2019-03-08,13,NA,NA,NA,NA,NA,NA,NA,NA,NA,NA,NA,NA,3,16,2019,"Winter","March",6.1
"960",2019-03-09,9,4,1,1,NA,NA,NA,NA,NA,NA,NA,NA,NA,41,56,2019,"Winter","March",6.2
"961",2019-03-11,6,NA,NA,NA,NA,NA,NA,NA,NA,NA,NA,NA,NA,7,13,2019,"Winter","March",6.5
"962",2019-03-11,5,2,NA,NA,NA,NA,NA,NA,NA,NA,NA,NA,NA,19,26,2019,"Winter","March",6.5
"963",2019-03-13,7,2,NA,NA,NA,NA,NA,NA,NA,NA,NA,NA,NA,11,20,2019,"Winter","March",6.6
"964",2019-03-14,25,1,NA,NA,NA,NA,NA,NA,NA,NA,NA,NA,NA,14,40,2019,"Winter","March",6.5
"965",2019-03-16,6,1,NA,NA,NA,NA,NA,NA,NA,NA,NA,NA,NA,18,25,2019,"Winter","March",6.9
"966",2019-03-18,2,1,NA,NA,NA,NA,NA,NA,NA,NA,NA,NA,NA,3,6,2019,"Winter","March",7.2
"967",2019-03-18,29,3,NA,2,NA,NA,NA,NA,NA,NA,NA,NA,NA,48,82,2019,"Winter","March",7.2
"968",2019-03-20,2,NA,NA,NA,NA,NA,NA,NA,NA,NA,NA,NA,NA,5,7,2019,"Spring","March",7.1
"969",2019-03-21,22,6,NA,1,NA,NA,NA,NA,NA,NA,NA,NA,NA,38,67,2019,"Spring","March",7.3
"970",2019-03-23,1,2,NA,NA,NA,NA,NA,NA,NA,NA,NA,NA,NA,23,26,2019,"Spring","March",7.7
"971",2019-03-25,21,4,NA,1,NA,NA,NA,NA,NA,NA,NA,NA,NA,59,85,2019,"Spring","March",8
"972",2019-03-27,2,8,NA,NA,NA,NA,NA,NA,NA,NA,NA,NA,1,29,40,2019,"Spring","March",8
"973",2019-03-29,2,NA,NA,NA,NA,NA,NA,NA,NA,NA,NA,NA,NA,23,25,2019,"Spring","March",8.3
"974",2019-03-30,5,4,NA,NA,NA,NA,NA,NA,NA,NA,NA,NA,1,32,42,2019,"Spring","March",8.3
"975",2019-04-01,6,1,NA,1,NA,NA,NA,NA,NA,NA,NA,NA,NA,33,41,2019,"Spring","April",8.5
"976",2019-04-03,2,NA,NA,NA,NA,NA,NA,NA,NA,NA,NA,NA,NA,13,15,2019,"Spring","April",8.7
"977",2019-04-05,1,NA,NA,NA,NA,NA,NA,NA,NA,NA,NA,NA,NA,8,9,2019,"Spring","April",9
"978",2019-04-08,1,NA,NA,NA,NA,NA,NA,NA,NA,NA,NA,NA,NA,20,21,2019,"Spring","April",9.3
"979",2019-04-10,NA,NA,NA,NA,NA,NA,NA,NA,NA,NA,NA,NA,NA,11,11,2019,"Spring","April",8.2
"980",2019-04-12,NA,NA,NA,NA,NA,NA,NA,NA,NA,NA,NA,NA,NA,3,3,2019,"Spring","April",8.4
"981",2019-04-15,NA,NA,NA,NA,NA,NA,NA,NA,NA,NA,NA,NA,NA,12,12,2019,"Spring","April",8.7
"982",2019-04-19,NA,NA,NA,NA,NA,NA,NA,NA,NA,NA,NA,NA,NA,18,18,2019,"Spring","April",9.5
"983",2019-04-22,NA,NA,NA,NA,NA,NA,NA,NA,NA,NA,NA,NA,NA,5,5,2019,"Spring","April",9.7
"984",2019-04-26,NA,NA,NA,NA,NA,NA,NA,NA,NA,NA,NA,NA,NA,11,11,2019,"Spring","April",10.7
"985",2019-04-29,NA,NA,NA,NA,NA,NA,NA,NA,NA,NA,NA,NA,NA,5,5,2019,"Spring","April",10.7
"986",2019-05-03,NA,NA,NA,NA,NA,NA,NA,NA,NA,NA,NA,NA,NA,10,10,2019,"Spring","May",11.1
"987",2019-05-06,NA,NA,NA,NA,NA,NA,NA,NA,NA,NA,NA,NA,NA,3,3,2019,"Spring","May",11.2
"988",2019-05-10,NA,NA,NA,NA,NA,NA,NA,NA,NA,NA,NA,NA,NA,3,3,2019,"Spring","May",11.8
"989",2019-05-13,NA,NA,NA,NA,NA,NA,NA,NA,NA,NA,NA,NA,NA,7,7,2019,"Spring","May",12.5
"990",2019-05-15,NA,NA,NA,NA,4,1,NA,NA,NA,NA,NA,NA,NA,18,23,2019,"Spring","May",12.7
"991",2019-05-17,NA,NA,NA,NA,12,NA,9,2,NA,NA,NA,NA,2,6,31,2019,"Spring","May",12.6
"992",2019-05-20,NA,NA,NA,NA,18,1,5,4,NA,NA,NA,NA,NA,3,31,2019,"Spring","May",12.3
"993",2019-05-22,NA,NA,NA,NA,25,NA,1,4,NA,NA,NA,NA,1,4,35,2019,"Spring","May",12.1
"994",2019-05-24,NA,NA,NA,NA,12,NA,2,NA,NA,NA,NA,NA,NA,8,22,2019,"Spring","May",12
"995",2019-05-27,NA,NA,NA,NA,20,NA,1,NA,NA,NA,NA,NA,1,16,38,2019,"Spring","May",12.1
"996",2019-05-29,NA,NA,NA,NA,17,NA,3,NA,NA,NA,NA,NA,NA,NA,20,2019,"Spring","May",12.4
"997",2019-05-31,NA,NA,NA,NA,23,1,1,1,NA,NA,NA,NA,NA,10,36,2019,"Spring","May",12.3
"998",2019-06-03,NA,NA,NA,NA,28,2,3,1,NA,NA,NA,NA,1,6,41,2019,"Spring","June",11.6
"999",2019-06-06,NA,NA,NA,NA,25,NA,1,2,NA,NA,NA,NA,1,3,32,2019,"Spring","June",12.6
"1000",2019-06-07,NA,NA,NA,NA,6,1,1,NA,NA,NA,NA,NA,NA,6,14,2019,"Spring","June",12.8
"1001",2019-06-10,NA,NA,NA,NA,39,NA,1,1,NA,NA,NA,NA,2,8,51,2019,"Spring","June",13.4
"1002",2019-06-12,NA,NA,NA,NA,18,1,1,NA,NA,NA,NA,NA,1,3,24,2019,"Spring","June",13.2
"1003",2019-06-14,NA,NA,NA,NA,15,1,1,NA,NA,NA,NA,NA,NA,12,29,2019,"Spring","June",13.4
"1004",2019-06-17,NA,NA,NA,NA,22,NA,1,NA,NA,NA,NA,NA,1,7,31,2019,"Spring","June",13.9
"1005",2019-06-19,NA,NA,NA,NA,15,1,1,NA,NA,NA,NA,NA,1,5,23,2019,"Spring","June",14
"1006",2019-06-21,NA,NA,NA,NA,17,NA,NA,NA,NA,NA,NA,NA,NA,1,18,2019,"Summer","June",14.2
"1007",2019-06-25,NA,NA,NA,NA,23,2,NA,NA,NA,NA,NA,NA,2,16,43,2019,"Summer","June",14.2
"1008",2019-06-28,NA,NA,NA,NA,14,1,NA,NA,NA,NA,NA,NA,1,10,26,2019,"Summer","June",13.7
"1009",2019-07-02,NA,NA,NA,NA,14,1,NA,NA,NA,NA,NA,NA,3,7,25,2019,"Summer","July",13.5
"1010",2019-07-05,NA,NA,NA,NA,9,NA,NA,NA,NA,NA,NA,NA,NA,7,16,2019,"Summer","July",13.1
"1011",2019-07-08,NA,NA,NA,NA,2,NA,NA,NA,NA,NA,NA,NA,NA,1,3,2019,"Summer","July",13
"1012",2019-07-10,NA,NA,NA,NA,1,NA,NA,NA,NA,NA,NA,NA,NA,1,2,2019,"Summer","July",13
"1013",2019-07-12,NA,NA,NA,NA,3,1,NA,NA,NA,NA,NA,NA,NA,8,12,2019,"Summer","July",13.1
"1014",2019-07-15,NA,NA,NA,NA,1,1,NA,NA,NA,1,1,NA,NA,7,11,2019,"Summer","July",13.1
"1015",2019-07-17,NA,NA,NA,NA,NA,NA,NA,NA,NA,1,NA,NA,NA,8,9,2019,"Summer","July",13.2
"1016",2019-07-19,NA,NA,NA,NA,NA,NA,NA,NA,NA,NA,NA,NA,NA,3,3,2019,"Summer","July",13.3
"1017",2019-07-22,NA,NA,NA,NA,NA,NA,NA,NA,NA,1,NA,NA,NA,3,4,2019,"Summer","July",13.3
"1018",2019-07-24,NA,NA,NA,NA,3,NA,NA,NA,NA,NA,NA,NA,NA,1,4,2019,"Summer","July",13.2
"1019",2019-07-26,NA,NA,NA,NA,1,1,NA,NA,NA,2,NA,NA,NA,2,6,2019,"Summer","July",13.4
"1020",2019-07-29,NA,NA,NA,NA,1,NA,NA,NA,NA,2,NA,NA,NA,2,5,2019,"Summer","July",13.5
"1021",2019-08-01,NA,NA,NA,NA,5,1,NA,NA,NA,2,NA,NA,1,1,10,2019,"Summer","August",13.5
"1022",2019-08-02,NA,NA,NA,NA,1,NA,NA,NA,1,1,1,NA,NA,NA,4,2019,"Summer","August",13.5
"1023",2019-08-05,NA,NA,NA,NA,NA,NA,NA,NA,NA,3,NA,NA,NA,NA,3,2019,"Summer","August",12.1
"1024",2019-08-07,NA,NA,NA,NA,NA,NA,NA,NA,NA,3,NA,NA,1,1,5,2019,"Summer","August",13
"1025",2019-08-09,NA,NA,NA,NA,NA,NA,NA,NA,NA,4,NA,NA,1,NA,5,2019,"Summer","August",13.8
"1026",2019-08-12,NA,1,NA,NA,9,2,NA,NA,1,16,NA,NA,NA,8,37,2019,"Summer","August",13.9
"1027",2019-08-14,NA,NA,NA,NA,NA,NA,NA,NA,NA,NA,NA,NA,NA,1,1,2019,"Summer","August",13.9
"1028",2019-08-16,NA,NA,NA,NA,4,NA,NA,NA,NA,1,NA,NA,NA,1,6,2019,"Summer","August",13.7
"1029",2019-08-21,NA,NA,NA,NA,NA,NA,NA,NA,NA,1,NA,NA,1,NA,2,2019,"Summer","August",13.5
"1030",2019-08-23,NA,NA,NA,NA,NA,NA,NA,NA,NA,NA,NA,NA,NA,2,2,2019,"Summer","August",13.7
"1031",2019-08-26,NA,NA,NA,NA,4,NA,NA,NA,NA,9,NA,NA,1,5,19,2019,"Summer","August",13.7
"1032",2019-08-28,NA,NA,NA,NA,1,NA,NA,NA,1,NA,NA,NA,NA,7,9,2019,"Summer","August",13.7
"1033",2019-08-30,NA,NA,NA,NA,2,NA,NA,NA,NA,2,NA,NA,NA,NA,4,2019,"Summer","August",13.8
"1034",2019-09-04,NA,NA,NA,NA,NA,NA,NA,NA,NA,NA,NA,NA,1,1,2,2019,"Summer","September",12.9
"1035",2019-09-06,NA,NA,NA,NA,NA,NA,NA,NA,NA,1,NA,NA,NA,2,3,2019,"Summer","September",12.9
"1036",2019-09-09,NA,NA,NA,NA,NA,1,NA,NA,NA,NA,NA,NA,NA,2,3,2019,"Summer","September",12.9
"1037",2019-09-11,NA,NA,2,NA,NA,NA,NA,NA,5,1,NA,NA,NA,NA,8,2019,"Summer","September",12.9
"1038",2019-09-16,NA,NA,1,NA,NA,NA,NA,NA,4,1,NA,NA,NA,4,10,2019,"Summer","September",12.9
"1039",2019-09-19,2,NA,NA,NA,NA,NA,NA,NA,NA,NA,NA,NA,NA,NA,2,2019,"Summer","September",12.6
"1040",2019-09-23,NA,NA,NA,NA,NA,NA,NA,NA,NA,NA,NA,NA,NA,3,3,2019,"Fall","September",12.6
"1041",2019-09-26,2,NA,NA,NA,NA,NA,NA,NA,1,1,NA,NA,NA,1,5,2019,"Fall","September",12.6
"1042",2019-09-30,11,1,1,NA,NA,NA,NA,NA,NA,NA,NA,NA,NA,9,22,2019,"Fall","September",12.3
"1043",2019-10-02,4,NA,NA,NA,NA,NA,NA,NA,NA,NA,NA,1,NA,1,6,2019,"Fall","October",12.2
"1044",2019-10-04,4,3,NA,NA,NA,NA,NA,NA,NA,NA,NA,NA,NA,4,11,2019,"Fall","October",12.2
"1045",2019-10-07,10,2,1,2,NA,NA,NA,NA,1,NA,NA,NA,NA,1,17,2019,"Fall","October",12.1
"1046",2019-10-09,4,NA,1,NA,NA,NA,NA,NA,NA,NA,NA,3,NA,4,12,2019,"Fall","October",12
"1047",2019-10-11,8,NA,NA,1,NA,NA,NA,NA,NA,NA,NA,NA,NA,1,10,2019,"Fall","October",11.8
"1048",2019-10-14,4,1,NA,NA,NA,NA,NA,NA,NA,NA,NA,NA,NA,4,9,2019,"Fall","October",11.6
"1049",2019-10-16,4,NA,NA,NA,NA,NA,NA,NA,NA,NA,NA,NA,NA,NA,4,2019,"Fall","October",11.6
"1050",2019-10-18,7,NA,NA,1,NA,NA,NA,NA,NA,NA,NA,NA,NA,5,13,2019,"Fall","October",11.4
"1051",2019-10-21,7,NA,NA,1,NA,NA,NA,NA,NA,NA,NA,2,NA,8,18,2019,"Fall","October",11.3
"1052",2019-10-24,10,2,NA,NA,NA,NA,NA,NA,NA,NA,NA,23,NA,NA,35,2019,"Fall","October",11.3
"1053",2019-10-28,14,1,1,2,NA,NA,NA,NA,NA,NA,NA,23,NA,9,50,2019,"Fall","October",10.7
"1054",2019-10-31,11,1,1,NA,NA,NA,NA,NA,NA,NA,NA,9,NA,4,26,2019,"Fall","October",10.1
"1055",2019-11-05,6,NA,NA,NA,NA,NA,NA,NA,NA,NA,NA,5,NA,9,20,2019,"Fall","November",10.1
"1056",2019-11-07,8,NA,NA,1,NA,NA,NA,NA,NA,NA,NA,1,NA,6,16,2019,"Fall","November",9.9
"1057",2019-11-11,7,1,NA,NA,NA,NA,NA,NA,NA,NA,NA,4,NA,7,19,2019,"Fall","November",9.9
"1058",2019-11-15,6,NA,NA,NA,NA,NA,NA,NA,NA,NA,NA,1,NA,NA,7,2019,"Fall","November",9.9
"1059",2019-11-18,3,NA,NA,NA,NA,NA,NA,NA,NA,NA,NA,3,NA,1,7,2019,"Fall","November",9.9
"1060",2019-11-20,5,NA,NA,NA,NA,NA,NA,NA,NA,NA,NA,2,NA,2,9,2019,"Fall","November",9.8
"1061",2019-11-22,6,1,1,2,NA,NA,NA,NA,NA,NA,NA,17,NA,9,36,2019,"Fall","November",9.7
"1062",2019-11-25,21,NA,NA,NA,NA,NA,NA,NA,NA,NA,NA,26,2,18,67,2019,"Fall","November",9.4
"1063",2019-11-29,14,NA,NA,NA,NA,NA,NA,NA,NA,NA,NA,52,NA,6,72,2019,"Fall","November",8.8
"1064",2019-12-02,23,NA,NA,NA,NA,NA,NA,NA,NA,NA,NA,44,NA,20,87,2019,"Fall","December",8.4
"1065",2019-12-04,5,NA,2,2,NA,NA,NA,NA,NA,NA,NA,6,NA,2,17,2019,"Fall","December",8.3
"1066",2019-12-06,9,NA,NA,NA,NA,NA,NA,NA,NA,NA,NA,15,NA,5,29,2019,"Fall","December",8.2
"1067",2019-12-09,26,NA,3,NA,NA,NA,NA,NA,NA,NA,NA,19,NA,19,67,2019,"Fall","December",8.2
"1068",2019-12-11,10,NA,NA,NA,NA,NA,NA,NA,NA,NA,NA,10,NA,13,33,2019,"Fall","December",8.1
"1069",2019-12-13,26,NA,NA,NA,NA,NA,NA,NA,NA,NA,NA,9,NA,23,58,2019,"Fall","December",8.3
"1070",2019-12-16,54,1,NA,1,NA,NA,NA,NA,NA,NA,NA,17,NA,38,111,2019,"Fall","December",8.3
"1071",2019-12-18,31,NA,NA,NA,NA,NA,NA,NA,NA,NA,NA,11,NA,26,68,2019,"Fall","December",8.2
"1072",2019-12-20,12,1,NA,NA,NA,NA,NA,NA,NA,NA,NA,12,NA,23,48,2019,"Fall","December",8.3
"1073",2019-12-23,25,NA,1,6,NA,NA,NA,NA,NA,NA,NA,5,NA,22,59,2019,"Winter","December",8.3
"1074",2019-12-27,39,1,NA,NA,NA,NA,NA,NA,NA,NA,NA,5,NA,38,83,2019,"Winter","December",7.9
"1075",2019-12-30,11,NA,NA,NA,NA,NA,NA,NA,NA,NA,NA,10,NA,9,30,2019,"Winter","December",7.6
"1076",2020-01-02,10,NA,NA,3,NA,NA,NA,NA,NA,NA,NA,4,1,13,31,2020,"Winter","January",7.7
"1077",2020-01-06,52,1,NA,NA,NA,NA,NA,NA,NA,NA,NA,7,1,51,112,2020,"Winter","January",7.7
"1078",2020-01-08,31,1,NA,3,NA,NA,NA,NA,NA,NA,NA,2,NA,12,49,2020,"Winter","January",7.7
"1079",2020-01-10,20,NA,NA,NA,NA,NA,NA,NA,NA,NA,NA,1,NA,8,29,2020,"Winter","January",7.5
"1080",2020-01-13,35,NA,NA,2,NA,NA,NA,NA,NA,NA,NA,NA,NA,26,63,2020,"Winter","January",7.3
"1081",2020-01-15,7,NA,NA,NA,NA,NA,NA,NA,NA,NA,NA,2,NA,8,17,2020,"Winter","January",7.1
"1082",2020-01-17,8,NA,NA,NA,NA,NA,NA,NA,NA,NA,NA,NA,NA,10,18,2020,"Winter","January",7.1
"1083",2020-01-20,11,1,NA,1,NA,NA,NA,NA,NA,NA,NA,2,NA,22,37,2020,"Winter","January",7.1
"1084",2020-01-22,19,1,NA,1,NA,NA,NA,NA,NA,NA,NA,NA,NA,11,32,2020,"Winter","January",7.1
"1085",2020-01-24,15,1,NA,NA,NA,NA,NA,NA,NA,NA,NA,1,NA,23,40,2020,"Winter","January",7.4
"1086",2020-01-27,26,3,NA,3,NA,NA,NA,NA,NA,NA,NA,NA,NA,45,77,2020,"Winter","January",7.6
"1087",2020-01-29,16,2,NA,NA,NA,NA,NA,NA,NA,NA,NA,NA,NA,43,61,2020,"Winter","January",7.5
"1088",2020-01-31,23,1,NA,NA,NA,NA,NA,NA,NA,NA,NA,NA,NA,32,56,2020,"Winter","January",7.8
"1089",2020-02-03,21,5,1,3,NA,NA,NA,NA,NA,NA,NA,NA,NA,59,89,2020,"Winter","February",7.7
"1090",2020-02-05,9,1,1,1,NA,NA,NA,NA,NA,NA,NA,NA,NA,13,25,2020,"Winter","February",7.6
"1091",2020-02-07,11,2,NA,NA,NA,NA,NA,NA,NA,NA,NA,NA,NA,14,27,2020,"Winter","February",7.5
"1092",2020-02-10,12,1,NA,NA,NA,NA,NA,NA,NA,NA,NA,NA,NA,15,28,2020,"Winter","February",7.6
"1093",2020-02-12,10,NA,NA,NA,NA,NA,NA,NA,NA,NA,NA,NA,NA,11,21,2020,"Winter","February",7.5
"1094",2020-02-14,10,NA,NA,1,NA,NA,NA,NA,NA,NA,NA,NA,NA,23,34,2020,"Winter","February",7.4
"1095",2020-02-17,6,1,NA,NA,NA,NA,NA,NA,NA,NA,NA,NA,NA,20,27,2020,"Winter","February",7.5
"1096",2020-02-19,6,NA,NA,NA,NA,NA,NA,NA,NA,NA,NA,1,NA,19,26,2020,"Winter","February",7.6
"1097",2020-02-21,8,1,NA,NA,NA,NA,NA,NA,NA,NA,NA,NA,NA,18,27,2020,"Winter","February",7.4
"1098",2020-02-24,5,4,NA,NA,NA,NA,NA,NA,NA,NA,NA,NA,NA,11,20,2020,"Winter","February",7.2
"1099",2020-02-26,6,1,1,NA,NA,NA,NA,NA,NA,NA,NA,NA,NA,21,29,2020,"Winter","February",7.5
"1100",2020-02-28,2,4,NA,NA,NA,NA,NA,NA,NA,NA,NA,NA,1,18,25,2020,"Winter","February",7.6
"1101",2020-04-03,3,4,NA,NA,NA,NA,NA,NA,NA,NA,NA,NA,NA,35,42,2020,"Spring","April",9
"1102",2020-04-06,1,NA,NA,NA,NA,NA,NA,NA,NA,NA,NA,NA,NA,9,10,2020,"Spring","April",9.1
"1103",2020-04-10,1,4,NA,NA,NA,NA,NA,NA,NA,NA,NA,NA,NA,13,18,2020,"Spring","April",9.2
"1104",2020-04-13,1,6,NA,NA,NA,NA,NA,NA,NA,NA,NA,NA,NA,19,26,2020,"Spring","April",9.6
"1105",2020-04-17,2,2,NA,NA,NA,NA,NA,NA,NA,NA,NA,NA,NA,25,29,2020,"Spring","April",10.1
"1106",2020-04-20,NA,NA,NA,NA,NA,NA,NA,NA,NA,NA,NA,NA,NA,16,16,2020,"Spring","April",10.5
"1107",2020-04-24,NA,3,NA,NA,NA,NA,NA,NA,NA,NA,NA,NA,NA,24,27,2020,"Spring","April",11.1
"1108",2020-04-27,NA,NA,NA,NA,NA,NA,NA,NA,NA,NA,NA,NA,NA,12,12,2020,"Spring","April",11.9
"1109",2020-05-01,NA,NA,NA,NA,NA,NA,NA,NA,NA,NA,NA,NA,NA,19,19,2020,"Spring","May",12.1
"1110",2020-05-04,NA,NA,NA,NA,NA,NA,NA,NA,NA,NA,NA,NA,NA,7,7,2020,"Spring","May",12.4
"1111",2020-05-08,NA,NA,NA,NA,NA,NA,1,NA,NA,NA,NA,NA,1,10,12,2020,"Spring","May",12.2
"1112",2020-05-11,NA,NA,NA,NA,4,NA,NA,NA,NA,NA,NA,NA,NA,9,13,2020,"Spring","May",11.8
"1113",2020-05-13,NA,NA,NA,NA,1,NA,NA,NA,NA,NA,NA,NA,NA,2,3,2020,"Spring","May",11.9
"1114",2020-05-15,NA,NA,NA,NA,2,NA,NA,NA,NA,NA,NA,NA,NA,4,6,2020,"Spring","May",12.3
"1115",2020-05-18,NA,NA,NA,NA,6,NA,1,NA,NA,NA,NA,NA,2,2,11,2020,"Spring","May",12.4
"1116",2020-05-20,NA,NA,NA,NA,NA,NA,NA,NA,NA,NA,NA,NA,NA,11,11,2020,"Spring","May",12.3
"1117",2020-05-22,NA,NA,NA,NA,6,NA,NA,NA,NA,NA,NA,NA,NA,11,17,2020,"Spring","May",12.3
"1118",2020-05-26,NA,NA,NA,NA,6,NA,NA,NA,NA,NA,NA,NA,NA,34,40,2020,"Spring","May",12.5
"1119",2020-05-27,NA,NA,NA,NA,1,NA,1,1,NA,NA,NA,NA,2,11,16,2020,"Spring","May",12.7
"1120",2020-05-29,NA,NA,NA,NA,8,1,NA,NA,NA,NA,NA,NA,NA,1,10,2020,"Spring","May",12.7
"1121",2020-06-01,NA,1,NA,NA,14,NA,NA,NA,NA,NA,NA,NA,1,36,52,2020,"Spring","June",12.8
"1122",2020-06-03,NA,NA,NA,NA,5,1,NA,NA,NA,NA,NA,NA,NA,21,27,2020,"Spring","June",12.8
"1123",2020-06-05,NA,NA,NA,NA,10,NA,NA,NA,NA,NA,NA,NA,2,12,24,2020,"Spring","June",12.9
"1124",2020-06-08,NA,NA,NA,NA,17,2,1,1,NA,NA,NA,NA,3,14,38,2020,"Spring","June",13.2
"1125",2020-06-10,NA,NA,NA,NA,7,NA,NA,NA,NA,NA,NA,NA,NA,3,10,2020,"Spring","June",13.4
"1126",2020-06-12,NA,NA,NA,NA,11,NA,NA,1,NA,NA,NA,NA,NA,8,20,2020,"Spring","June",13.2
"1127",2020-06-15,NA,NA,NA,NA,11,NA,NA,NA,NA,NA,NA,NA,1,7,19,2020,"Spring","June",12.5
"1128",2020-06-17,NA,NA,NA,NA,2,NA,NA,NA,NA,NA,NA,NA,NA,2,4,2020,"Spring","June",12.6
"1129",2020-06-19,NA,NA,NA,NA,13,NA,NA,NA,NA,NA,NA,NA,NA,3,16,2020,"Spring","June",13.1
"1130",2020-06-22,NA,NA,NA,NA,13,NA,1,1,NA,NA,NA,NA,NA,8,23,2020,"Summer","June",13.6
"1131",2020-06-26,NA,NA,NA,NA,18,1,2,1,NA,NA,NA,NA,NA,8,30,2020,"Summer","June",13.9
"1132",2020-06-29,NA,NA,NA,NA,15,NA,NA,NA,NA,NA,NA,NA,NA,8,23,2020,"Summer","June",14.1
"1133",2020-07-01,NA,NA,NA,NA,6,NA,NA,NA,NA,NA,NA,NA,NA,2,8,2020,"Summer","July",14.1
"1134",2020-07-02,NA,NA,NA,NA,4,NA,NA,NA,NA,NA,NA,NA,NA,1,5,2020,"Summer","July",14.3
"1135",2020-07-06,NA,NA,NA,NA,3,NA,NA,NA,NA,NA,NA,NA,NA,3,6,2020,"Summer","July",13.6
"1136",2020-07-08,NA,NA,NA,NA,4,NA,1,NA,NA,NA,NA,NA,NA,1,6,2020,"Summer","July",13.3
"1137",2020-07-10,NA,NA,NA,NA,3,1,NA,NA,1,NA,NA,NA,1,NA,6,2020,"Summer","July",12.6
"1138",2020-07-13,NA,NA,NA,NA,3,1,NA,NA,NA,NA,NA,NA,NA,4,8,2020,"Summer","July",12.3
"1139",2020-07-15,NA,NA,NA,NA,NA,NA,NA,NA,NA,NA,NA,NA,NA,2,2,2020,"Summer","July",12.5
"1140",2020-07-20,NA,NA,NA,NA,3,NA,NA,NA,NA,NA,NA,NA,NA,1,4,2020,"Summer","July",12.7
"1141",2020-07-22,NA,NA,NA,NA,1,NA,NA,NA,2,NA,NA,NA,NA,NA,3,2020,"Summer","July",12.5
"1142",2020-07-24,NA,NA,NA,NA,6,2,NA,NA,NA,NA,NA,NA,1,NA,9,2020,"Summer","July",12.6
"1143",2020-07-27,NA,NA,NA,NA,6,NA,NA,NA,4,1,NA,NA,2,3,16,2020,"Summer","July",12.5
