"","Date_time","Mean Temperature","Year","Season","Hatchery Summer Steelhead","Wild Summer Steelhead","Summer Steelhead RM","Summer Steelhead LM","Hatchery Spring Chinook","Wild Spring Chinook","Spring Chinook RM","Spring Chinook LM","No Mark Sockeye","Sockeye RM","Sockeye LM","Fall Chinook","Bull Trout","Rainbow Trout","Total","Month"
"1",2014-01-03,6.9,2014,"Winter",28,NA,NA,NA,NA,NA,NA,NA,NA,NA,NA,NA,1,13,42,"January"
"2",2014-01-06,6.5,2014,"Winter",13,NA,NA,NA,NA,NA,NA,NA,NA,NA,NA,1,NA,11,25,"January"
"3",2014-01-08,6.6,2014,"Winter",25,NA,1,NA,NA,NA,NA,NA,NA,NA,NA,1,NA,13,40,"January"
"4",2014-01-10,6.7,2014,"Winter",11,1,NA,NA,NA,NA,NA,NA,NA,NA,NA,5,NA,7,24,"January"
"5",2014-01-13,6.9,2014,"Winter",44,NA,NA,NA,NA,NA,NA,NA,NA,NA,NA,2,NA,19,65,"January"
"6",2014-01-15,7,2014,"Winter",14,NA,NA,1,NA,NA,NA,NA,NA,NA,NA,4,NA,NA,19,"January"
"7",2014-01-17,6.8,2014,"Winter",41,NA,1,NA,NA,NA,NA,NA,NA,NA,NA,1,NA,36,79,"January"
"8",2014-01-21,6.5,2014,"Winter",18,NA,1,NA,NA,NA,NA,NA,NA,NA,NA,2,NA,16,37,"January"
"9",2014-01-22,6.5,2014,"Winter",10,1,NA,NA,NA,NA,NA,NA,NA,NA,NA,1,NA,5,17,"January"
"10",2014-01-24,6.2,2014,"Winter",12,NA,1,NA,NA,NA,NA,NA,NA,NA,NA,3,NA,5,21,"January"
"11",2014-01-27,6.2,2014,"Winter",6,NA,NA,1,NA,NA,NA,NA,NA,NA,NA,NA,NA,1,8,"January"
"12",2014-01-29,6.3,2014,"Winter",13,NA,NA,NA,NA,NA,NA,NA,NA,NA,NA,NA,NA,6,19,"January"
"13",2014-01-31,6.3,2014,"Winter",23,NA,NA,1,NA,NA,NA,NA,NA,NA,NA,1,NA,1,26,"January"
"14",2014-02-03,6.6,2014,"Winter",35,1,NA,NA,NA,NA,NA,NA,NA,NA,NA,2,NA,9,47,"February"
"15",2014-02-05,6.1,2014,"Winter",33,NA,NA,NA,NA,NA,NA,NA,NA,NA,NA,2,NA,14,49,"February"
"16",2014-02-07,5.4,2014,"Winter",6,NA,1,NA,NA,NA,NA,NA,NA,NA,NA,NA,NA,7,14,"February"
"17",2014-02-12,5.7,2014,"Winter",7,NA,NA,NA,NA,NA,NA,NA,NA,NA,NA,1,NA,3,11,"February"
"18",2014-02-14,6.2,2014,"Winter",14,1,NA,NA,NA,NA,NA,NA,NA,NA,NA,NA,NA,4,19,"February"
"19",2014-02-17,6.4,2014,"Winter",46,3,1,NA,NA,NA,NA,NA,NA,NA,NA,1,NA,49,100,"February"
"20",2014-02-19,6.6,2014,"Winter",83,8,1,1,NA,NA,NA,NA,NA,NA,NA,NA,NA,57,150,"February"
"21",2014-02-21,6.6,2014,"Winter",17,2,3,1,NA,NA,NA,NA,NA,NA,NA,NA,NA,25,48,"February"
"22",2014-02-24,6.6,2014,"Winter",45,NA,1,NA,NA,NA,NA,NA,NA,NA,NA,NA,NA,25,71,"February"
"23",2014-02-26,6.5,2014,"Winter",13,NA,NA,NA,NA,NA,NA,NA,NA,NA,NA,NA,NA,3,16,"February"
"24",2014-02-28,6.3,2014,"Winter",33,NA,NA,NA,NA,NA,NA,NA,NA,NA,NA,1,NA,6,40,"February"
"25",2014-03-03,6.5,2014,"Winter",17,NA,NA,NA,NA,NA,NA,NA,NA,NA,NA,NA,NA,1,18,"March"
"26",2014-03-05,6.6,2014,"Winter",21,NA,1,NA,NA,NA,NA,NA,NA,NA,NA,NA,NA,5,27,"March"
"27",2014-03-07,7.3,2014,"Winter",31,3,1,NA,NA,NA,NA,NA,NA,NA,NA,NA,NA,13,48,"March"
"28",2014-03-10,7.7,2014,"Winter",63,3,NA,NA,NA,NA,NA,NA,NA,NA,NA,NA,NA,44,110,"March"
"29",2014-03-12,7.6,2014,"Winter",23,NA,NA,NA,NA,NA,NA,NA,NA,NA,NA,NA,NA,27,50,"March"
"30",2014-03-14,7.7,2014,"Winter",14,NA,NA,NA,NA,NA,NA,NA,NA,NA,NA,NA,NA,6,20,"March"
"31",2014-03-17,8.3,2014,"Winter",33,1,NA,NA,NA,NA,NA,NA,NA,NA,NA,NA,NA,32,66,"March"
"32",2014-03-19,8.3,2014,"Winter",13,NA,NA,NA,NA,NA,NA,NA,NA,NA,NA,NA,NA,19,32,"March"
"33",2014-03-21,8.1,2014,"Spring",7,2,NA,NA,NA,NA,NA,NA,NA,NA,NA,NA,NA,6,15,"March"
"34",2014-03-24,8,2014,"Spring",4,NA,NA,NA,NA,NA,NA,NA,NA,NA,NA,NA,NA,6,10,"March"
"35",2014-03-26,8.3,2014,"Spring",18,5,1,NA,NA,NA,NA,NA,NA,NA,NA,NA,NA,12,36,"March"
"36",2014-03-28,8.5,2014,"Spring",12,1,NA,NA,NA,NA,NA,NA,NA,NA,NA,NA,NA,5,18,"March"
"37",2014-03-31,9,2014,"Spring",8,NA,NA,NA,NA,NA,NA,NA,NA,NA,NA,NA,NA,18,26,"March"
"38",2014-04-02,9,2014,"Spring",2,NA,1,NA,NA,NA,NA,NA,NA,NA,NA,NA,NA,9,12,"April"
"39",2014-04-07,9.4,2014,"Spring",2,NA,NA,NA,NA,NA,NA,NA,NA,NA,NA,NA,NA,1,3,"April"
"40",2014-04-09,9.7,2014,"Spring",1,NA,NA,NA,NA,NA,NA,NA,NA,NA,NA,NA,NA,NA,1,"April"
"41",2014-04-11,9.8,2014,"Spring",NA,NA,NA,1,NA,NA,NA,NA,NA,NA,NA,NA,NA,1,2,"April"
"42",2014-04-14,9.7,2014,"Spring",NA,NA,NA,NA,NA,NA,NA,NA,NA,NA,NA,NA,NA,6,6,"April"
"43",2014-04-16,10,2014,"Spring",NA,NA,NA,NA,NA,NA,NA,NA,NA,NA,NA,NA,NA,2,2,"April"
"44",2014-04-21,10.8,2014,"Spring",NA,NA,NA,NA,NA,NA,NA,NA,NA,NA,NA,NA,NA,1,1,"April"
"45",2014-04-23,10.9,2014,"Spring",NA,1,NA,NA,NA,NA,NA,NA,NA,NA,NA,NA,NA,NA,1,"April"
"46",2014-04-25,11.3,2014,"Spring",NA,1,NA,NA,NA,NA,NA,NA,NA,NA,NA,NA,NA,2,3,"April"
"47",2014-04-28,11.3,2014,"Spring",NA,1,NA,NA,NA,NA,NA,NA,NA,NA,NA,NA,NA,6,7,"April"
"48",2014-04-30,11.4,2014,"Spring",NA,NA,NA,NA,NA,NA,NA,NA,NA,NA,NA,NA,NA,2,2,"April"
"49",2014-05-02,12,2014,"Spring",NA,NA,NA,NA,NA,NA,NA,NA,NA,NA,NA,NA,NA,4,4,"May"
"50",2014-05-05,12.5,2014,"Spring",NA,NA,NA,NA,NA,NA,NA,NA,NA,NA,NA,NA,NA,7,7,"May"
"51",2014-05-07,12.5,2014,"Spring",1,NA,NA,NA,2,NA,NA,NA,NA,NA,NA,NA,NA,19,22,"May"
"52",2014-05-09,12.1,2014,"Spring",NA,1,NA,NA,1,NA,3,NA,NA,NA,NA,NA,NA,21,26,"May"
"53",2014-05-12,12.5,2014,"Spring",NA,NA,NA,NA,10,NA,1,NA,NA,NA,NA,NA,NA,10,21,"May"
"54",2014-05-14,12.6,2014,"Spring",NA,NA,NA,NA,15,NA,1,NA,NA,NA,NA,NA,NA,6,22,"May"
"55",2014-05-16,12.7,2014,"Spring",NA,NA,NA,NA,26,2,NA,1,NA,NA,NA,NA,NA,8,37,"May"
"56",2014-05-19,13.2,2014,"Spring",NA,NA,NA,NA,15,3,1,NA,NA,NA,NA,NA,NA,3,22,"May"
"57",2014-05-21,13.4,2014,"Spring",NA,NA,NA,NA,1,NA,NA,NA,NA,NA,NA,NA,NA,1,2,"May"
"58",2014-05-23,12.8,2014,"Spring",NA,NA,NA,NA,27,NA,1,NA,NA,NA,NA,NA,1,29,58,"May"
"59",2014-05-26,13.9,2014,"Spring",NA,NA,NA,NA,13,NA,2,2,NA,NA,NA,NA,NA,22,39,"May"
"60",2014-05-28,13.2,2014,"Spring",NA,NA,NA,NA,44,2,1,NA,NA,NA,NA,NA,1,27,75,"May"
"61",2014-05-30,13.7,2014,"Spring",NA,NA,NA,NA,38,NA,3,NA,NA,NA,NA,NA,NA,14,55,"May"
"62",2014-06-02,13.3,2014,"Spring",NA,NA,NA,NA,38,1,1,NA,NA,NA,NA,NA,NA,7,47,"June"
"63",2014-06-04,12.3,2014,"Spring",NA,NA,NA,NA,14,1,NA,NA,NA,NA,NA,NA,NA,5,20,"June"
"64",2014-06-06,12.3,2014,"Spring",NA,NA,NA,NA,21,1,NA,NA,NA,NA,NA,NA,1,3,26,"June"
"65",2014-06-09,12.8,2014,"Spring",NA,NA,NA,NA,34,NA,1,NA,NA,NA,NA,NA,NA,24,59,"June"
"66",2014-06-11,12.9,2014,"Spring",NA,NA,NA,NA,23,NA,1,NA,NA,NA,NA,NA,NA,21,45,"June"
"67",2014-06-13,12.8,2014,"Spring",NA,NA,NA,NA,12,NA,1,NA,NA,NA,NA,NA,NA,12,25,"June"
"68",2014-06-16,13.2,2014,"Spring",NA,NA,NA,NA,14,2,NA,NA,NA,NA,NA,NA,NA,24,40,"June"
"69",2014-06-18,12.9,2014,"Spring",NA,NA,NA,NA,5,NA,NA,NA,NA,NA,NA,NA,1,8,14,"June"
"70",2014-06-19,12.7,2014,"Spring",NA,NA,NA,NA,2,NA,NA,NA,NA,NA,NA,NA,NA,NA,2,"June"
"71",2014-06-23,12.6,2014,"Summer",NA,NA,NA,NA,3,NA,NA,NA,NA,NA,NA,NA,NA,6,9,"June"
"72",2014-06-25,12.1,2014,"Summer",NA,NA,NA,NA,6,1,1,NA,NA,NA,NA,NA,NA,1,9,"June"
"73",2014-06-27,11.9,2014,"Summer",NA,NA,NA,NA,7,NA,NA,NA,NA,NA,NA,NA,NA,2,9,"June"
"74",2014-06-30,12.5,2014,"Summer",NA,NA,NA,NA,16,NA,1,NA,NA,NA,NA,NA,NA,5,22,"June"
"75",2014-07-03,12.5,2014,"Summer",NA,NA,NA,NA,15,2,NA,NA,NA,NA,NA,NA,NA,7,24,"July"
"76",2014-07-07,13.1,2014,"Summer",NA,NA,NA,NA,6,1,1,NA,NA,NA,NA,2,NA,6,16,"July"
"77",2014-07-09,13.5,2014,"Summer",NA,NA,NA,NA,9,NA,NA,NA,NA,NA,NA,NA,1,2,12,"July"
"78",2014-07-11,13.9,2014,"Summer",NA,NA,NA,NA,9,1,NA,NA,NA,NA,NA,NA,NA,9,19,"July"
"79",2014-07-14,14.3,2014,"Summer",NA,NA,NA,NA,5,1,NA,NA,NA,NA,NA,NA,NA,5,11,"July"
"80",2014-07-16,14.3,2014,"Summer",NA,NA,NA,NA,8,NA,NA,NA,NA,NA,NA,1,NA,5,14,"July"
"81",2014-07-18,13.4,2014,"Summer",NA,NA,NA,NA,4,1,NA,NA,NA,NA,NA,NA,NA,16,21,"July"
"82",2014-07-21,13.2,2014,"Summer",NA,NA,NA,NA,6,1,NA,1,NA,1,NA,1,NA,15,25,"July"
"83",2014-07-23,13.3,2014,"Summer",NA,NA,NA,NA,11,NA,NA,NA,NA,1,NA,2,NA,5,19,"July"
"84",2014-07-25,13.4,2014,"Summer",NA,NA,NA,NA,6,1,NA,NA,NA,NA,NA,NA,NA,1,8,"July"
"85",2014-07-28,12.9,2014,"Summer",NA,NA,NA,NA,2,3,NA,NA,NA,1,NA,NA,NA,4,10,"July"
"86",2014-07-30,12.9,2014,"Summer",NA,NA,NA,NA,3,1,NA,NA,NA,NA,NA,NA,NA,1,5,"July"
"87",2014-08-01,12.8,2014,"Summer",NA,NA,NA,NA,4,NA,NA,NA,1,3,NA,NA,NA,1,9,"August"
"88",2014-08-04,12.9,2014,"Summer",NA,NA,NA,NA,NA,NA,NA,NA,NA,NA,NA,NA,1,2,3,"August"
"89",2014-08-06,13.1,2014,"Summer",NA,NA,NA,NA,NA,1,NA,NA,NA,1,NA,NA,NA,1,3,"August"
"90",2014-08-08,13.1,2014,"Summer",NA,NA,NA,NA,2,1,NA,NA,NA,NA,NA,NA,NA,2,5,"August"
"91",2014-08-11,13.1,2014,"Summer",NA,NA,NA,NA,NA,NA,NA,NA,NA,1,NA,NA,1,1,3,"August"
"92",2014-08-13,13,2014,"Summer",NA,NA,NA,NA,2,2,NA,NA,NA,2,NA,NA,NA,NA,6,"August"
"93",2014-08-15,13.1,2014,"Summer",NA,NA,NA,NA,NA,2,NA,NA,NA,NA,NA,NA,NA,1,3,"August"
"94",2014-08-18,13.3,2014,"Summer",NA,NA,NA,NA,2,4,NA,NA,1,3,NA,NA,NA,5,15,"August"
"95",2014-08-20,13.1,2014,"Summer",NA,NA,NA,NA,1,1,NA,NA,2,5,NA,NA,NA,2,11,"August"
"96",2014-08-22,13,2014,"Summer",NA,NA,NA,NA,3,NA,NA,NA,2,NA,NA,NA,NA,2,7,"August"
"97",2014-08-25,13.7,2014,"Summer",NA,NA,NA,NA,1,NA,NA,NA,NA,2,NA,NA,NA,NA,3,"August"
"98",2014-08-27,13,2014,"Summer",NA,NA,NA,NA,3,2,NA,NA,NA,NA,NA,NA,NA,NA,5,"August"
"99",2014-08-29,13.1,2014,"Summer",NA,NA,NA,NA,NA,NA,NA,NA,NA,NA,NA,NA,NA,2,2,"August"
"100",2014-09-02,13.3,2014,"Summer",NA,NA,NA,NA,1,1,NA,NA,NA,NA,NA,NA,NA,NA,2,"September"
"101",2014-09-03,13.2,2014,"Summer",NA,NA,NA,NA,NA,1,NA,NA,NA,NA,NA,NA,NA,NA,1,"September"
"102",2014-09-05,13.2,2014,"Summer",NA,NA,NA,NA,NA,2,NA,NA,NA,NA,NA,NA,NA,NA,2,"September"
"103",2014-09-08,13.1,2014,"Summer",NA,NA,NA,NA,1,NA,NA,NA,NA,NA,NA,NA,NA,NA,1,"September"
"104",2014-09-12,13.1,2014,"Summer",3,NA,NA,NA,NA,NA,NA,NA,NA,NA,NA,1,NA,NA,4,"September"
"105",2014-09-15,13,2014,"Summer",3,NA,NA,NA,NA,NA,NA,NA,NA,NA,NA,NA,NA,NA,3,"September"
"106",2014-09-18,13.1,2014,"Summer",3,NA,NA,NA,NA,NA,NA,NA,NA,NA,NA,NA,NA,NA,3,"September"
"107",2014-09-22,13.3,2014,"Fall",10,1,NA,NA,NA,NA,NA,NA,NA,NA,NA,NA,NA,2,13,"September"
"108",2014-09-24,13.2,2014,"Fall",6,1,2,NA,NA,1,NA,NA,NA,1,NA,NA,NA,NA,11,"September"
"109",2014-09-26,13.3,2014,"Fall",12,1,1,NA,NA,NA,NA,NA,NA,NA,NA,NA,NA,2,16,"September"
"110",2014-09-29,13.3,2014,"Fall",19,3,6,2,NA,NA,NA,NA,NA,NA,NA,NA,NA,NA,30,"September"
"111",2014-10-01,13.2,2014,"Fall",10,NA,2,NA,NA,NA,NA,NA,NA,NA,NA,4,NA,8,24,"October"
"112",2014-10-03,13.2,2014,"Fall",17,2,1,NA,NA,NA,NA,NA,NA,NA,NA,1,NA,6,27,"October"
"113",2014-10-06,13.2,2014,"Fall",10,2,1,NA,NA,NA,NA,NA,NA,NA,NA,5,NA,2,20,"October"
"114",2014-10-08,13,2014,"Fall",24,NA,1,NA,NA,NA,NA,NA,NA,NA,NA,4,NA,NA,29,"October"
"115",2014-10-10,13,2014,"Fall",24,NA,1,NA,NA,NA,NA,NA,NA,NA,NA,7,NA,1,33,"October"
"116",2014-10-13,12.9,2014,"Fall",34,1,1,1,NA,NA,NA,NA,NA,NA,NA,29,NA,10,76,"October"
"117",2014-10-15,12.9,2014,"Fall",19,2,1,NA,NA,NA,NA,NA,NA,NA,NA,3,NA,3,28,"October"
"118",2014-10-17,12.7,2014,"Fall",17,NA,NA,NA,NA,NA,NA,NA,NA,NA,NA,18,NA,5,40,"October"
"119",2014-10-20,12.4,2014,"Fall",29,2,2,NA,NA,NA,NA,NA,NA,NA,NA,43,NA,6,82,"October"
"120",2014-10-22,12.5,2014,"Fall",45,4,3,NA,NA,NA,NA,NA,NA,NA,NA,32,NA,10,94,"October"
"121",2014-10-24,12.3,2014,"Fall",36,1,1,NA,NA,NA,NA,NA,NA,NA,NA,12,NA,12,62,"October"
"122",2014-10-27,12,2014,"Fall",58,4,1,NA,NA,NA,NA,NA,NA,NA,NA,70,1,9,143,"October"
"123",2014-10-29,11.9,2014,"Fall",87,2,2,NA,NA,NA,NA,NA,NA,NA,NA,31,NA,9,131,"October"
"124",2014-10-31,11.8,2014,"Fall",39,NA,1,NA,NA,NA,NA,NA,NA,NA,NA,41,1,6,88,"October"
"125",2014-11-03,11.6,2014,"Fall",21,2,NA,NA,NA,NA,NA,NA,NA,NA,NA,66,1,6,96,"November"
"126",2014-11-05,11.5,2014,"Fall",18,2,NA,NA,NA,NA,NA,NA,NA,NA,NA,32,NA,5,57,"November"
"127",2014-11-07,11.5,2014,"Fall",39,NA,NA,NA,NA,NA,NA,NA,NA,NA,NA,26,1,7,73,"November"
"128",2014-11-10,11.7,2014,"Fall",38,2,3,NA,NA,NA,NA,NA,NA,NA,NA,107,1,11,162,"November"
"129",2014-11-11,11.4,2014,"Fall",26,NA,1,NA,NA,NA,NA,NA,NA,NA,NA,30,NA,2,59,"November"
"130",2014-11-12,11,2014,"Fall",14,NA,NA,NA,NA,NA,NA,NA,NA,NA,NA,55,NA,NA,69,"November"
"131",2014-11-17,9.6,2014,"Fall",39,3,1,NA,NA,NA,NA,NA,NA,NA,NA,180,NA,5,228,"November"
"132",2014-11-18,9.4,2014,"Fall",NA,NA,NA,NA,NA,NA,NA,NA,NA,NA,NA,17,NA,NA,17,"November"
"133",2014-11-19,9.4,2014,"Fall",5,1,NA,NA,NA,NA,NA,NA,NA,NA,NA,36,NA,NA,42,"November"
"134",2014-11-21,9.3,2014,"Fall",5,NA,NA,NA,NA,NA,NA,NA,NA,NA,NA,48,NA,NA,53,"November"
"135",2014-11-24,9.4,2014,"Fall",34,NA,NA,1,NA,NA,NA,NA,NA,NA,NA,107,NA,1,143,"November"
"136",2014-11-26,9.5,2014,"Fall",79,1,6,NA,NA,NA,NA,NA,NA,NA,NA,64,NA,6,156,"November"
"137",2014-11-28,9.6,2014,"Fall",47,1,1,1,NA,NA,NA,NA,NA,NA,NA,53,NA,8,111,"November"
"138",2014-12-01,9.1,2014,"Fall",69,1,NA,1,NA,NA,NA,NA,NA,NA,NA,69,1,8,149,"December"
"139",2014-12-03,8.8,2014,"Fall",76,1,NA,1,NA,NA,NA,NA,NA,NA,NA,21,NA,4,103,"December"
"140",2014-12-05,8.6,2014,"Fall",42,1,NA,NA,NA,NA,NA,NA,NA,NA,NA,27,NA,3,73,"December"
"141",2014-12-08,8.5,2014,"Fall",23,NA,NA,NA,NA,NA,NA,NA,NA,NA,NA,26,NA,4,53,"December"
"142",2014-12-10,8.7,2014,"Fall",31,NA,NA,NA,NA,NA,NA,NA,NA,NA,NA,11,NA,9,51,"December"
"143",2014-12-12,8.7,2014,"Fall",29,NA,2,NA,NA,NA,NA,NA,NA,NA,NA,40,NA,13,84,"December"
"144",2014-12-15,8.6,2014,"Fall",7,NA,NA,NA,NA,NA,NA,NA,NA,NA,NA,5,NA,1,13,"December"
"145",2014-12-17,8.3,2014,"Fall",11,NA,NA,1,NA,NA,NA,NA,NA,NA,NA,2,NA,NA,14,"December"
"146",2014-12-19,8.2,2014,"Fall",1,NA,NA,NA,NA,NA,NA,NA,NA,NA,NA,1,NA,2,4,"December"
"147",2014-12-22,8.4,2014,"Winter",70,NA,4,1,NA,NA,NA,NA,NA,NA,NA,19,NA,22,116,"December"
"148",2014-12-24,8.3,2014,"Winter",119,5,2,2,NA,NA,NA,NA,NA,NA,NA,10,NA,22,160,"December"
"149",2014-12-26,7.9,2014,"Winter",60,4,NA,NA,NA,NA,NA,NA,NA,NA,NA,2,NA,10,76,"December"
"150",2014-12-29,7.6,2014,"Winter",67,4,2,NA,NA,NA,NA,NA,NA,NA,NA,6,NA,16,95,"December"
"151",2014-12-31,7.2,2014,"Winter",18,NA,NA,NA,NA,NA,NA,NA,NA,NA,NA,8,1,4,31,"December"
"152",2015-01-02,6.5,2015,"Winter",8,NA,NA,NA,NA,NA,NA,NA,NA,NA,NA,11,NA,5,24,"January"
"153",2015-01-05,6.8,2015,"Winter",43,NA,NA,NA,NA,NA,NA,NA,NA,NA,NA,5,NA,3,51,"January"
"154",2015-01-07,6.8,2015,"Winter",75,NA,NA,NA,NA,NA,NA,NA,NA,NA,NA,3,NA,12,90,"January"
"155",2015-01-09,6.7,2015,"Winter",49,NA,1,NA,NA,NA,NA,NA,NA,NA,NA,5,NA,5,60,"January"
"156",2015-01-12,6.8,2015,"Winter",43,NA,NA,NA,NA,NA,NA,NA,NA,NA,NA,6,NA,10,59,"January"
"157",2015-01-14,7.1,2015,"Winter",29,NA,2,NA,NA,NA,NA,NA,NA,NA,NA,2,NA,9,42,"January"
"158",2015-01-16,7,2015,"Winter",36,NA,NA,NA,NA,NA,NA,NA,NA,NA,NA,NA,NA,19,55,"January"
"159",2015-01-19,7.2,2015,"Winter",84,NA,1,NA,NA,NA,NA,NA,NA,NA,NA,2,NA,6,93,"January"
"160",2015-01-22,7.5,2015,"Winter",89,NA,NA,NA,NA,NA,NA,NA,NA,NA,NA,5,NA,30,124,"January"
"161",2015-01-23,7.3,2015,"Winter",19,NA,1,NA,NA,NA,NA,NA,NA,NA,NA,NA,NA,6,26,"January"
"162",2015-01-26,7.1,2015,"Winter",36,3,1,NA,NA,NA,NA,NA,NA,NA,NA,2,NA,13,55,"January"
"163",2015-01-28,7.4,2015,"Winter",41,1,1,NA,NA,NA,NA,NA,NA,NA,NA,1,NA,10,54,"January"
"164",2015-01-30,7.3,2015,"Winter",38,NA,NA,NA,NA,NA,NA,NA,NA,NA,NA,NA,NA,12,50,"January"
"165",2015-02-02,7.1,2015,"Winter",42,NA,NA,NA,NA,NA,NA,NA,NA,NA,NA,NA,NA,9,51,"February"
"166",2015-02-04,7.3,2015,"Winter",40,NA,NA,NA,NA,NA,NA,NA,NA,NA,NA,NA,NA,15,55,"February"
"167",2015-02-06,7.6,2015,"Winter",54,2,1,NA,NA,NA,NA,NA,NA,NA,NA,NA,NA,15,72,"February"
"168",2015-02-09,7.8,2015,"Winter",70,2,2,NA,NA,NA,NA,NA,NA,NA,NA,NA,NA,31,105,"February"
"169",2015-02-11,7.5,2015,"Winter",84,NA,1,NA,NA,NA,NA,NA,NA,NA,NA,NA,NA,15,100,"February"
"170",2015-02-13,7.6,2015,"Winter",28,NA,NA,NA,NA,NA,NA,NA,NA,NA,NA,NA,NA,5,33,"February"
"171",2015-02-16,7.7,2015,"Winter",36,1,1,NA,NA,NA,NA,NA,NA,NA,NA,1,NA,9,48,"February"
"172",2015-02-18,7.7,2015,"Winter",26,NA,NA,NA,NA,NA,NA,NA,NA,NA,NA,1,NA,3,30,"February"
"173",2015-02-20,7.7,2015,"Winter",22,NA,1,1,NA,NA,NA,NA,NA,NA,NA,NA,NA,8,32,"February"
"174",2015-02-23,7.7,2015,"Winter",37,1,NA,NA,NA,NA,NA,NA,NA,NA,NA,NA,NA,10,48,"February"
"175",2015-02-25,7.4,2015,"Winter",20,NA,NA,NA,NA,NA,NA,NA,NA,NA,NA,1,NA,12,33,"February"
"176",2015-02-27,7.7,2015,"Winter",15,1,1,NA,NA,NA,NA,NA,NA,NA,NA,NA,NA,5,22,"February"
"177",2015-03-02,7.8,2015,"Winter",32,NA,1,1,NA,NA,NA,NA,NA,NA,NA,1,NA,5,40,"March"
"178",2015-03-04,7.4,2015,"Winter",15,NA,NA,NA,NA,NA,NA,NA,NA,NA,NA,NA,NA,2,17,"March"
"179",2015-03-06,7.5,2015,"Winter",18,NA,NA,NA,NA,NA,NA,NA,NA,NA,NA,NA,NA,4,22,"March"
"180",2015-03-09,8.1,2015,"Winter",34,1,NA,NA,NA,NA,NA,NA,NA,NA,NA,NA,NA,3,38,"March"
"181",2015-03-11,8.3,2015,"Winter",40,3,2,NA,NA,NA,NA,NA,NA,NA,NA,NA,NA,1,46,"March"
"182",2015-03-13,8.5,2015,"Winter",20,3,2,NA,NA,NA,NA,NA,NA,NA,NA,NA,NA,13,38,"March"
"183",2015-03-16,8.9,2015,"Winter",30,16,NA,2,NA,NA,NA,NA,NA,NA,NA,NA,NA,20,68,"March"
"184",2015-03-18,9.2,2015,"Winter",18,8,2,NA,NA,NA,NA,NA,NA,NA,NA,NA,NA,21,49,"March"
"185",2015-03-20,9,2015,"Spring",7,3,NA,1,NA,NA,NA,NA,NA,NA,NA,NA,NA,3,14,"March"
"186",2015-03-23,9.3,2015,"Spring",15,11,NA,NA,NA,NA,NA,NA,NA,NA,NA,NA,NA,22,48,"March"
"187",2015-03-25,9.5,2015,"Spring",19,5,NA,NA,NA,NA,NA,NA,NA,NA,NA,NA,NA,9,33,"March"
"188",2015-03-27,9.8,2015,"Spring",13,5,NA,NA,NA,NA,NA,NA,NA,NA,NA,NA,NA,5,23,"March"
"189",2015-03-30,9.9,2015,"Spring",23,16,1,2,NA,NA,NA,NA,NA,NA,NA,NA,2,8,52,"March"
"190",2015-04-01,9.9,2015,"Spring",12,5,NA,NA,NA,NA,NA,NA,NA,NA,NA,NA,NA,4,21,"April"
"191",2015-04-03,10.1,2015,"Spring",4,6,1,NA,NA,NA,NA,NA,NA,NA,NA,NA,NA,13,24,"April"
"192",2015-04-06,9.9,2015,"Spring",1,1,NA,NA,NA,NA,NA,NA,NA,NA,NA,NA,NA,7,9,"April"
"193",2015-04-08,10,2015,"Spring",3,6,NA,NA,NA,NA,NA,NA,NA,NA,NA,NA,NA,8,17,"April"
"194",2015-04-10,10,2015,"Spring",NA,NA,NA,NA,NA,NA,NA,NA,NA,NA,NA,NA,NA,2,2,"April"
"195",2015-04-13,10.1,2015,"Spring",3,1,1,NA,NA,NA,NA,NA,NA,NA,NA,NA,NA,14,19,"April"
"196",2015-04-15,10.3,2015,"Spring",NA,2,1,NA,NA,NA,NA,NA,NA,NA,NA,NA,NA,4,7,"April"
"197",2015-04-17,10.5,2015,"Spring",1,2,NA,NA,NA,NA,NA,NA,NA,NA,NA,NA,NA,7,10,"April"
"198",2015-04-20,10.7,2015,"Spring",1,2,NA,NA,NA,NA,NA,NA,NA,NA,NA,NA,NA,6,9,"April"
"199",2015-04-22,10.7,2015,"Spring",NA,2,1,NA,NA,NA,NA,NA,NA,NA,NA,NA,NA,5,8,"April"
"200",2015-04-24,10.6,2015,"Spring",NA,2,NA,NA,NA,NA,NA,NA,NA,NA,NA,NA,NA,5,7,"April"
"201",2015-04-27,11.3,2015,"Spring",2,NA,NA,NA,NA,NA,NA,NA,NA,NA,NA,NA,NA,4,6,"April"
"202",2015-04-29,11.3,2015,"Spring",3,NA,NA,NA,NA,NA,NA,NA,NA,NA,NA,NA,NA,5,8,"April"
"203",2015-05-01,11.6,2015,"Spring",1,NA,NA,NA,NA,NA,NA,NA,NA,NA,NA,NA,NA,7,8,"May"
"204",2015-05-04,12.1,2015,"Spring",NA,3,NA,NA,NA,NA,2,NA,NA,NA,NA,NA,NA,10,15,"May"
"205",2015-05-06,11.9,2015,"Spring",1,NA,NA,NA,1,NA,5,NA,NA,NA,NA,NA,NA,4,11,"May"
"206",2015-05-08,12.6,2015,"Spring",NA,NA,NA,NA,4,NA,1,NA,NA,NA,NA,NA,NA,1,6,"May"
"207",2015-05-11,12.2,2015,"Spring",NA,1,NA,NA,13,1,2,1,NA,NA,NA,NA,NA,6,24,"May"
"208",2015-05-13,12.1,2015,"Spring",NA,NA,NA,NA,8,NA,3,NA,NA,NA,NA,NA,NA,NA,11,"May"
"209",2015-05-15,12,2015,"Spring",NA,NA,NA,NA,6,NA,1,NA,NA,NA,NA,NA,NA,4,11,"May"
"210",2015-05-18,11.9,2015,"Spring",NA,NA,NA,NA,6,1,1,NA,NA,NA,NA,NA,NA,4,12,"May"
"211",2015-05-20,11.9,2015,"Spring",NA,NA,NA,NA,20,1,6,NA,NA,NA,NA,NA,NA,5,32,"May"
"212",2015-05-22,12.1,2015,"Spring",NA,NA,NA,NA,15,2,2,2,NA,NA,NA,NA,NA,10,31,"May"
"213",2015-05-24,12.4,2015,"Spring",NA,NA,NA,NA,4,NA,NA,NA,NA,NA,NA,NA,NA,1,5,"May"
"214",2015-05-26,12.4,2015,"Spring",NA,NA,NA,NA,6,NA,1,NA,NA,NA,NA,NA,NA,5,12,"May"
"215",2015-05-27,12.5,2015,"Spring",NA,NA,NA,NA,14,2,1,NA,NA,NA,NA,NA,NA,3,20,"May"
"216",2015-05-29,13,2015,"Spring",NA,NA,NA,NA,25,5,3,NA,NA,NA,NA,NA,NA,1,34,"May"
"217",2015-06-01,13.9,2015,"Spring",NA,NA,NA,NA,40,NA,2,3,NA,NA,NA,NA,NA,3,48,"June"
"218",2015-06-03,13.6,2015,"Spring",NA,NA,NA,NA,31,NA,1,NA,NA,NA,NA,NA,1,13,46,"June"
"219",2015-06-05,13.8,2015,"Spring",NA,NA,NA,NA,12,1,NA,NA,NA,NA,NA,NA,NA,22,35,"June"
"220",2015-06-08,13.2,2015,"Spring",NA,NA,NA,NA,30,2,1,1,NA,NA,NA,NA,NA,6,40,"June"
"221",2015-06-10,13.2,2015,"Spring",NA,NA,NA,NA,15,3,1,NA,NA,NA,NA,NA,NA,6,25,"June"
"222",2015-06-12,12.8,2015,"Spring",NA,NA,NA,NA,7,NA,NA,NA,NA,NA,NA,NA,NA,6,13,"June"
"223",2015-06-15,13,2015,"Spring",NA,NA,NA,NA,14,1,NA,NA,NA,NA,NA,NA,NA,7,22,"June"
"224",2015-06-17,13.1,2015,"Spring",NA,NA,NA,NA,26,1,NA,NA,NA,NA,NA,NA,1,7,35,"June"
"225",2015-06-19,13.3,2015,"Spring",NA,NA,NA,NA,14,1,NA,NA,NA,NA,NA,NA,NA,1,16,"June"
"226",2015-06-22,13.7,2015,"Summer",NA,NA,NA,NA,39,2,3,NA,NA,NA,NA,1,NA,5,50,"June"
"227",2015-06-24,14.1,2015,"Summer",NA,NA,NA,NA,18,4,NA,NA,NA,NA,NA,NA,NA,1,23,"June"
"228",2015-06-26,14.4,2015,"Summer",NA,1,NA,NA,43,3,NA,2,NA,NA,NA,NA,1,10,60,"June"
"229",2015-06-29,14.7,2015,"Summer",NA,NA,NA,NA,74,8,NA,1,NA,NA,NA,NA,NA,1,84,"June"
"230",2015-07-01,14.9,2015,"Summer",NA,NA,NA,NA,37,10,NA,1,NA,NA,NA,1,1,2,52,"July"
"231",2015-07-02,15,2015,"Summer",NA,NA,NA,NA,12,1,NA,NA,NA,NA,NA,NA,NA,2,15,"July"
"232",2015-07-06,15,2015,"Summer",NA,NA,NA,NA,64,6,NA,2,NA,NA,NA,2,3,1,78,"July"
"233",2015-07-08,15.4,2015,"Summer",NA,NA,NA,NA,31,4,NA,NA,NA,NA,NA,NA,1,4,40,"July"
"234",2015-07-10,14.7,2015,"Summer",NA,NA,NA,NA,31,3,1,NA,NA,NA,NA,NA,NA,12,47,"July"
"235",2015-07-13,13.6,2015,"Summer",NA,NA,NA,NA,20,5,NA,NA,NA,NA,NA,NA,1,1,27,"July"
"236",2015-07-15,13.3,2015,"Summer",NA,NA,NA,NA,17,NA,NA,NA,NA,NA,NA,NA,1,2,20,"July"
"237",2015-07-17,12.7,2015,"Summer",NA,NA,NA,NA,17,4,NA,NA,NA,NA,NA,NA,2,2,25,"July"
"238",2015-07-20,12.6,2015,"Summer",NA,NA,NA,NA,6,NA,NA,NA,NA,NA,NA,NA,NA,5,11,"July"
"239",2015-07-22,12.7,2015,"Summer",NA,NA,NA,NA,10,NA,NA,NA,NA,NA,NA,NA,1,NA,11,"July"
"240",2015-07-24,12.7,2015,"Summer",NA,NA,NA,NA,14,1,NA,NA,NA,NA,NA,NA,NA,3,18,"July"
"241",2015-07-27,12.6,2015,"Summer",NA,NA,NA,NA,6,2,NA,NA,NA,NA,NA,NA,NA,NA,8,"July"
"242",2015-07-31,13.3,2015,"Summer",NA,NA,NA,NA,16,4,NA,NA,NA,1,NA,NA,1,NA,22,"July"
"243",2015-08-03,13.3,2015,"Summer",NA,NA,NA,NA,7,NA,NA,NA,NA,NA,NA,NA,1,NA,8,"August"
"244",2015-08-05,13.4,2015,"Summer",NA,NA,NA,NA,14,2,NA,NA,NA,NA,NA,NA,2,NA,18,"August"
"245",2015-08-07,13.3,2015,"Summer",NA,NA,NA,NA,25,4,1,1,NA,NA,NA,NA,1,3,35,"August"
"246",2015-08-10,13.3,2015,"Summer",NA,NA,NA,NA,19,4,NA,NA,1,NA,NA,NA,1,NA,25,"August"
"247",2015-08-12,13.5,2015,"Summer",1,NA,NA,NA,10,1,NA,NA,NA,NA,NA,NA,1,3,16,"August"
"248",2015-08-14,13.4,2015,"Summer",NA,NA,NA,NA,5,NA,NA,NA,2,NA,NA,NA,NA,2,9,"August"
"249",2015-08-17,13.5,2015,"Summer",NA,NA,NA,NA,1,NA,NA,NA,NA,NA,NA,NA,NA,NA,1,"August"
"250",2015-08-19,13.6,2015,"Summer",2,NA,NA,NA,25,4,NA,NA,NA,NA,NA,NA,NA,NA,31,"August"
"251",2015-08-21,13.5,2015,"Summer",1,NA,NA,NA,15,5,NA,NA,4,NA,1,NA,2,NA,28,"August"
"252",2015-08-24,13.4,2015,"Summer",NA,NA,NA,NA,23,3,NA,NA,2,NA,2,NA,1,NA,31,"August"
"253",2015-08-26,13.2,2015,"Summer",NA,NA,NA,NA,3,2,NA,NA,4,2,NA,NA,NA,1,12,"August"
"254",2015-08-28,13.1,2015,"Summer",NA,NA,NA,NA,24,2,NA,NA,2,NA,1,NA,1,NA,30,"August"
"255",2015-08-31,13,2015,"Summer",NA,NA,NA,NA,11,3,NA,NA,3,NA,NA,NA,NA,NA,17,"August"
"256",2015-09-02,13.2,2015,"Summer",NA,NA,NA,NA,3,NA,NA,NA,2,NA,NA,NA,NA,NA,5,"September"
"257",2015-09-04,13.1,2015,"Summer",NA,NA,NA,NA,9,5,NA,NA,1,NA,1,1,NA,1,18,"September"
"258",2015-09-09,13.3,2015,"Summer",NA,NA,NA,NA,2,1,NA,NA,2,NA,1,NA,NA,NA,6,"September"
"259",2015-09-11,13.3,2015,"Summer",NA,NA,NA,NA,1,1,NA,NA,NA,NA,NA,NA,NA,1,3,"September"
"260",2015-09-14,13.3,2015,"Summer",2,NA,NA,NA,1,NA,NA,NA,1,1,NA,NA,NA,1,6,"September"
"261",2015-09-16,13.3,2015,"Summer",2,NA,NA,NA,NA,1,NA,NA,NA,NA,NA,NA,NA,1,4,"September"
"262",2015-09-18,13.3,2015,"Summer",3,NA,NA,NA,NA,1,NA,NA,NA,NA,NA,NA,NA,NA,4,"September"
"263",2015-09-21,13.4,2015,"Summer",3,1,NA,NA,NA,NA,NA,NA,1,NA,NA,NA,NA,2,7,"September"
"264",2015-09-23,13.4,2015,"Fall",5,1,NA,1,NA,1,NA,NA,1,NA,NA,NA,NA,2,11,"September"
"265",2015-09-25,13.4,2015,"Fall",10,NA,NA,NA,NA,NA,NA,NA,NA,NA,NA,3,NA,2,15,"September"
"266",2015-09-28,13.3,2015,"Fall",17,NA,NA,1,1,2,NA,NA,NA,NA,NA,1,NA,7,29,"September"
"267",2015-09-30,13.2,2015,"Fall",13,NA,NA,NA,NA,1,NA,NA,NA,NA,NA,6,NA,4,24,"September"
"268",2015-10-02,13.2,2015,"Fall",13,NA,1,NA,NA,NA,NA,NA,NA,NA,NA,4,NA,2,20,"October"
"269",2015-10-03,13,2015,"Fall",14,NA,1,NA,NA,NA,NA,NA,9,NA,NA,NA,NA,4,28,"October"
"270",2015-10-05,13.1,2015,"Fall",13,NA,NA,1,NA,NA,NA,NA,3,NA,NA,2,NA,5,24,"October"
"271",2015-10-05,13.1,2015,"Fall",30,NA,NA,NA,NA,NA,NA,NA,NA,NA,NA,11,NA,9,50,"October"
"272",2015-10-06,13.1,2015,"Fall",NA,NA,NA,NA,NA,NA,NA,NA,5,NA,1,NA,NA,3,9,"October"
"273",2015-10-07,13,2015,"Fall",6,NA,NA,1,NA,4,NA,NA,NA,NA,NA,2,NA,5,18,"October"
"274",2015-10-09,13.1,2015,"Fall",14,NA,NA,NA,NA,3,NA,NA,NA,NA,NA,16,NA,NA,33,"October"
"275",2015-10-10,13.1,2015,"Fall",21,NA,NA,1,NA,NA,NA,NA,5,NA,NA,1,NA,2,30,"October"
"276",2015-10-12,13.1,2015,"Fall",24,1,NA,NA,NA,NA,NA,NA,1,NA,NA,1,NA,7,34,"October"
"277",2015-10-12,13.1,2015,"Fall",33,NA,1,1,NA,NA,NA,NA,NA,NA,NA,29,NA,16,80,"October"
"278",2015-10-14,13,2015,"Fall",23,NA,NA,NA,NA,NA,NA,NA,NA,NA,NA,1,NA,2,26,"October"
"279",2015-10-14,13,2015,"Fall",33,2,NA,2,NA,NA,NA,NA,NA,NA,NA,19,NA,19,75,"October"
"280",2015-10-16,12.8,2015,"Fall",13,2,NA,1,NA,NA,NA,NA,NA,NA,NA,21,NA,9,46,"October"
"281",2015-10-17,12.8,2015,"Fall",24,1,1,2,NA,NA,NA,NA,NA,NA,NA,2,NA,6,36,"October"
"282",2015-10-19,12.7,2015,"Fall",26,NA,NA,1,NA,NA,NA,NA,NA,NA,NA,24,NA,7,58,"October"
"283",2015-10-19,12.7,2015,"Fall",75,NA,NA,1,NA,NA,NA,NA,NA,NA,NA,27,NA,14,117,"October"
"284",2015-10-21,12.6,2015,"Fall",13,1,1,1,NA,NA,NA,NA,NA,NA,NA,16,1,6,39,"October"
"285",2015-10-21,12.6,2015,"Fall",31,NA,1,NA,NA,NA,NA,NA,NA,NA,NA,18,NA,11,61,"October"
"286",2015-10-23,12.5,2015,"Fall",40,NA,NA,NA,NA,NA,NA,NA,NA,NA,NA,41,NA,11,92,"October"
"287",2015-10-24,12.5,2015,"Fall",82,NA,3,NA,NA,NA,NA,NA,1,NA,NA,45,NA,8,139,"October"
"288",2015-10-26,12.4,2015,"Fall",32,NA,1,NA,NA,NA,NA,NA,NA,NA,NA,42,NA,4,79,"October"
"289",2015-10-26,12.4,2015,"Fall",58,NA,NA,NA,NA,NA,NA,NA,NA,NA,NA,16,NA,7,81,"October"
"290",2015-10-28,12.2,2015,"Fall",18,NA,NA,NA,NA,NA,NA,NA,2,NA,NA,6,NA,3,29,"October"
"291",2015-10-28,12.2,2015,"Fall",50,NA,NA,4,NA,NA,NA,NA,NA,NA,NA,48,NA,10,112,"October"
"292",2015-10-30,12.2,2015,"Fall",37,NA,1,1,NA,NA,NA,NA,NA,NA,NA,24,1,10,74,"October"
"293",2015-10-31,12.3,2015,"Fall",43,NA,1,NA,NA,NA,NA,NA,NA,NA,NA,16,NA,13,73,"October"
"294",2015-11-02,11.9,2015,"Fall",79,1,1,NA,NA,NA,NA,NA,NA,NA,NA,56,NA,17,154,"November"
"295",2015-11-02,11.9,2015,"Fall",75,2,NA,1,NA,NA,NA,NA,NA,NA,NA,80,1,3,162,"November"
"296",2015-11-03,11.8,2015,"Fall",21,NA,2,1,NA,NA,NA,NA,1,NA,NA,22,NA,13,60,"November"
"297",2015-11-04,11.6,2015,"Fall",18,1,NA,NA,NA,NA,NA,NA,NA,NA,NA,8,NA,7,34,"November"
"298",2015-11-04,11.6,2015,"Fall",28,2,1,NA,NA,NA,NA,NA,NA,NA,NA,45,NA,9,85,"November"
"299",2015-11-06,11.6,2015,"Fall",31,1,1,NA,NA,NA,NA,NA,NA,NA,NA,38,NA,10,81,"November"
"300",2015-11-07,11.7,2015,"Fall",22,NA,NA,NA,NA,NA,NA,NA,NA,NA,NA,52,NA,6,80,"November"
"301",2015-11-09,11.7,2015,"Fall",39,NA,NA,NA,NA,NA,NA,NA,NA,NA,NA,74,NA,11,124,"November"
"302",2015-11-09,11.7,2015,"Fall",35,NA,NA,1,NA,NA,NA,NA,NA,NA,NA,68,NA,21,125,"November"
"303",2015-11-10,11.6,2015,"Fall",9,NA,NA,NA,NA,NA,NA,NA,NA,NA,NA,16,NA,NA,NA,"November"
"304",2015-11-11,11.5,2015,"Fall",15,NA,1,NA,NA,NA,NA,NA,NA,NA,NA,34,NA,7,57,"November"
"305",2015-11-13,11.4,2015,"Fall",43,NA,2,NA,NA,NA,NA,NA,NA,NA,NA,81,NA,15,141,"November"
"306",2015-11-14,11.4,2015,"Fall",62,NA,1,1,NA,NA,NA,NA,NA,NA,NA,93,NA,19,176,"November"
"307",2015-11-15,11.2,2015,"Fall",28,NA,NA,1,NA,NA,NA,NA,NA,NA,NA,11,NA,7,47,"November"
"308",2015-11-16,11,2015,"Fall",20,1,NA,NA,NA,NA,NA,NA,NA,NA,NA,4,NA,7,32,"November"
"309",2015-11-16,11,2015,"Fall",24,1,NA,1,NA,NA,NA,NA,NA,NA,NA,87,NA,15,128,"November"
"310",2015-11-18,10.8,2015,"Fall",47,1,NA,NA,NA,NA,NA,NA,NA,NA,NA,17,NA,11,76,"November"
"311",2015-11-18,10.8,2015,"Fall",16,2,NA,1,NA,NA,NA,NA,NA,NA,NA,66,NA,11,96,"November"
"312",2015-11-20,10.6,2015,"Fall",31,NA,NA,NA,NA,NA,NA,NA,NA,NA,NA,60,NA,13,104,"November"
"313",2015-11-21,10.6,2015,"Fall",31,1,NA,NA,NA,NA,NA,NA,NA,NA,NA,47,NA,5,84,"November"
"314",2015-11-23,10.4,2015,"Fall",21,NA,1,NA,NA,NA,NA,NA,NA,NA,NA,26,NA,2,50,"November"
"315",2015-11-23,10.4,2015,"Fall",73,1,1,1,NA,NA,NA,NA,NA,NA,NA,117,NA,17,210,"November"
"316",2015-11-24,10.2,2015,"Fall",34,NA,NA,NA,NA,NA,NA,NA,NA,NA,NA,18,NA,3,55,"November"
"317",2015-11-25,10,2015,"Fall",35,NA,NA,NA,NA,NA,NA,NA,NA,NA,NA,23,NA,1,59,"November"
"318",2015-11-25,10,2015,"Fall",38,NA,NA,NA,NA,NA,NA,NA,NA,NA,NA,22,NA,6,66,"November"
"319",2015-11-27,9.4,2015,"Fall",13,NA,NA,NA,NA,NA,NA,NA,NA,NA,NA,21,NA,1,35,"November"
"320",2015-11-28,9.2,2015,"Fall",29,NA,NA,NA,NA,NA,NA,NA,NA,NA,NA,16,1,6,52,"November"
"321",2015-11-30,8.7,2015,"Fall",21,NA,NA,NA,NA,NA,NA,NA,NA,NA,NA,57,NA,7,85,"November"
"322",2015-12-04,8.8,2015,"Fall",8,NA,NA,NA,NA,NA,NA,NA,NA,NA,NA,57,NA,3,68,"December"
"323",2015-12-07,8.9,2015,"Fall",13,NA,NA,NA,NA,NA,NA,NA,NA,NA,NA,40,1,4,58,"December"
"324",2015-12-09,9.1,2015,"Fall",34,NA,NA,NA,NA,NA,NA,NA,NA,NA,NA,24,NA,22,80,"December"
"325",2015-12-11,9,2015,"Fall",63,1,NA,NA,NA,NA,NA,NA,NA,NA,NA,27,NA,22,113,"December"
"326",2015-12-14,8.7,2015,"Fall",91,3,NA,NA,NA,NA,NA,NA,NA,NA,NA,20,NA,38,152,"December"
"327",2015-12-16,8.5,2015,"Fall",50,NA,NA,NA,NA,NA,NA,NA,NA,NA,NA,13,1,12,76,"December"
"328",2015-12-18,8.2,2015,"Fall",84,8,NA,NA,NA,NA,NA,NA,NA,NA,NA,8,1,6,107,"December"
"329",2015-12-21,8.2,2015,"Winter",13,NA,NA,NA,NA,NA,NA,NA,NA,NA,NA,10,NA,3,26,"December"
"330",2015-12-24,8,2015,"Winter",25,NA,NA,NA,NA,NA,NA,NA,NA,NA,NA,9,NA,7,41,"December"
"331",2015-12-28,7.7,2015,"Winter",21,NA,NA,NA,NA,NA,NA,NA,NA,NA,NA,21,NA,7,49,"December"
"332",2015-12-30,7.3,2015,"Winter",19,NA,NA,NA,NA,NA,NA,NA,NA,NA,NA,9,NA,5,33,"December"
"333",2016-01-04,6.8,2016,"Winter",32,NA,1,NA,NA,NA,NA,NA,NA,NA,NA,7,1,19,60,"January"
"334",2016-01-06,6.7,2016,"Winter",15,NA,NA,NA,NA,NA,NA,NA,NA,NA,NA,4,NA,4,23,"January"
"335",2016-01-08,6.7,2016,"Winter",22,NA,NA,NA,NA,NA,NA,NA,NA,NA,NA,4,1,12,39,"January"
"336",2016-01-11,6.7,2016,"Winter",38,NA,NA,NA,NA,NA,NA,NA,NA,NA,NA,12,NA,5,55,"January"
"337",2016-01-13,6.9,2016,"Winter",22,NA,NA,NA,NA,NA,NA,NA,NA,NA,NA,2,NA,11,35,"January"
"338",2016-01-15,6.7,2016,"Winter",38,NA,1,NA,NA,NA,NA,NA,NA,NA,NA,3,NA,15,57,"January"
"339",2016-01-18,6.9,2016,"Winter",35,NA,1,1,NA,NA,NA,NA,NA,NA,NA,5,NA,18,60,"January"
"340",2016-01-20,6.9,2016,"Winter",20,NA,NA,NA,NA,NA,NA,NA,NA,NA,NA,NA,NA,13,33,"January"
"341",2016-01-22,7.2,2016,"Winter",88,2,NA,NA,NA,NA,NA,NA,NA,NA,NA,4,NA,47,141,"January"
"342",2016-01-25,7.3,2016,"Winter",96,1,1,NA,NA,NA,NA,NA,NA,NA,NA,2,NA,46,146,"January"
"343",2016-01-27,7.1,2016,"Winter",62,NA,1,NA,NA,NA,NA,NA,NA,NA,NA,5,NA,17,85,"January"
"344",2016-01-29,7.3,2016,"Winter",40,NA,1,NA,NA,NA,NA,NA,NA,NA,NA,3,NA,11,55,"January"
"345",2016-02-01,7.2,2016,"Winter",40,NA,1,1,NA,NA,NA,NA,NA,NA,NA,1,NA,29,72,"February"
"346",2016-02-03,7.1,2016,"Winter",33,NA,NA,NA,NA,NA,NA,NA,NA,NA,NA,1,NA,14,48,"February"
"347",2016-02-05,6.9,2016,"Winter",30,1,NA,NA,NA,NA,NA,NA,NA,NA,NA,1,NA,12,44,"February"
"348",2016-02-08,7.3,2016,"Winter",29,NA,NA,NA,NA,NA,NA,NA,NA,NA,NA,NA,NA,12,41,"February"
"349",2016-02-10,7.2,2016,"Winter",34,1,NA,NA,NA,NA,NA,NA,NA,NA,NA,2,NA,9,46,"February"
"350",2016-02-12,7.1,2016,"Winter",34,NA,1,NA,NA,NA,NA,NA,NA,NA,NA,2,NA,8,45,"February"
"351",2016-02-15,7.5,2016,"Winter",33,1,NA,NA,NA,NA,NA,NA,NA,NA,NA,1,NA,13,48,"February"
"352",2016-02-17,8.2,2016,"Winter",68,NA,3,NA,NA,NA,NA,NA,NA,NA,NA,1,NA,34,106,"February"
"353",2016-02-19,8.1,2016,"Winter",39,NA,NA,NA,NA,NA,NA,NA,NA,NA,NA,1,NA,27,67,"February"
"354",2016-02-22,7.7,2016,"Winter",55,2,NA,NA,NA,NA,NA,NA,NA,NA,NA,NA,NA,33,90,"February"
"355",2016-02-24,7.6,2016,"Winter",14,1,NA,NA,NA,NA,NA,NA,NA,NA,NA,NA,NA,11,26,"February"
"356",2016-02-26,7.3,2016,"Winter",12,1,NA,NA,NA,NA,NA,NA,NA,NA,NA,NA,NA,16,29,"February"
"357",2016-02-29,7.3,2016,"Winter",13,NA,NA,NA,NA,NA,NA,NA,NA,NA,NA,NA,NA,16,29,"February"
"358",2016-03-02,7.6,2016,"Winter",5,NA,NA,NA,NA,NA,NA,NA,NA,NA,NA,NA,NA,13,18,"March"
"359",2016-03-04,8,2016,"Winter",23,1,1,NA,NA,NA,NA,NA,NA,NA,NA,NA,NA,17,42,"March"
"360",2016-03-07,8.1,2016,"Winter",8,1,NA,NA,NA,NA,NA,NA,NA,NA,NA,NA,NA,10,19,"March"
"361",2016-03-09,8.1,2016,"Winter",5,NA,NA,NA,NA,NA,NA,NA,NA,NA,NA,NA,NA,7,12,"March"
"362",2016-03-11,8,2016,"Winter",40,4,1,NA,NA,NA,NA,NA,NA,NA,NA,NA,NA,16,61,"March"
"363",2016-03-14,7.8,2016,"Winter",6,4,NA,NA,NA,NA,NA,NA,NA,NA,NA,NA,NA,9,19,"March"
"364",2016-03-16,8,2016,"Winter",4,1,NA,NA,NA,NA,NA,NA,NA,NA,NA,NA,NA,10,15,"March"
"365",2016-03-18,7.8,2016,"Winter",6,1,NA,NA,NA,NA,NA,NA,NA,NA,NA,NA,NA,9,16,"March"
"366",2016-03-21,7.9,2016,"Spring",9,NA,NA,NA,NA,NA,NA,NA,NA,NA,NA,1,NA,2,12,"March"
"367",2016-03-23,8,2016,"Spring",4,1,NA,NA,NA,NA,NA,NA,NA,NA,NA,NA,NA,10,15,"March"
"368",2016-03-25,8.6,2016,"Spring",7,1,NA,NA,NA,NA,NA,NA,NA,NA,NA,NA,NA,9,17,"March"
"369",2016-03-28,8.4,2016,"Spring",8,1,NA,NA,NA,NA,NA,NA,NA,NA,NA,NA,NA,34,43,"March"
"370",2016-03-30,8.9,2016,"Spring",1,NA,NA,NA,NA,NA,NA,NA,NA,NA,NA,NA,NA,4,5,"March"
"371",2016-04-04,9.7,2016,"Spring",2,NA,NA,NA,NA,NA,NA,NA,NA,NA,NA,NA,NA,2,4,"April"
"372",2016-04-06,10.4,2016,"Spring",1,1,NA,NA,NA,NA,NA,NA,NA,NA,NA,NA,NA,6,8,"April"
"373",2016-04-08,10.6,2016,"Spring",3,NA,NA,NA,NA,NA,NA,NA,NA,NA,NA,NA,NA,6,9,"April"
"374",2016-04-11,11.1,2016,"Spring",NA,2,NA,NA,NA,NA,NA,NA,NA,NA,NA,NA,NA,8,10,"April"
"375",2016-04-13,11.3,2016,"Spring",1,2,NA,NA,NA,NA,NA,NA,NA,NA,NA,NA,NA,3,6,"April"
"376",2016-04-15,11.9,2016,"Spring",NA,NA,NA,NA,NA,NA,NA,NA,NA,NA,NA,NA,NA,5,5,"April"
"377",2016-04-18,11.5,2016,"Spring",1,1,NA,NA,NA,NA,NA,NA,NA,NA,NA,NA,NA,2,4,"April"
"378",2016-04-20,11.5,2016,"Spring",NA,2,NA,NA,NA,NA,NA,NA,NA,NA,NA,NA,NA,8,10,"April"
"379",2016-04-25,12.1,2016,"Spring",1,NA,NA,NA,NA,NA,NA,NA,NA,NA,NA,NA,NA,3,4,"April"
"380",2016-05-02,12.3,2016,"Spring",NA,1,NA,NA,NA,NA,NA,NA,NA,NA,NA,NA,NA,1,2,"May"
"381",2016-05-04,12.1,2016,"Spring",1,1,NA,NA,NA,NA,NA,NA,NA,NA,NA,NA,NA,1,3,"May"
"382",2016-05-06,12.6,2016,"Spring",NA,NA,NA,NA,NA,1,NA,NA,NA,NA,NA,NA,NA,NA,1,"May"
"383",2016-05-09,12.3,2016,"Spring",1,1,NA,NA,NA,NA,NA,NA,NA,NA,NA,NA,NA,12,14,"May"
"384",2016-05-13,13.6,2016,"Spring",NA,NA,NA,NA,1,NA,2,NA,NA,NA,NA,NA,NA,5,8,"May"
"385",2016-05-16,13,2016,"Spring",NA,NA,NA,NA,6,NA,NA,NA,NA,NA,NA,NA,NA,2,8,"May"
"386",2016-05-18,12.7,2016,"Spring",NA,NA,NA,NA,2,NA,NA,NA,NA,NA,NA,NA,NA,6,8,"May"
"387",2016-05-20,12.7,2016,"Spring",NA,NA,NA,NA,2,1,NA,NA,NA,NA,NA,NA,1,8,12,"May"
"388",2016-05-23,13,2016,"Spring",NA,NA,NA,NA,7,1,1,NA,NA,NA,NA,NA,NA,7,16,"May"
"389",2016-05-25,13.4,2016,"Spring",NA,NA,NA,NA,10,NA,NA,NA,NA,NA,NA,NA,NA,9,19,"May"
"390",2016-05-27,13.1,2016,"Spring",NA,NA,NA,NA,19,2,5,NA,NA,NA,NA,NA,NA,5,31,"May"
"391",2016-05-31,13.1,2016,"Spring",NA,NA,NA,NA,26,NA,4,NA,NA,NA,NA,NA,NA,18,48,"May"
"392",2016-06-01,13.2,2016,"Spring",NA,NA,NA,NA,16,1,NA,NA,NA,NA,NA,NA,NA,9,26,"June"
"393",2016-06-03,13.6,2016,"Spring",NA,NA,NA,NA,9,NA,1,NA,NA,NA,NA,NA,NA,13,23,"June"
"394",2016-06-06,14,2016,"Spring",NA,NA,NA,NA,20,1,2,2,NA,NA,NA,NA,NA,34,59,"June"
"395",2016-06-08,13.9,2016,"Spring",NA,NA,NA,NA,49,1,5,1,NA,NA,NA,NA,NA,14,70,"June"
"396",2016-06-10,14.4,2016,"Spring",NA,NA,NA,NA,28,3,2,NA,NA,NA,NA,NA,NA,NA,33,"June"
"397",2016-06-13,14.1,2016,"Spring",NA,NA,NA,NA,47,1,2,NA,NA,NA,NA,NA,NA,32,82,"June"
"398",2016-06-15,13.6,2016,"Spring",NA,NA,NA,NA,23,4,3,NA,NA,NA,NA,NA,NA,39,69,"June"
"399",2016-06-17,13.2,2016,"Spring",NA,NA,NA,NA,26,NA,1,NA,NA,NA,NA,NA,NA,16,43,"June"
"400",2016-06-20,12.3,2016,"Spring",NA,NA,NA,NA,38,NA,3,1,NA,NA,NA,NA,NA,10,52,"June"
"401",2016-06-22,12.2,2016,"Summer",NA,NA,NA,NA,8,NA,NA,NA,NA,NA,NA,NA,NA,8,16,"June"
"402",2016-06-24,12.5,2016,"Summer",NA,NA,NA,NA,19,2,2,1,NA,NA,NA,NA,NA,1,25,"June"
"403",2016-06-27,13.1,2016,"Summer",NA,NA,NA,NA,18,2,2,NA,NA,NA,NA,NA,NA,12,34,"June"
"404",2016-06-29,13.2,2016,"Summer",NA,NA,NA,NA,8,NA,1,NA,NA,NA,NA,NA,NA,5,14,"June"
"405",2016-06-30,13.3,2016,"Summer",NA,NA,NA,NA,3,NA,NA,NA,NA,NA,NA,NA,NA,7,10,"June"
"406",2016-07-05,13.9,2016,"Summer",NA,NA,NA,NA,82,2,6,1,NA,NA,NA,NA,NA,55,146,"July"
"407",2016-07-06,13.7,2016,"Summer",NA,NA,NA,NA,9,NA,NA,NA,1,NA,NA,NA,NA,2,12,"July"
"408",2016-07-08,13.8,2016,"Summer",NA,NA,NA,NA,31,5,1,1,NA,NA,NA,NA,NA,2,40,"July"
"409",2016-07-11,13.4,2016,"Summer",NA,NA,NA,NA,41,4,1,NA,3,NA,NA,NA,2,9,60,"July"
"410",2016-07-13,12.8,2016,"Summer",NA,NA,NA,NA,2,NA,NA,1,3,NA,NA,NA,NA,5,11,"July"
"411",2016-07-15,12.4,2016,"Summer",NA,NA,NA,NA,11,NA,NA,NA,5,NA,NA,NA,1,2,19,"July"
"412",2016-07-18,12.3,2016,"Summer",NA,NA,NA,NA,23,3,NA,NA,4,NA,NA,NA,NA,NA,30,"July"
"413",2016-07-20,12.5,2016,"Summer",NA,NA,NA,NA,17,2,NA,1,10,NA,NA,NA,NA,2,32,"July"
"414",2016-07-22,13,2016,"Summer",NA,NA,NA,NA,2,1,NA,NA,6,NA,NA,NA,NA,NA,9,"July"
"415",2016-07-25,13.3,2016,"Summer",NA,NA,NA,NA,4,2,NA,NA,55,NA,NA,NA,NA,NA,61,"July"
"416",2016-07-27,13.4,2016,"Summer",NA,NA,NA,NA,18,5,NA,NA,32,NA,1,NA,NA,2,58,"July"
"417",2016-07-29,13.3,2016,"Summer",NA,NA,NA,NA,15,5,NA,NA,56,NA,NA,NA,NA,2,78,"July"
"418",2016-08-01,13.6,2016,"Summer",NA,NA,NA,NA,3,NA,1,NA,24,NA,1,NA,NA,NA,29,"August"
"419",2016-08-03,13.7,2016,"Summer",NA,NA,NA,NA,2,NA,NA,NA,29,NA,NA,NA,NA,3,34,"August"
"420",2016-08-05,13.6,2016,"Summer",NA,NA,NA,NA,1,NA,NA,NA,4,NA,NA,NA,NA,NA,5,"August"
"421",2016-08-08,12.9,2016,"Summer",NA,NA,NA,NA,29,3,NA,NA,70,NA,2,1,NA,1,106,"August"
"422",2016-08-10,12.8,2016,"Summer",NA,NA,NA,NA,2,NA,NA,NA,12,NA,NA,NA,NA,3,17,"August"
"423",2016-08-12,13.2,2016,"Summer",NA,NA,NA,NA,13,NA,NA,NA,33,NA,1,NA,NA,1,48,"August"
"424",2016-08-15,13.4,2016,"Summer",NA,NA,NA,NA,5,NA,NA,NA,13,NA,NA,NA,NA,NA,18,"August"
"425",2016-08-17,13.4,2016,"Summer",NA,NA,NA,NA,6,3,NA,NA,18,NA,NA,NA,NA,2,29,"August"
"426",2016-08-19,13.6,2016,"Summer",NA,NA,NA,NA,11,2,NA,NA,9,NA,NA,NA,NA,NA,22,"August"
"427",2016-08-22,13.7,2016,"Summer",NA,NA,NA,NA,2,NA,NA,NA,15,NA,NA,NA,1,1,19,"August"
"428",2016-08-24,13.8,2016,"Summer",NA,NA,NA,NA,NA,NA,NA,NA,12,NA,NA,NA,NA,NA,12,"August"
"429",2016-08-26,13.2,2016,"Summer",NA,NA,NA,NA,NA,NA,NA,NA,18,NA,NA,NA,NA,1,19,"August"
"430",2016-08-29,13.1,2016,"Summer",NA,NA,NA,NA,1,NA,NA,NA,5,NA,NA,NA,NA,NA,6,"August"
"431",2016-08-31,13.2,2016,"Summer",NA,NA,NA,NA,4,NA,NA,NA,3,NA,NA,NA,NA,NA,7,"August"
"432",2016-09-02,13.1,2016,"Summer",NA,NA,NA,NA,1,1,NA,NA,4,NA,NA,NA,NA,NA,6,"September"
"433",2016-09-07,13,2016,"Summer",NA,NA,NA,NA,NA,1,NA,NA,11,NA,NA,NA,NA,2,14,"September"
"434",2016-09-09,12.9,2016,"Summer",1,NA,NA,NA,1,NA,NA,NA,8,NA,NA,1,NA,1,12,"September"
"435",2016-09-12,12.9,2016,"Summer",2,NA,NA,NA,NA,NA,NA,NA,7,NA,1,NA,NA,NA,10,"September"
"436",2016-09-14,13,2016,"Summer",1,NA,NA,NA,NA,NA,NA,NA,6,NA,NA,NA,NA,1,8,"September"
"437",2016-09-16,13,2016,"Summer",NA,NA,NA,NA,NA,NA,NA,NA,2,NA,NA,NA,NA,NA,2,"September"
"438",2016-09-19,13,2016,"Summer",2,NA,NA,NA,NA,NA,NA,NA,2,NA,NA,NA,NA,4,8,"September"
"439",2016-09-21,12.9,2016,"Summer",2,NA,NA,NA,NA,NA,NA,NA,2,NA,1,NA,NA,6,11,"September"
"440",2016-09-23,12.8,2016,"Fall",4,NA,NA,1,NA,NA,NA,NA,5,NA,NA,NA,NA,4,14,"September"
"441",2016-09-27,13,2016,"Fall",10,NA,NA,NA,NA,NA,NA,NA,1,NA,NA,NA,NA,1,12,"September"
"442",2016-09-28,13,2016,"Fall",3,NA,NA,NA,NA,NA,NA,NA,NA,NA,NA,NA,NA,NA,NA,"September"
"443",2016-09-30,12.9,2016,"Fall",9,NA,NA,NA,NA,NA,NA,NA,13,NA,NA,1,NA,2,25,"September"
"444",2016-12-01,9.6,2016,"Fall",27,NA,NA,NA,NA,NA,NA,NA,NA,NA,NA,16,1,6,50,"December"
"445",2016-12-02,9.5,2016,"Fall",13,NA,NA,NA,NA,NA,NA,NA,NA,NA,NA,5,NA,3,21,"December"
"446",2016-12-05,9.1,2016,"Fall",26,NA,NA,NA,NA,NA,NA,NA,NA,NA,NA,20,NA,6,52,"December"
"447",2016-12-07,8.8,2016,"Fall",8,NA,NA,NA,NA,NA,NA,NA,NA,NA,NA,5,1,3,17,"December"
"448",2016-12-12,8,2016,"Fall",10,NA,NA,NA,NA,NA,NA,NA,NA,NA,NA,22,NA,7,39,"December"
"449",2016-12-14,7.6,2016,"Fall",11,NA,NA,NA,NA,NA,NA,NA,NA,NA,NA,7,NA,5,23,"December"
"450",2016-12-16,7.5,2016,"Fall",5,NA,NA,NA,NA,NA,NA,NA,NA,NA,NA,2,NA,1,8,"December"
"451",2016-12-19,7,2016,"Fall",23,NA,NA,NA,NA,NA,NA,NA,NA,NA,NA,10,NA,3,36,"December"
"452",2016-12-21,6.9,2016,"Winter",12,NA,NA,NA,NA,NA,NA,NA,NA,NA,NA,9,NA,1,22,"December"
"453",2016-12-23,7.2,2016,"Winter",12,NA,NA,NA,NA,NA,NA,NA,NA,NA,NA,4,NA,NA,16,"December"
"454",2016-12-28,7,2016,"Winter",41,NA,NA,NA,NA,NA,NA,NA,NA,NA,NA,26,NA,12,79,"December"
"455",2016-12-30,7,2016,"Winter",19,NA,NA,NA,NA,NA,NA,NA,NA,NA,NA,5,NA,7,31,"December"
"456",2017-01-05,6,2017,"Winter",43,NA,NA,NA,NA,NA,NA,NA,NA,NA,NA,4,NA,9,56,"January"
"457",2017-01-11,5.4,2017,"Winter",10,NA,NA,NA,NA,NA,NA,NA,NA,NA,NA,7,NA,7,24,"January"
"458",2017-01-13,5.5,2017,"Winter",27,NA,NA,NA,NA,NA,NA,NA,NA,NA,NA,3,NA,4,34,"January"
"459",2017-01-16,5,2017,"Winter",17,NA,NA,NA,NA,NA,NA,NA,NA,NA,NA,1,NA,2,20,"January"
"460",2017-01-18,5.1,2017,"Winter",37,1,NA,NA,NA,NA,NA,NA,NA,NA,NA,NA,NA,2,40,"January"
"461",2017-01-20,5.3,2017,"Winter",15,NA,NA,NA,NA,NA,NA,NA,NA,NA,NA,NA,NA,1,16,"January"
"462",2017-01-23,5.5,2017,"Winter",83,NA,NA,NA,NA,NA,NA,NA,NA,NA,NA,NA,NA,9,92,"January"
"463",2017-01-25,5.6,2017,"Winter",41,NA,NA,NA,NA,NA,NA,NA,NA,NA,NA,NA,NA,12,53,"January"
"464",2017-01-27,5.8,2017,"Winter",56,1,NA,1,NA,NA,NA,NA,NA,NA,NA,1,NA,12,71,"January"
"465",2017-01-30,5.8,2017,"Winter",110,1,NA,NA,NA,NA,NA,NA,NA,NA,NA,NA,NA,17,128,"January"
"466",2017-02-01,5.4,2017,"Winter",14,NA,NA,NA,NA,NA,NA,NA,NA,NA,NA,NA,NA,5,19,"February"
"467",2017-02-03,5.6,2017,"Winter",37,NA,NA,NA,NA,NA,NA,NA,NA,NA,NA,1,NA,7,45,"February"
"468",2017-02-06,5.4,2017,"Winter",29,NA,NA,NA,NA,NA,NA,NA,NA,NA,NA,NA,NA,5,34,"February"
"469",2017-02-08,5.6,2017,"Winter",20,NA,NA,NA,NA,NA,NA,NA,NA,NA,NA,NA,NA,5,25,"February"
"470",2017-02-10,5.9,2017,"Winter",106,3,NA,1,NA,NA,NA,NA,NA,NA,NA,3,NA,14,127,"February"
"471",2017-02-13,5.7,2017,"Winter",104,1,1,1,NA,NA,NA,NA,NA,NA,NA,NA,NA,36,143,"February"
"472",2017-02-15,6,2017,"Winter",12,NA,NA,NA,NA,NA,NA,NA,NA,NA,NA,NA,NA,14,26,"February"
"473",2017-02-17,5.9,2017,"Winter",29,1,NA,NA,NA,NA,NA,NA,NA,NA,NA,NA,NA,13,43,"February"
"474",2017-02-20,6.6,2017,"Winter",44,NA,NA,NA,NA,NA,NA,NA,NA,NA,NA,NA,NA,65,109,"February"
"475",2017-02-22,6.5,2017,"Winter",17,NA,NA,NA,NA,NA,NA,NA,NA,NA,NA,NA,NA,29,46,"February"
"476",2017-02-24,6.5,2017,"Winter",30,NA,NA,NA,NA,NA,NA,NA,NA,NA,NA,NA,NA,46,76,"February"
"477",2017-02-27,6,2017,"Winter",20,NA,2,NA,NA,NA,NA,NA,NA,NA,NA,1,NA,17,40,"February"
"478",2017-03-01,6.2,2017,"Winter",10,NA,NA,NA,NA,NA,NA,NA,NA,NA,NA,NA,NA,4,14,"March"
"479",2017-03-03,6.3,2017,"Winter",15,NA,1,NA,NA,NA,NA,NA,NA,NA,NA,NA,NA,9,25,"March"
"480",2017-03-05,6.3,2017,"Winter",20,NA,NA,NA,NA,NA,NA,NA,NA,NA,NA,NA,NA,4,24,"March"
"481",2017-03-07,6.2,2017,"Winter",7,NA,NA,NA,NA,NA,NA,NA,NA,NA,NA,NA,NA,5,12,"March"
"482",2017-03-10,7.1,2017,"Winter",3,NA,NA,NA,NA,NA,NA,NA,NA,NA,NA,NA,NA,NA,3,"March"
"483",2017-03-13,7.3,2017,"Winter",26,2,NA,1,NA,NA,NA,NA,NA,NA,NA,NA,NA,15,44,"March"
"484",2017-03-15,7.5,2017,"Winter",32,1,NA,NA,NA,NA,NA,NA,NA,NA,NA,NA,NA,16,49,"March"
"485",2017-03-17,7.6,2017,"Winter",35,1,1,NA,NA,NA,NA,NA,NA,NA,NA,NA,NA,23,60,"March"
"486",2017-03-20,7.6,2017,"Spring",21,2,NA,NA,NA,NA,NA,NA,NA,NA,NA,NA,NA,14,37,"March"
"487",2017-03-22,7.1,2017,"Spring",2,NA,NA,NA,NA,NA,NA,NA,NA,NA,NA,NA,NA,25,27,"March"
"488",2017-03-24,7.5,2017,"Spring",5,3,NA,NA,NA,NA,NA,NA,NA,NA,NA,NA,NA,17,25,"March"
"489",2017-03-27,7.8,2017,"Spring",6,2,NA,NA,NA,NA,NA,NA,NA,NA,NA,NA,NA,22,30,"March"
"490",2017-03-28,7.7,2017,"Spring",5,5,NA,NA,NA,NA,NA,NA,NA,NA,NA,NA,NA,9,19,"March"
"491",2017-03-31,8.1,2017,"Spring",3,NA,NA,NA,NA,NA,NA,NA,NA,NA,NA,NA,NA,10,13,"March"
"492",2017-04-03,8.1,2017,"Spring",1,1,NA,NA,NA,NA,NA,NA,NA,NA,NA,NA,NA,19,21,"April"
"493",2017-04-05,8.6,2017,"Spring",1,NA,NA,NA,NA,NA,NA,NA,NA,NA,NA,NA,NA,3,4,"April"
"494",2017-04-07,9,2017,"Spring",1,NA,NA,NA,NA,NA,NA,NA,NA,NA,NA,NA,NA,5,6,"April"
"495",2017-04-10,9.3,2017,"Spring",NA,NA,NA,NA,NA,NA,NA,NA,NA,NA,NA,NA,NA,11,11,"April"
"496",2017-04-14,9.2,2017,"Spring",NA,2,NA,NA,NA,NA,NA,NA,NA,NA,NA,NA,NA,6,8,"April"
"497",2017-04-17,9.4,2017,"Spring",NA,NA,NA,NA,NA,NA,NA,NA,NA,NA,NA,NA,NA,3,3,"April"
"498",2017-04-21,10.1,2017,"Spring",1,1,NA,NA,NA,NA,NA,NA,NA,NA,NA,NA,NA,10,12,"April"
"499",2017-04-24,10.1,2017,"Spring",NA,NA,NA,NA,NA,NA,NA,NA,NA,NA,NA,NA,NA,11,11,"April"
"500",2017-04-28,10.4,2017,"Spring",NA,NA,NA,NA,NA,NA,NA,NA,NA,NA,NA,NA,NA,5,5,"April"
"501",2017-05-01,10.4,2017,"Spring",NA,NA,NA,NA,NA,NA,NA,NA,NA,NA,NA,NA,NA,2,2,"May"
"502",2017-05-05,11.2,2017,"Spring",NA,NA,NA,NA,NA,NA,NA,NA,NA,NA,NA,NA,NA,5,5,"May"
"503",2017-05-15,12.4,2017,"Spring",NA,NA,NA,NA,NA,NA,NA,NA,NA,NA,NA,NA,NA,5,5,"May"
"504",2017-05-17,12.5,2017,"Spring",NA,NA,NA,NA,2,NA,NA,NA,NA,NA,NA,NA,NA,4,6,"May"
"505",2017-05-19,12.7,2017,"Spring",NA,NA,NA,NA,19,1,NA,NA,NA,NA,NA,NA,NA,5,25,"May"
"506",2017-05-22,12.5,2017,"Spring",NA,NA,NA,NA,27,1,NA,1,NA,NA,NA,NA,NA,1,30,"May"
"507",2017-05-25,12.8,2017,"Spring",NA,NA,NA,NA,65,NA,NA,1,NA,NA,NA,NA,NA,1,67,"May"
"508",2017-05-26,12.8,2017,"Spring",NA,NA,NA,NA,5,NA,NA,NA,NA,NA,NA,NA,NA,2,7,"May"
"509",2017-05-30,13.7,2017,"Spring",NA,NA,NA,NA,99,1,NA,NA,NA,NA,NA,NA,NA,9,109,"May"
"510",2017-05-31,13.6,2017,"Spring",NA,NA,NA,NA,97,4,1,1,NA,NA,NA,NA,NA,9,112,"May"
"511",2017-06-01,13.7,2017,"Spring",NA,NA,NA,NA,107,NA,NA,2,NA,NA,NA,NA,NA,20,129,"June"
"512",2017-06-02,13.6,2017,"Spring",NA,NA,NA,NA,42,NA,NA,NA,NA,NA,NA,NA,NA,4,46,"June"
"513",2017-06-06,13,2017,"Spring",NA,NA,NA,NA,292,3,5,NA,NA,NA,NA,NA,NA,12,312,"June"
"514",2017-06-08,13.2,2017,"Spring",NA,NA,NA,NA,284,4,2,3,NA,NA,NA,NA,NA,6,299,"June"
"515",2017-06-09,13.3,2017,"Spring",NA,NA,NA,NA,69,NA,NA,NA,NA,NA,NA,NA,NA,13,82,"June"
"516",2017-06-12,12.8,2017,"Spring",NA,NA,NA,NA,203,2,2,NA,NA,NA,NA,NA,NA,4,211,"June"
"517",2017-06-13,12.5,2017,"Spring",NA,NA,NA,NA,81,1,NA,NA,NA,NA,NA,NA,NA,8,90,"June"
"518",2017-06-14,12.6,2017,"Spring",NA,NA,NA,NA,26,NA,NA,NA,NA,NA,NA,NA,1,5,32,"June"
"519",2017-06-16,12.7,2017,"Spring",NA,NA,NA,NA,87,2,NA,1,NA,NA,NA,NA,NA,17,107,"June"
"520",2017-06-19,13.2,2017,"Spring",NA,NA,NA,NA,122,2,NA,NA,NA,NA,NA,NA,NA,5,129,"June"
"521",2017-06-21,13.2,2017,"Summer",NA,NA,NA,NA,77,NA,NA,NA,NA,NA,NA,NA,NA,7,84,"June"
"522",2017-06-23,13.4,2017,"Summer",NA,NA,NA,NA,56,3,NA,NA,NA,NA,NA,NA,NA,15,74,"June"
"523",2017-06-26,13.7,2017,"Summer",NA,NA,NA,NA,145,NA,NA,NA,NA,NA,NA,NA,NA,6,151,"June"
"524",2017-06-27,14,2017,"Summer",NA,NA,NA,NA,50,NA,NA,NA,NA,NA,NA,NA,NA,5,55,"June"
"525",2017-06-28,14.3,2017,"Summer",NA,NA,NA,NA,38,2,NA,1,NA,NA,NA,NA,NA,6,47,"June"
"526",2017-06-30,14.3,2017,"Summer",NA,NA,NA,NA,81,NA,NA,NA,NA,NA,NA,NA,NA,3,84,"June"
"527",2017-07-03,14.2,2017,"Summer",NA,NA,NA,NA,136,2,NA,NA,NA,NA,NA,NA,NA,NA,NA,"July"
"528",2017-07-05,14.4,2017,"Summer",NA,NA,NA,NA,36,NA,NA,NA,NA,NA,NA,NA,NA,9,45,"July"
"529",2017-07-07,14.9,2017,"Summer",NA,NA,NA,NA,26,NA,NA,NA,NA,NA,NA,NA,NA,5,31,"July"
"530",2017-07-10,14.8,2017,"Summer",NA,NA,NA,NA,46,NA,NA,NA,NA,NA,NA,NA,NA,12,58,"July"
"531",2017-07-12,14.4,2017,"Summer",NA,NA,NA,NA,36,3,NA,NA,NA,NA,NA,NA,NA,5,44,"July"
"532",2017-07-14,14.5,2017,"Summer",NA,NA,NA,NA,29,NA,NA,NA,1,NA,NA,NA,NA,5,35,"July"
"533",2017-07-17,14.4,2017,"Summer",NA,NA,NA,NA,32,NA,NA,NA,2,NA,NA,NA,NA,1,35,"July"
"534",2017-07-19,14.3,2017,"Summer",NA,NA,NA,NA,15,NA,NA,NA,2,NA,NA,1,NA,3,21,"July"
"535",2017-07-21,14.5,2017,"Summer",NA,NA,NA,NA,5,NA,NA,NA,NA,NA,NA,NA,NA,5,10,"July"
"536",2017-07-24,14.5,2017,"Summer",NA,NA,NA,NA,26,1,NA,NA,1,1,NA,NA,NA,5,34,"July"
"537",2017-07-26,14.3,2017,"Summer",NA,NA,NA,NA,12,1,NA,NA,NA,NA,NA,NA,NA,4,17,"July"
"538",2017-07-28,14.6,2017,"Summer",NA,NA,NA,NA,5,1,NA,NA,1,NA,NA,NA,NA,2,9,"July"
"539",2017-07-31,14.4,2017,"Summer",NA,NA,NA,NA,14,1,NA,NA,3,2,NA,2,NA,3,25,"July"
"540",2017-08-02,14.3,2017,"Summer",NA,NA,NA,NA,10,NA,NA,NA,1,1,NA,NA,NA,NA,12,"August"
"541",2017-08-04,14.3,2017,"Summer",NA,NA,NA,NA,3,1,NA,NA,2,2,NA,NA,NA,1,9,"August"
"542",2017-08-07,14.8,2017,"Summer",NA,NA,NA,NA,9,NA,NA,NA,7,1,NA,NA,NA,1,18,"August"
"543",2017-08-09,14.7,2017,"Summer",NA,NA,NA,NA,7,NA,NA,NA,7,2,NA,NA,NA,1,17,"August"
"544",2017-08-11,14.7,2017,"Summer",NA,NA,NA,NA,3,NA,NA,NA,2,2,NA,NA,NA,3,10,"August"
"545",2017-08-14,13.6,2017,"Summer",NA,NA,NA,NA,6,NA,NA,NA,NA,NA,NA,NA,NA,NA,6,"August"
"546",2017-08-16,12.7,2017,"Summer",NA,NA,NA,NA,1,NA,NA,NA,1,NA,NA,NA,NA,1,3,"August"
"547",2017-08-18,12.7,2017,"Summer",NA,NA,NA,NA,1,1,NA,NA,NA,NA,NA,NA,NA,1,3,"August"
"548",2017-08-22,12.4,2017,"Summer",1,NA,NA,NA,7,1,NA,NA,1,NA,NA,NA,NA,NA,10,"August"
"549",2017-08-23,12.4,2017,"Summer",1,NA,NA,NA,3,NA,NA,NA,NA,NA,NA,NA,NA,NA,4,"August"
"550",2017-08-25,12.4,2017,"Summer",NA,NA,NA,NA,4,NA,NA,NA,NA,NA,NA,1,NA,NA,5,"August"
"551",2017-08-28,12.4,2017,"Summer",NA,NA,NA,NA,6,1,NA,NA,3,NA,NA,1,NA,NA,11,"August"
"552",2017-08-30,12.4,2017,"Summer",NA,NA,NA,NA,2,1,NA,NA,NA,NA,NA,NA,NA,NA,3,"August"
"553",2017-09-01,12.3,2017,"Summer",NA,NA,NA,1,3,NA,NA,NA,NA,1,NA,NA,NA,NA,5,"September"
"554",2017-09-06,12.5,2017,"Summer",NA,NA,NA,NA,NA,NA,NA,NA,3,2,NA,NA,NA,NA,5,"September"
"555",2017-09-08,12.6,2017,"Summer",2,NA,NA,NA,NA,NA,NA,NA,1,NA,NA,NA,NA,NA,3,"September"
"556",2017-09-11,12.5,2017,"Summer",1,NA,NA,NA,1,NA,NA,NA,1,NA,NA,NA,NA,NA,3,"September"
"557",2017-09-14,12.6,2017,"Summer",NA,NA,NA,NA,NA,NA,NA,NA,NA,NA,NA,NA,NA,3,3,"September"
"558",2017-09-15,12.6,2017,"Summer",2,NA,NA,NA,1,1,NA,NA,NA,NA,1,NA,NA,1,6,"September"
"559",2017-09-18,12.6,2017,"Summer",1,NA,NA,NA,NA,NA,NA,NA,NA,1,NA,NA,NA,1,3,"September"
"560",2017-09-20,12.5,2017,"Summer",3,NA,NA,NA,NA,NA,NA,NA,NA,NA,NA,NA,NA,NA,3,"September"
"561",2017-09-22,12.5,2017,"Fall",NA,1,NA,NA,NA,NA,NA,NA,NA,NA,NA,NA,NA,NA,1,"September"
"562",2017-09-25,12.4,2017,"Fall",10,1,1,NA,NA,NA,NA,NA,NA,NA,NA,NA,NA,1,13,"September"
"563",2017-09-27,12.5,2017,"Fall",6,NA,NA,NA,NA,NA,NA,NA,NA,NA,NA,NA,NA,2,8,"September"
"564",2017-09-29,12.4,2017,"Fall",8,NA,NA,NA,NA,NA,NA,NA,NA,NA,NA,NA,NA,NA,8,"September"
"565",2017-10-02,12.4,2017,"Fall",12,NA,NA,NA,NA,NA,NA,NA,2,NA,NA,NA,NA,6,20,"October"
"566",2017-10-04,12.3,2017,"Fall",4,NA,NA,NA,NA,NA,NA,NA,NA,NA,NA,NA,NA,2,6,"October"
"567",2017-10-06,12.2,2017,"Fall",7,NA,NA,NA,NA,NA,NA,NA,NA,NA,NA,NA,NA,1,8,"October"
"568",2017-10-09,12,2017,"Fall",26,NA,NA,NA,NA,NA,NA,NA,NA,NA,NA,1,NA,1,28,"October"
"569",2017-10-11,11.9,2017,"Fall",8,1,NA,NA,NA,NA,NA,NA,NA,NA,NA,NA,NA,3,12,"October"
"570",2017-10-13,11.6,2017,"Fall",12,1,NA,NA,NA,NA,NA,NA,NA,NA,NA,NA,NA,2,15,"October"
"571",2017-10-16,11.4,2017,"Fall",8,NA,NA,NA,NA,NA,NA,NA,NA,NA,NA,NA,NA,1,9,"October"
"572",2017-10-18,11.5,2017,"Fall",8,NA,NA,NA,NA,NA,NA,NA,NA,NA,NA,NA,NA,5,13,"October"
"573",2017-10-20,11.3,2017,"Fall",10,NA,NA,NA,NA,NA,NA,NA,NA,NA,NA,1,NA,5,16,"October"
"574",2017-10-23,11.3,2017,"Fall",17,NA,NA,NA,NA,NA,NA,NA,NA,NA,NA,NA,NA,6,23,"October"
"575",2017-10-25,11.2,2017,"Fall",36,NA,NA,1,NA,NA,NA,NA,NA,NA,NA,2,NA,11,50,"October"
"576",2017-10-27,11.1,2017,"Fall",53,NA,1,NA,NA,NA,NA,NA,NA,NA,NA,1,1,20,76,"October"
"577",2017-10-31,10.9,2017,"Fall",64,3,1,NA,NA,NA,NA,NA,NA,NA,NA,12,NA,25,NA,"October"
"578",2017-11-01,10.9,2017,"Fall",13,1,NA,NA,NA,NA,NA,NA,NA,NA,NA,1,NA,7,22,"November"
"579",2017-11-03,10.7,2017,"Fall",14,NA,NA,NA,NA,NA,NA,NA,NA,NA,NA,5,NA,3,22,"November"
"580",2017-11-06,10.5,2017,"Fall",23,1,NA,NA,NA,NA,NA,NA,NA,NA,NA,1,NA,10,35,"November"
"581",2017-11-08,10.5,2017,"Fall",10,NA,2,NA,NA,NA,NA,NA,NA,NA,NA,3,NA,6,21,"November"
"582",2017-11-09,10.6,2017,"Fall",10,1,NA,NA,NA,NA,NA,NA,NA,NA,NA,NA,NA,5,16,"November"
"583",2017-11-13,10.4,2017,"Fall",41,1,1,NA,NA,NA,NA,NA,NA,NA,NA,21,NA,26,90,"November"
"584",2017-11-15,10.2,2017,"Fall",13,NA,NA,NA,NA,NA,NA,NA,NA,NA,NA,11,NA,10,34,"November"
"585",2017-11-17,10,2017,"Fall",8,NA,NA,NA,NA,NA,NA,NA,NA,NA,NA,5,1,4,18,"November"
"586",2017-11-20,9.8,2017,"Fall",11,NA,NA,NA,NA,NA,NA,NA,NA,NA,NA,11,NA,12,34,"November"
"587",2017-11-22,9.9,2017,"Fall",27,NA,NA,NA,NA,NA,NA,NA,NA,NA,NA,13,2,16,58,"November"
"588",2017-11-27,9.7,2017,"Fall",140,1,1,1,NA,NA,NA,NA,NA,NA,NA,30,1,54,228,"November"
"589",2017-11-28,9.6,2017,"Fall",48,1,NA,NA,NA,NA,NA,NA,NA,NA,NA,NA,NA,10,59,"November"
"590",2017-11-29,9.5,2017,"Fall",16,NA,NA,NA,NA,NA,NA,NA,NA,NA,NA,4,NA,10,30,"November"
"591",2017-12-01,9.2,2017,"Fall",44,NA,1,NA,NA,NA,NA,NA,NA,NA,NA,5,NA,14,64,"December"
"592",2017-12-04,9,2017,"Fall",36,NA,NA,NA,NA,NA,NA,NA,NA,NA,NA,6,NA,6,48,"December"
"593",2017-12-06,8.7,2017,"Fall",10,NA,NA,NA,NA,NA,NA,NA,NA,NA,NA,1,NA,4,15,"December"
"594",2017-12-08,8.5,2017,"Fall",23,NA,NA,NA,NA,NA,NA,NA,NA,NA,NA,6,NA,6,35,"December"
"595",2017-12-11,8.1,2017,"Fall",27,NA,NA,NA,NA,NA,NA,NA,NA,NA,NA,7,NA,4,38,"December"
"596",2017-12-13,7.8,2017,"Fall",6,1,NA,NA,NA,NA,NA,NA,NA,NA,NA,1,NA,13,21,"December"
"597",2017-12-15,7.6,2017,"Fall",6,NA,NA,NA,NA,NA,NA,NA,NA,NA,NA,2,NA,1,9,"December"
"598",2017-12-18,7.7,2017,"Fall",33,NA,NA,NA,NA,NA,NA,NA,NA,NA,NA,6,3,14,56,"December"
"599",2017-12-20,7.6,2017,"Fall",11,NA,NA,1,NA,NA,NA,NA,NA,NA,NA,5,NA,9,26,"December"
"600",2017-12-22,7.7,2017,"Winter",17,NA,NA,NA,NA,NA,NA,NA,NA,NA,NA,5,1,13,36,"December"
"601",2017-12-27,6.9,2017,"Winter",41,NA,NA,NA,NA,NA,NA,NA,NA,NA,NA,4,2,36,83,"December"
"602",2017-12-29,7,2017,"Winter",20,NA,1,NA,NA,NA,NA,NA,NA,NA,NA,5,NA,4,30,"December"
"603",2018-01-03,6.8,2018,"Winter",61,1,NA,NA,NA,NA,NA,NA,NA,NA,NA,2,NA,16,80,"January"
"604",2018-01-05,6.7,2018,"Winter",27,NA,NA,NA,NA,NA,NA,NA,NA,NA,NA,NA,NA,3,30,"January"
"605",2018-01-08,6.6,2018,"Winter",56,NA,NA,NA,NA,NA,NA,NA,NA,NA,NA,1,1,19,77,"January"
"606",2018-01-10,6.9,2018,"Winter",27,1,NA,NA,NA,NA,NA,NA,NA,NA,NA,2,NA,18,48,"January"
"607",2018-01-12,7,2018,"Winter",54,1,NA,NA,NA,NA,NA,NA,NA,NA,NA,2,NA,17,74,"January"
"608",2018-01-16,7.3,2018,"Winter",76,1,NA,NA,NA,NA,NA,NA,NA,NA,NA,4,NA,28,109,"January"
"609",2018-01-19,6.8,2018,"Winter",49,NA,NA,NA,NA,NA,NA,NA,NA,NA,NA,1,NA,10,60,"January"
"610",2018-01-22,7,2018,"Winter",39,NA,NA,NA,NA,NA,NA,NA,NA,NA,NA,3,1,13,56,"January"
"611",2018-01-24,7.1,2018,"Winter",11,NA,NA,1,NA,NA,NA,NA,NA,NA,NA,NA,NA,8,20,"January"
"612",2018-01-26,7,2018,"Winter",36,NA,NA,NA,NA,NA,NA,NA,NA,NA,NA,1,NA,18,55,"January"
"613",2018-01-29,7,2018,"Winter",30,NA,1,NA,NA,NA,NA,NA,NA,NA,NA,NA,NA,16,47,"January"
"614",2018-01-31,7,2018,"Winter",14,NA,NA,NA,NA,NA,NA,NA,NA,NA,NA,1,NA,6,21,"January"
"615",2018-02-02,7.2,2018,"Winter",40,NA,NA,NA,NA,NA,NA,NA,NA,NA,NA,NA,NA,18,58,"February"
"616",2018-02-05,7.3,2018,"Winter",48,1,NA,1,NA,NA,NA,NA,NA,NA,NA,NA,NA,50,100,"February"
"617",2018-02-07,7.4,2018,"Winter",21,NA,NA,NA,NA,NA,NA,NA,NA,NA,NA,NA,NA,18,39,"February"
"618",2018-02-09,7.4,2018,"Winter",40,NA,NA,NA,NA,NA,NA,NA,NA,NA,NA,NA,NA,22,62,"February"
"619",2018-02-12,7.4,2018,"Winter",49,1,1,NA,NA,NA,NA,NA,NA,NA,NA,NA,NA,51,102,"February"
"620",2018-02-14,7.1,2018,"Winter",22,NA,NA,NA,NA,NA,NA,NA,NA,NA,NA,NA,NA,15,37,"February"
"621",2018-02-16,6.9,2018,"Winter",8,NA,NA,NA,NA,NA,NA,NA,NA,NA,NA,NA,NA,8,16,"February"
"622",2018-02-19,7,2018,"Winter",15,1,NA,NA,NA,NA,NA,NA,NA,NA,NA,NA,NA,11,27,"February"
"623",2018-02-22,6.9,2018,"Winter",13,NA,NA,NA,NA,NA,NA,NA,NA,NA,NA,NA,NA,8,21,"February"
"624",2018-02-26,6.7,2018,"Winter",9,NA,NA,NA,NA,NA,NA,NA,NA,NA,NA,NA,NA,8,17,"February"
"625",2018-02-28,6.8,2018,"Winter",3,NA,NA,NA,NA,NA,NA,NA,NA,NA,NA,NA,NA,3,6,"February"
"626",2018-03-02,6.9,2018,"Winter",17,NA,NA,NA,NA,NA,NA,NA,NA,NA,NA,NA,NA,9,26,"March"
"627",2018-03-05,6.9,2018,"Winter",14,NA,NA,NA,NA,NA,NA,NA,NA,NA,NA,NA,NA,13,27,"March"
"628",2018-03-07,6.8,2018,"Winter",9,NA,NA,NA,NA,NA,NA,NA,NA,NA,NA,NA,NA,8,17,"March"
"629",2018-03-09,7.1,2018,"Winter",9,NA,NA,NA,NA,NA,NA,NA,NA,NA,NA,NA,NA,8,17,"March"
"630",2018-03-12,7.2,2018,"Winter",23,2,NA,NA,NA,NA,NA,NA,NA,NA,NA,NA,NA,18,43,"March"
"631",2018-03-14,7.3,2018,"Winter",8,NA,NA,NA,NA,NA,NA,NA,NA,NA,NA,NA,NA,10,18,"March"
"632",2018-03-16,7.4,2018,"Winter",3,1,NA,NA,NA,NA,NA,NA,NA,NA,NA,NA,NA,18,22,"March"
"633",2018-03-19,8.1,2018,"Winter",8,2,NA,NA,NA,NA,NA,NA,NA,NA,NA,NA,NA,10,20,"March"
"634",2018-03-23,8.3,2018,"Spring",16,NA,NA,NA,NA,NA,NA,NA,NA,NA,NA,NA,NA,27,43,"March"
"635",2018-03-26,8.3,2018,"Spring",5,NA,NA,NA,NA,NA,NA,NA,NA,NA,NA,NA,NA,8,13,"March"
"636",2018-03-28,8.6,2018,"Spring",6,1,NA,NA,NA,NA,NA,NA,NA,NA,NA,NA,NA,2,9,"March"
"637",2018-03-30,8.6,2018,"Spring",6,NA,NA,NA,NA,NA,NA,NA,NA,NA,NA,NA,NA,5,11,"March"
"638",2018-04-02,8.7,2018,"Spring",6,NA,NA,NA,NA,NA,NA,NA,NA,NA,NA,NA,NA,11,17,"April"
"639",2018-04-04,8.6,2018,"Spring",1,NA,NA,NA,NA,NA,NA,NA,NA,NA,NA,NA,NA,5,6,"April"
"640",2018-04-06,8.9,2018,"Spring",3,2,NA,NA,NA,NA,NA,NA,NA,NA,NA,NA,NA,5,10,"April"
"641",2018-04-09,9.5,2018,"Spring",3,NA,NA,NA,NA,NA,NA,NA,NA,NA,NA,NA,NA,7,10,"April"
"642",2018-04-11,9.7,2018,"Spring",6,NA,NA,NA,NA,NA,NA,NA,NA,NA,NA,NA,NA,15,21,"April"
"643",2018-04-13,9.3,2018,"Spring",2,1,NA,NA,NA,NA,NA,NA,NA,NA,NA,NA,NA,3,6,"April"
"644",2018-04-16,9.6,2018,"Spring",NA,NA,NA,NA,NA,NA,NA,NA,NA,NA,NA,NA,NA,4,4,"April"
"645",2018-04-18,9.7,2018,"Spring",NA,NA,NA,NA,NA,NA,NA,NA,NA,NA,NA,NA,NA,1,1,"April"
"646",2018-04-23,10,2018,"Spring",1,1,NA,NA,NA,NA,NA,NA,NA,NA,NA,NA,NA,3,5,"April"
"647",2018-04-27,10.1,2018,"Spring",NA,NA,NA,NA,NA,NA,NA,NA,NA,NA,NA,NA,NA,1,1,"April"
"648",2018-05-08,11.6,2018,"Spring",NA,NA,NA,NA,NA,NA,NA,NA,NA,NA,NA,NA,NA,4,4,"May"
"649",2018-05-09,11.8,2018,"Spring",NA,1,NA,NA,NA,NA,NA,NA,NA,NA,NA,NA,NA,4,5,"May"
"650",2018-05-11,12.1,2018,"Spring",NA,NA,NA,NA,NA,NA,NA,NA,NA,NA,NA,NA,NA,5,5,"May"
"651",2018-05-14,12.2,2018,"Spring",NA,NA,NA,NA,13,NA,NA,NA,NA,NA,NA,NA,NA,3,16,"May"
"652",2018-05-16,12.4,2018,"Spring",NA,NA,NA,NA,11,NA,NA,NA,NA,NA,NA,NA,1,3,15,"May"
"653",2018-05-18,13.1,2018,"Spring",NA,NA,NA,NA,26,NA,NA,NA,NA,NA,NA,NA,1,3,30,"May"
"654",2018-05-21,13.1,2018,"Spring",NA,NA,NA,NA,90,1,NA,NA,NA,NA,NA,NA,NA,4,95,"May"
"655",2018-05-23,12.9,2018,"Spring",NA,NA,NA,NA,69,2,NA,NA,NA,NA,NA,NA,NA,3,74,"May"
"656",2018-05-25,13,2018,"Spring",NA,NA,NA,NA,59,3,NA,2,NA,NA,NA,NA,NA,4,68,"May"
"657",2018-05-28,13,2018,"Spring",NA,NA,NA,NA,36,1,NA,NA,NA,NA,NA,NA,NA,6,43,"May"
"658",2018-05-29,12.9,2018,"Spring",NA,NA,NA,NA,41,2,NA,NA,NA,NA,NA,NA,1,5,49,"May"
"659",2018-05-30,13.2,2018,"Spring",NA,NA,NA,NA,37,2,NA,NA,NA,NA,NA,NA,NA,4,43,"May"
"660",2018-06-01,12.8,2018,"Spring",NA,NA,NA,NA,47,NA,NA,NA,NA,NA,NA,NA,NA,2,49,"June"
"661",2018-06-04,12.5,2018,"Spring",NA,NA,NA,NA,68,3,NA,NA,NA,NA,NA,NA,1,3,75,"June"
"662",2018-06-06,13,2018,"Spring",NA,NA,NA,NA,18,NA,NA,NA,NA,NA,NA,NA,NA,3,21,"June"
"663",2018-06-08,13,2018,"Spring",NA,NA,NA,NA,69,1,NA,NA,NA,NA,NA,NA,1,4,75,"June"
"664",2018-06-11,13.3,2018,"Spring",NA,NA,NA,NA,38,2,NA,1,NA,NA,NA,NA,1,8,50,"June"
"665",2018-06-12,13.4,2018,"Spring",NA,NA,NA,NA,9,NA,NA,NA,NA,NA,NA,NA,NA,3,12,"June"
"666",2018-06-15,13.1,2018,"Spring",NA,NA,NA,NA,59,1,NA,1,NA,NA,NA,NA,1,5,67,"June"
"667",2018-06-18,13,2018,"Spring",NA,NA,NA,NA,39,3,1,NA,NA,NA,NA,NA,1,32,76,"June"
"668",2018-06-21,13.3,2018,"Summer",NA,NA,NA,NA,36,2,NA,NA,NA,NA,NA,NA,NA,7,45,"June"
"669",2018-06-22,13.3,2018,"Summer",NA,NA,NA,NA,16,NA,NA,NA,NA,NA,NA,NA,NA,1,17,"June"
"670",2018-06-25,13.4,2018,"Summer",NA,NA,NA,NA,21,1,NA,NA,NA,NA,NA,NA,2,3,27,"June"
"671",2018-06-27,13.8,2018,"Summer",NA,NA,NA,NA,24,2,NA,NA,NA,NA,NA,NA,NA,NA,26,"June"
"672",2018-06-29,13.7,2018,"Summer",NA,NA,NA,NA,18,1,NA,NA,NA,NA,NA,NA,NA,1,20,"June"
"673",2018-07-02,13.8,2018,"Summer",NA,NA,NA,NA,21,NA,NA,NA,NA,NA,NA,NA,1,18,40,"July"
"674",2018-07-05,13.6,2018,"Summer",NA,NA,NA,NA,14,2,NA,NA,NA,NA,NA,NA,1,27,44,"July"
"675",2018-07-06,13.7,2018,"Summer",NA,NA,NA,NA,4,1,NA,NA,NA,NA,NA,NA,NA,13,18,"July"
"676",2018-07-09,14,2018,"Summer",NA,NA,NA,NA,12,2,NA,NA,NA,NA,NA,NA,2,9,25,"July"
"677",2018-07-11,14.2,2018,"Summer",NA,NA,NA,NA,12,1,NA,NA,NA,NA,NA,NA,NA,8,21,"July"
"678",2018-07-13,14.1,2018,"Summer",NA,NA,NA,NA,6,NA,NA,NA,NA,1,NA,NA,1,5,13,"July"
"679",2018-07-16,14.6,2018,"Summer",NA,NA,NA,NA,9,NA,NA,NA,NA,1,NA,NA,3,11,24,"July"
"680",2018-07-18,14.7,2018,"Summer",NA,NA,NA,NA,4,1,NA,NA,NA,1,NA,NA,NA,15,21,"July"
"681",2018-07-20,14.7,2018,"Summer",NA,NA,NA,NA,6,NA,NA,NA,NA,1,NA,NA,2,2,11,"July"
"682",2018-07-23,14.4,2018,"Summer",1,NA,NA,NA,3,NA,NA,NA,NA,3,NA,NA,1,5,13,"July"
"683",2018-07-25,14.2,2018,"Summer",NA,NA,NA,NA,3,NA,NA,NA,NA,1,NA,NA,4,2,10,"July"
"684",2018-07-27,14.1,2018,"Summer",NA,NA,NA,NA,3,NA,NA,NA,NA,3,NA,NA,1,2,9,"July"
"685",2018-07-30,14.2,2018,"Summer",NA,NA,NA,NA,5,1,NA,NA,NA,4,NA,NA,NA,1,NA,"July"
"686",2018-08-01,14,2018,"Summer",NA,NA,NA,NA,NA,NA,NA,NA,NA,4,NA,NA,1,2,7,"August"
"687",2018-08-03,14,2018,"Summer",NA,NA,NA,NA,3,NA,NA,NA,NA,2,NA,NA,NA,NA,5,"August"
"688",2018-08-06,14,2018,"Summer",NA,NA,NA,NA,3,NA,NA,NA,NA,NA,NA,1,2,5,11,"August"
"689",2018-08-08,13.5,2018,"Summer",NA,NA,NA,NA,2,NA,NA,NA,NA,2,NA,NA,NA,NA,4,"August"
"690",2018-08-13,14,2018,"Summer",NA,NA,NA,NA,2,NA,NA,NA,NA,2,NA,NA,NA,3,7,"August"
"691",2018-08-16,14,2018,"Summer",NA,NA,NA,NA,2,NA,NA,NA,NA,2,NA,NA,NA,2,6,"August"
"692",2018-08-20,13.8,2018,"Summer",NA,NA,NA,NA,1,NA,NA,NA,3,3,NA,NA,1,NA,8,"August"
"693",2018-08-22,13.2,2018,"Summer",NA,NA,NA,NA,NA,NA,NA,NA,1,3,NA,NA,1,2,7,"August"
"694",2018-08-24,12.9,2018,"Summer",NA,NA,NA,NA,2,NA,NA,NA,1,1,NA,NA,1,NA,5,"August"
"695",2018-08-27,12.8,2018,"Summer",NA,1,NA,NA,1,NA,NA,NA,1,1,NA,NA,NA,NA,4,"August"
"696",2018-08-29,12.8,2018,"Summer",NA,NA,NA,NA,1,NA,NA,NA,NA,1,NA,NA,NA,3,5,"August"
"697",2018-08-31,12.8,2018,"Summer",NA,NA,NA,NA,NA,NA,NA,NA,1,NA,NA,NA,NA,NA,1,"August"
"698",2018-09-05,12.7,2018,"Summer",2,NA,NA,NA,NA,NA,NA,NA,1,2,NA,NA,NA,1,6,"September"
"699",2018-09-07,12.7,2018,"Summer",NA,NA,NA,NA,NA,NA,NA,NA,NA,1,NA,NA,NA,1,2,"September"
"700",2018-09-10,12.5,2018,"Summer",3,NA,NA,NA,NA,NA,NA,NA,1,NA,NA,NA,NA,2,6,"September"
"701",2018-09-17,12.4,2018,"Summer",1,NA,NA,1,NA,NA,NA,NA,NA,NA,NA,NA,1,NA,3,"September"
"702",2018-09-19,12.5,2018,"Summer",1,NA,NA,NA,NA,NA,NA,NA,NA,NA,NA,NA,NA,1,2,"September"
"703",2018-09-21,12.6,2018,"Summer",6,NA,NA,NA,NA,NA,NA,NA,NA,NA,NA,NA,NA,NA,6,"September"
"704",2018-09-24,12.5,2018,"Fall",6,NA,NA,NA,NA,NA,NA,NA,NA,NA,NA,NA,NA,2,8,"September"
"705",2018-09-26,12.5,2018,"Fall",7,1,1,NA,NA,NA,NA,NA,NA,NA,NA,NA,NA,2,11,"September"
"706",2018-09-28,12.6,2018,"Fall",2,NA,NA,NA,NA,NA,NA,NA,NA,NA,NA,NA,NA,1,3,"September"
"707",2018-10-01,12.5,2018,"Fall",3,NA,NA,NA,NA,NA,NA,NA,NA,NA,NA,NA,NA,NA,3,"October"
"708",2018-10-04,12.4,2018,"Fall",4,1,NA,NA,NA,NA,NA,NA,1,NA,NA,2,NA,3,11,"October"
"709",2018-10-08,12.4,2018,"Fall",9,NA,NA,NA,NA,NA,NA,NA,NA,NA,NA,NA,NA,NA,9,"October"
"710",2018-10-10,12.2,2018,"Fall",4,NA,NA,NA,NA,NA,NA,NA,NA,NA,NA,NA,NA,3,7,"October"
"711",2018-10-12,12.1,2018,"Fall",14,NA,NA,2,NA,NA,NA,NA,NA,NA,NA,NA,NA,7,23,"October"
"712",2018-10-15,11.9,2018,"Fall",9,NA,NA,1,NA,NA,NA,NA,NA,NA,NA,NA,NA,5,15,"October"
"713",2018-10-17,11.7,2018,"Fall",20,NA,NA,NA,NA,NA,NA,NA,NA,NA,NA,NA,NA,5,25,"October"
"714",2018-10-19,11.6,2018,"Fall",16,NA,NA,NA,NA,NA,NA,NA,NA,NA,NA,1,NA,1,18,"October"
"715",2018-10-22,11.4,2018,"Fall",20,NA,NA,2,NA,NA,NA,NA,NA,NA,NA,1,NA,4,27,"October"
"716",2018-10-24,11.4,2018,"Fall",8,NA,NA,NA,NA,NA,NA,NA,NA,NA,NA,2,NA,7,17,"October"
"717",2018-10-26,11.4,2018,"Fall",9,NA,NA,NA,NA,NA,NA,NA,NA,NA,NA,2,NA,5,16,"October"
"718",2018-10-29,11.3,2018,"Fall",17,NA,NA,NA,NA,NA,NA,NA,NA,NA,NA,2,NA,3,22,"October"
"719",2018-10-31,11.3,2018,"Fall",20,NA,NA,NA,NA,NA,NA,NA,NA,NA,NA,16,NA,14,50,"October"
"720",2018-11-02,11.4,2018,"Fall",30,NA,1,NA,NA,NA,NA,NA,NA,NA,NA,45,NA,20,96,"November"
"721",2018-11-05,11.4,2018,"Fall",47,2,1,4,NA,NA,NA,NA,NA,NA,NA,61,NA,33,148,"November"
"722",2018-11-07,11.2,2018,"Fall",27,NA,1,1,NA,NA,NA,NA,NA,NA,NA,19,NA,22,70,"November"
"723",2018-11-09,10.9,2018,"Fall",2,NA,NA,NA,NA,NA,NA,NA,NA,NA,NA,8,NA,6,16,"November"
"724",2018-11-12,10.4,2018,"Fall",35,2,NA,1,NA,NA,NA,NA,NA,NA,NA,41,NA,39,118,"November"
"725",2018-11-14,10.3,2018,"Fall",5,NA,NA,NA,NA,NA,NA,NA,NA,NA,NA,22,1,28,56,"November"
"726",2018-11-16,10.2,2018,"Fall",23,2,NA,1,NA,NA,NA,NA,NA,NA,NA,67,NA,19,112,"November"
"727",2018-11-19,9.8,2018,"Fall",11,NA,1,NA,NA,NA,NA,NA,NA,NA,NA,64,NA,17,93,"November"
"728",2018-11-21,9.6,2018,"Fall",21,NA,NA,NA,NA,NA,NA,NA,NA,NA,NA,29,1,12,63,"November"
"729",2018-11-23,9.5,2018,"Fall",26,NA,NA,1,NA,NA,NA,NA,NA,NA,NA,26,1,6,60,"November"
"730",2018-11-26,9.3,2018,"Fall",22,1,NA,NA,NA,NA,NA,NA,NA,NA,NA,24,NA,9,56,"November"
"731",2018-11-28,9.3,2018,"Fall",18,NA,NA,1,NA,NA,NA,NA,NA,NA,NA,20,NA,8,47,"November"
"732",2018-11-30,9.3,2018,"Fall",31,NA,NA,NA,NA,NA,NA,NA,NA,NA,NA,22,1,19,73,"November"
"733",2018-12-03,9.1,2018,"Fall",38,1,NA,NA,NA,NA,NA,NA,NA,NA,NA,22,1,34,96,"December"
"734",2018-12-05,8.8,2018,"Fall",27,1,NA,NA,NA,NA,NA,NA,NA,NA,NA,14,1,14,57,"December"
"735",2018-12-07,8.6,2018,"Fall",20,NA,NA,1,NA,NA,NA,NA,NA,NA,NA,14,1,18,54,"December"
"736",2018-12-10,8.4,2018,"Fall",36,NA,NA,NA,NA,NA,NA,NA,NA,NA,NA,9,NA,14,59,"December"
"737",2018-12-12,8.3,2018,"Fall",20,NA,NA,NA,NA,NA,NA,NA,NA,NA,NA,7,NA,15,42,"December"
"738",2018-12-14,8,2018,"Fall",21,NA,1,NA,NA,NA,NA,NA,NA,NA,NA,10,NA,9,41,"December"
"739",2018-12-17,8.2,2018,"Fall",29,NA,NA,NA,NA,NA,NA,NA,NA,NA,NA,17,NA,28,74,"December"
"740",2018-12-19,8.3,2018,"Fall",36,NA,NA,NA,NA,NA,NA,NA,NA,NA,NA,6,NA,33,75,"December"
"741",2018-12-21,8.2,2018,"Winter",29,NA,NA,NA,NA,NA,NA,NA,NA,NA,NA,10,NA,22,61,"December"
"742",2018-12-24,8.1,2018,"Winter",41,NA,NA,NA,NA,NA,NA,NA,NA,NA,NA,2,1,39,83,"December"
"743",2018-12-26,7.9,2018,"Winter",41,1,NA,NA,NA,NA,NA,NA,NA,NA,NA,1,NA,20,63,"December"
"744",2018-12-28,7.8,2018,"Winter",41,NA,NA,1,NA,NA,NA,NA,NA,NA,NA,5,NA,24,71,"December"
"745",2018-12-31,7.7,2018,"Winter",19,NA,1,NA,NA,NA,NA,NA,NA,NA,NA,1,NA,13,34,"December"
"746",2019-01-04,7.5,2019,"Winter",21,NA,NA,1,NA,NA,NA,NA,NA,NA,NA,1,NA,11,34,"January"
"747",2019-01-07,7.4,2019,"Winter",23,NA,NA,1,NA,NA,NA,NA,NA,NA,NA,1,NA,12,37,"January"
"748",2019-01-09,7.4,2019,"Winter",18,NA,NA,NA,NA,NA,NA,NA,NA,NA,NA,NA,NA,23,41,"January"
"749",2019-01-11,7.3,2019,"Winter",10,1,NA,NA,NA,NA,NA,NA,NA,NA,NA,NA,NA,25,36,"January"
"750",2019-01-14,7.1,2019,"Winter",12,NA,NA,1,NA,NA,NA,NA,NA,NA,NA,NA,NA,7,20,"January"
"751",2019-01-16,7.1,2019,"Winter",16,NA,NA,NA,NA,NA,NA,NA,NA,NA,NA,NA,NA,7,23,"January"
"752",2019-01-18,7.1,2019,"Winter",24,NA,NA,NA,NA,NA,NA,NA,NA,NA,NA,2,1,9,36,"January"
"753",2019-01-21,7.1,2019,"Winter",37,1,NA,1,NA,NA,NA,NA,NA,NA,NA,NA,NA,25,64,"January"
"754",2019-01-23,7.4,2019,"Winter",26,NA,NA,1,NA,NA,NA,NA,NA,NA,NA,NA,NA,8,35,"January"
"755",2019-01-25,7.2,2019,"Winter",23,NA,NA,NA,NA,NA,NA,NA,NA,NA,NA,NA,NA,33,56,"January"
"756",2019-01-28,7.1,2019,"Winter",20,NA,NA,NA,NA,NA,NA,NA,NA,NA,NA,NA,NA,16,36,"January"
"757",2019-01-30,7,2019,"Winter",9,NA,NA,NA,NA,NA,NA,NA,NA,NA,NA,NA,NA,12,21,"January"
"758",2019-02-01,6.9,2019,"Winter",23,NA,NA,NA,NA,NA,NA,NA,NA,NA,NA,NA,NA,12,35,"February"
"759",2019-02-04,6.9,2019,"Winter",46,NA,NA,NA,NA,NA,NA,NA,NA,NA,NA,NA,NA,19,65,"February"
"760",2019-02-06,6.9,2019,"Winter",32,NA,NA,NA,NA,NA,NA,NA,NA,NA,NA,NA,NA,10,42,"February"
"761",2019-02-08,6.8,2019,"Winter",20,NA,1,NA,NA,NA,NA,NA,NA,NA,NA,NA,NA,13,34,"February"
"762",2019-02-11,6.6,2019,"Winter",9,NA,NA,NA,NA,NA,NA,NA,NA,NA,NA,NA,NA,6,15,"February"
"763",2019-02-13,6.7,2019,"Winter",18,NA,NA,NA,NA,NA,NA,NA,NA,NA,NA,NA,NA,10,28,"February"
"764",2019-02-15,6.6,2019,"Winter",19,1,NA,1,NA,NA,NA,NA,NA,NA,NA,NA,NA,11,32,"February"
"765",2019-02-18,6.8,2019,"Winter",47,NA,NA,NA,NA,NA,NA,NA,NA,NA,NA,NA,NA,24,71,"February"
"766",2019-02-20,6.9,2019,"Winter",15,NA,NA,NA,NA,NA,NA,NA,NA,NA,NA,NA,NA,11,26,"February"
"767",2019-02-22,6.7,2019,"Winter",19,1,NA,NA,NA,NA,NA,NA,NA,NA,NA,NA,NA,14,34,"February"
"768",2019-02-28,6.1,2019,"Winter",25,NA,NA,NA,NA,NA,NA,NA,NA,NA,NA,NA,NA,24,49,"February"
"769",2019-03-02,5.9,2019,"Winter",5,2,NA,NA,NA,NA,NA,NA,NA,NA,NA,NA,NA,28,35,"March"
"770",2019-03-04,6,2019,"Winter",9,NA,NA,NA,NA,NA,NA,NA,NA,NA,NA,NA,NA,9,18,"March"
"771",2019-03-04,6,2019,"Winter",7,1,NA,NA,NA,NA,NA,NA,NA,NA,NA,NA,NA,25,33,"March"
"772",2019-03-06,6,2019,"Winter",8,1,NA,NA,NA,NA,NA,NA,NA,NA,NA,NA,NA,1,10,"March"
"773",2019-03-06,6,2019,"Winter",5,2,NA,NA,NA,NA,NA,NA,NA,NA,NA,NA,NA,17,24,"March"
"774",2019-03-08,6.1,2019,"Winter",13,NA,NA,NA,NA,NA,NA,NA,NA,NA,NA,NA,NA,3,16,"March"
"775",2019-03-09,6.2,2019,"Winter",9,4,1,1,NA,NA,NA,NA,NA,NA,NA,NA,NA,41,56,"March"
"776",2019-03-11,6.5,2019,"Winter",6,NA,NA,NA,NA,NA,NA,NA,NA,NA,NA,NA,NA,7,13,"March"
"777",2019-03-11,6.5,2019,"Winter",5,2,NA,NA,NA,NA,NA,NA,NA,NA,NA,NA,NA,19,26,"March"
"778",2019-03-13,6.6,2019,"Winter",7,2,NA,NA,NA,NA,NA,NA,NA,NA,NA,NA,NA,11,20,"March"
"779",2019-03-14,6.5,2019,"Winter",25,1,NA,NA,NA,NA,NA,NA,NA,NA,NA,NA,NA,14,40,"March"
"780",2019-03-16,6.9,2019,"Winter",6,1,NA,NA,NA,NA,NA,NA,NA,NA,NA,NA,NA,18,25,"March"
"781",2019-03-18,7.2,2019,"Winter",2,1,NA,NA,NA,NA,NA,NA,NA,NA,NA,NA,NA,3,6,"March"
"782",2019-03-18,7.2,2019,"Winter",29,3,NA,2,NA,NA,NA,NA,NA,NA,NA,NA,NA,48,82,"March"
"783",2019-03-20,7.1,2019,"Spring",2,NA,NA,NA,NA,NA,NA,NA,NA,NA,NA,NA,NA,5,7,"March"
"784",2019-03-21,7.3,2019,"Spring",22,6,NA,1,NA,NA,NA,NA,NA,NA,NA,NA,NA,38,67,"March"
"785",2019-03-23,7.7,2019,"Spring",1,2,NA,NA,NA,NA,NA,NA,NA,NA,NA,NA,NA,23,26,"March"
"786",2019-03-25,8,2019,"Spring",21,4,NA,1,NA,NA,NA,NA,NA,NA,NA,NA,NA,59,85,"March"
"787",2019-03-27,8,2019,"Spring",2,8,NA,NA,NA,NA,NA,NA,NA,NA,NA,NA,1,29,40,"March"
"788",2019-03-29,8.3,2019,"Spring",2,NA,NA,NA,NA,NA,NA,NA,NA,NA,NA,NA,NA,23,25,"March"
"789",2019-03-30,8.3,2019,"Spring",5,4,NA,NA,NA,NA,NA,NA,NA,NA,NA,NA,1,32,42,"March"
"790",2019-04-01,8.5,2019,"Spring",6,1,NA,1,NA,NA,NA,NA,NA,NA,NA,NA,NA,33,41,"April"
"791",2019-04-03,8.7,2019,"Spring",2,NA,NA,NA,NA,NA,NA,NA,NA,NA,NA,NA,NA,13,15,"April"
"792",2019-04-05,9,2019,"Spring",1,NA,NA,NA,NA,NA,NA,NA,NA,NA,NA,NA,NA,8,9,"April"
"793",2019-04-08,9.3,2019,"Spring",1,NA,NA,NA,NA,NA,NA,NA,NA,NA,NA,NA,NA,20,21,"April"
"794",2019-04-10,8.2,2019,"Spring",NA,NA,NA,NA,NA,NA,NA,NA,NA,NA,NA,NA,NA,11,11,"April"
"795",2019-04-12,8.4,2019,"Spring",NA,NA,NA,NA,NA,NA,NA,NA,NA,NA,NA,NA,NA,3,3,"April"
"796",2019-04-15,8.7,2019,"Spring",NA,NA,NA,NA,NA,NA,NA,NA,NA,NA,NA,NA,NA,12,12,"April"
"797",2019-04-19,9.5,2019,"Spring",NA,NA,NA,NA,NA,NA,NA,NA,NA,NA,NA,NA,NA,18,18,"April"
"798",2019-04-22,9.7,2019,"Spring",NA,NA,NA,NA,NA,NA,NA,NA,NA,NA,NA,NA,NA,5,5,"April"
"799",2019-04-26,10.7,2019,"Spring",NA,NA,NA,NA,NA,NA,NA,NA,NA,NA,NA,NA,NA,11,11,"April"
"800",2019-04-29,10.7,2019,"Spring",NA,NA,NA,NA,NA,NA,NA,NA,NA,NA,NA,NA,NA,5,5,"April"
"801",2019-05-03,11.1,2019,"Spring",NA,NA,NA,NA,NA,NA,NA,NA,NA,NA,NA,NA,NA,10,10,"May"
"802",2019-05-06,11.2,2019,"Spring",NA,NA,NA,NA,NA,NA,NA,NA,NA,NA,NA,NA,NA,3,3,"May"
"803",2019-05-10,11.8,2019,"Spring",NA,NA,NA,NA,NA,NA,NA,NA,NA,NA,NA,NA,NA,3,3,"May"
"804",2019-05-13,12.5,2019,"Spring",NA,NA,NA,NA,NA,NA,NA,NA,NA,NA,NA,NA,NA,7,7,"May"
"805",2019-05-15,12.7,2019,"Spring",NA,NA,NA,NA,4,1,NA,NA,NA,NA,NA,NA,NA,18,23,"May"
"806",2019-05-17,12.6,2019,"Spring",NA,NA,NA,NA,12,NA,9,2,NA,NA,NA,NA,2,6,31,"May"
"807",2019-05-20,12.3,2019,"Spring",NA,NA,NA,NA,18,1,5,4,NA,NA,NA,NA,NA,3,31,"May"
"808",2019-05-22,12.1,2019,"Spring",NA,NA,NA,NA,25,NA,1,4,NA,NA,NA,NA,1,4,35,"May"
"809",2019-05-24,12,2019,"Spring",NA,NA,NA,NA,12,NA,2,NA,NA,NA,NA,NA,NA,8,22,"May"
"810",2019-05-27,12.1,2019,"Spring",NA,NA,NA,NA,20,NA,1,NA,NA,NA,NA,NA,1,16,38,"May"
"811",2019-05-29,12.4,2019,"Spring",NA,NA,NA,NA,17,NA,3,NA,NA,NA,NA,NA,NA,NA,20,"May"
"812",2019-05-31,12.3,2019,"Spring",NA,NA,NA,NA,23,1,1,1,NA,NA,NA,NA,NA,10,36,"May"
"813",2019-06-03,11.6,2019,"Spring",NA,NA,NA,NA,28,2,3,1,NA,NA,NA,NA,1,6,41,"June"
"814",2019-06-06,12.6,2019,"Spring",NA,NA,NA,NA,25,NA,1,2,NA,NA,NA,NA,1,3,32,"June"
"815",2019-06-07,12.8,2019,"Spring",NA,NA,NA,NA,6,1,1,NA,NA,NA,NA,NA,NA,6,14,"June"
"816",2019-06-10,13.4,2019,"Spring",NA,NA,NA,NA,39,NA,1,1,NA,NA,NA,NA,2,8,51,"June"
"817",2019-06-12,13.2,2019,"Spring",NA,NA,NA,NA,18,1,1,NA,NA,NA,NA,NA,1,3,24,"June"
"818",2019-06-14,13.4,2019,"Spring",NA,NA,NA,NA,15,1,1,NA,NA,NA,NA,NA,NA,12,29,"June"
"819",2019-06-17,13.9,2019,"Spring",NA,NA,NA,NA,22,NA,1,NA,NA,NA,NA,NA,1,7,31,"June"
"820",2019-06-19,14,2019,"Spring",NA,NA,NA,NA,15,1,1,NA,NA,NA,NA,NA,1,5,23,"June"
"821",2019-06-21,14.2,2019,"Summer",NA,NA,NA,NA,17,NA,NA,NA,NA,NA,NA,NA,NA,1,18,"June"
"822",2019-06-25,14.2,2019,"Summer",NA,NA,NA,NA,23,2,NA,NA,NA,NA,NA,NA,2,16,43,"June"
"823",2019-06-28,13.7,2019,"Summer",NA,NA,NA,NA,14,1,NA,NA,NA,NA,NA,NA,1,10,26,"June"
"824",2019-07-02,13.5,2019,"Summer",NA,NA,NA,NA,14,1,NA,NA,NA,NA,NA,NA,3,7,25,"July"
"825",2019-07-05,13.1,2019,"Summer",NA,NA,NA,NA,9,NA,NA,NA,NA,NA,NA,NA,NA,7,16,"July"
"826",2019-07-08,13,2019,"Summer",NA,NA,NA,NA,2,NA,NA,NA,NA,NA,NA,NA,NA,1,3,"July"
"827",2019-07-10,13,2019,"Summer",NA,NA,NA,NA,1,NA,NA,NA,NA,NA,NA,NA,NA,1,2,"July"
"828",2019-07-12,13.1,2019,"Summer",NA,NA,NA,NA,3,1,NA,NA,NA,NA,NA,NA,NA,8,12,"July"
"829",2019-07-15,13.1,2019,"Summer",NA,NA,NA,NA,1,1,NA,NA,NA,1,1,NA,NA,7,11,"July"
"830",2019-07-17,13.2,2019,"Summer",NA,NA,NA,NA,NA,NA,NA,NA,NA,1,NA,NA,NA,8,9,"July"
"831",2019-07-19,13.3,2019,"Summer",NA,NA,NA,NA,NA,NA,NA,NA,NA,NA,NA,NA,NA,3,3,"July"
"832",2019-07-22,13.3,2019,"Summer",NA,NA,NA,NA,NA,NA,NA,NA,NA,1,NA,NA,NA,3,4,"July"
"833",2019-07-24,13.2,2019,"Summer",NA,NA,NA,NA,3,NA,NA,NA,NA,NA,NA,NA,NA,1,4,"July"
"834",2019-07-26,13.4,2019,"Summer",NA,NA,NA,NA,1,1,NA,NA,NA,2,NA,NA,NA,2,6,"July"
"835",2019-07-29,13.5,2019,"Summer",NA,NA,NA,NA,1,NA,NA,NA,NA,2,NA,NA,NA,2,5,"July"
"836",2019-08-01,13.5,2019,"Summer",NA,NA,NA,NA,5,1,NA,NA,NA,2,NA,NA,1,1,10,"August"
"837",2019-08-02,13.5,2019,"Summer",NA,NA,NA,NA,1,NA,NA,NA,1,1,1,NA,NA,NA,4,"August"
"838",2019-08-05,12.1,2019,"Summer",NA,NA,NA,NA,NA,NA,NA,NA,NA,3,NA,NA,NA,NA,3,"August"
"839",2019-08-07,13,2019,"Summer",NA,NA,NA,NA,NA,NA,NA,NA,NA,3,NA,NA,1,1,5,"August"
"840",2019-08-09,13.8,2019,"Summer",NA,NA,NA,NA,NA,NA,NA,NA,NA,4,NA,NA,1,NA,5,"August"
"841",2019-08-12,13.9,2019,"Summer",NA,1,NA,NA,9,2,NA,NA,1,16,NA,NA,NA,8,37,"August"
"842",2019-08-14,13.9,2019,"Summer",NA,NA,NA,NA,NA,NA,NA,NA,NA,NA,NA,NA,NA,1,1,"August"
"843",2019-08-16,13.7,2019,"Summer",NA,NA,NA,NA,4,NA,NA,NA,NA,1,NA,NA,NA,1,6,"August"
"844",2019-08-21,13.5,2019,"Summer",NA,NA,NA,NA,NA,NA,NA,NA,NA,1,NA,NA,1,NA,2,"August"
"845",2019-08-23,13.7,2019,"Summer",NA,NA,NA,NA,NA,NA,NA,NA,NA,NA,NA,NA,NA,2,2,"August"
"846",2019-08-26,13.7,2019,"Summer",NA,NA,NA,NA,4,NA,NA,NA,NA,9,NA,NA,1,5,19,"August"
"847",2019-08-28,13.7,2019,"Summer",NA,NA,NA,NA,1,NA,NA,NA,1,NA,NA,NA,NA,7,9,"August"
"848",2019-08-30,13.8,2019,"Summer",NA,NA,NA,NA,2,NA,NA,NA,NA,2,NA,NA,NA,NA,4,"August"
"849",2019-09-04,12.9,2019,"Summer",NA,NA,NA,NA,NA,NA,NA,NA,NA,NA,NA,NA,1,1,2,"September"
"850",2019-09-06,12.9,2019,"Summer",NA,NA,NA,NA,NA,NA,NA,NA,NA,1,NA,NA,NA,2,3,"September"
"851",2019-09-09,12.9,2019,"Summer",NA,NA,NA,NA,NA,1,NA,NA,NA,NA,NA,NA,NA,2,3,"September"
"852",2019-09-11,12.9,2019,"Summer",NA,NA,2,NA,NA,NA,NA,NA,5,1,NA,NA,NA,NA,8,"September"
"853",2019-09-16,12.9,2019,"Summer",NA,NA,1,NA,NA,NA,NA,NA,4,1,NA,NA,NA,4,10,"September"
"854",2019-09-19,12.6,2019,"Summer",2,NA,NA,NA,NA,NA,NA,NA,NA,NA,NA,NA,NA,NA,2,"September"
"855",2019-09-23,12.6,2019,"Fall",NA,NA,NA,NA,NA,NA,NA,NA,NA,NA,NA,NA,NA,3,3,"September"
"856",2019-09-26,12.6,2019,"Fall",2,NA,NA,NA,NA,NA,NA,NA,1,1,NA,NA,NA,1,5,"September"
"857",2019-09-30,12.3,2019,"Fall",11,1,1,NA,NA,NA,NA,NA,NA,NA,NA,NA,NA,9,22,"September"
"858",2019-10-02,12.2,2019,"Fall",4,NA,NA,NA,NA,NA,NA,NA,NA,NA,NA,1,NA,1,6,"October"
"859",2019-10-04,12.2,2019,"Fall",4,3,NA,NA,NA,NA,NA,NA,NA,NA,NA,NA,NA,4,11,"October"
"860",2019-10-07,12.1,2019,"Fall",10,2,1,2,NA,NA,NA,NA,1,NA,NA,NA,NA,1,17,"October"
"861",2019-10-09,12,2019,"Fall",4,NA,1,NA,NA,NA,NA,NA,NA,NA,NA,3,NA,4,12,"October"
"862",2019-10-11,11.8,2019,"Fall",8,NA,NA,1,NA,NA,NA,NA,NA,NA,NA,NA,NA,1,10,"October"
"863",2019-10-14,11.6,2019,"Fall",4,1,NA,NA,NA,NA,NA,NA,NA,NA,NA,NA,NA,4,9,"October"
"864",2019-10-16,11.6,2019,"Fall",4,NA,NA,NA,NA,NA,NA,NA,NA,NA,NA,NA,NA,NA,4,"October"
"865",2019-10-18,11.4,2019,"Fall",7,NA,NA,1,NA,NA,NA,NA,NA,NA,NA,NA,NA,5,13,"October"
"866",2019-10-21,11.3,2019,"Fall",7,NA,NA,1,NA,NA,NA,NA,NA,NA,NA,2,NA,8,18,"October"
"867",2019-10-24,11.3,2019,"Fall",10,2,NA,NA,NA,NA,NA,NA,NA,NA,NA,23,NA,NA,35,"October"
"868",2019-10-28,10.7,2019,"Fall",14,1,1,2,NA,NA,NA,NA,NA,NA,NA,23,NA,9,50,"October"
"869",2019-10-31,10.1,2019,"Fall",11,1,1,NA,NA,NA,NA,NA,NA,NA,NA,9,NA,4,26,"October"
"870",2019-11-05,10.1,2019,"Fall",6,NA,NA,NA,NA,NA,NA,NA,NA,NA,NA,5,NA,9,20,"November"
"871",2019-11-07,9.9,2019,"Fall",8,NA,NA,1,NA,NA,NA,NA,NA,NA,NA,1,NA,6,16,"November"
"872",2019-11-11,9.9,2019,"Fall",7,1,NA,NA,NA,NA,NA,NA,NA,NA,NA,4,NA,7,19,"November"
"873",2019-11-15,9.9,2019,"Fall",6,NA,NA,NA,NA,NA,NA,NA,NA,NA,NA,1,NA,NA,7,"November"
"874",2019-11-18,9.9,2019,"Fall",3,NA,NA,NA,NA,NA,NA,NA,NA,NA,NA,3,NA,1,7,"November"
"875",2019-11-20,9.8,2019,"Fall",5,NA,NA,NA,NA,NA,NA,NA,NA,NA,NA,2,NA,2,9,"November"
"876",2019-11-22,9.7,2019,"Fall",6,1,1,2,NA,NA,NA,NA,NA,NA,NA,17,NA,9,36,"November"
"877",2019-11-25,9.4,2019,"Fall",21,NA,NA,NA,NA,NA,NA,NA,NA,NA,NA,26,2,18,67,"November"
"878",2019-11-29,8.8,2019,"Fall",14,NA,NA,NA,NA,NA,NA,NA,NA,NA,NA,52,NA,6,72,"November"
"879",2019-12-02,8.4,2019,"Fall",23,NA,NA,NA,NA,NA,NA,NA,NA,NA,NA,44,NA,20,87,"December"
"880",2019-12-04,8.3,2019,"Fall",5,NA,2,2,NA,NA,NA,NA,NA,NA,NA,6,NA,2,17,"December"
"881",2019-12-06,8.2,2019,"Fall",9,NA,NA,NA,NA,NA,NA,NA,NA,NA,NA,15,NA,5,29,"December"
"882",2019-12-09,8.2,2019,"Fall",26,NA,3,NA,NA,NA,NA,NA,NA,NA,NA,19,NA,19,67,"December"
"883",2019-12-11,8.1,2019,"Fall",10,NA,NA,NA,NA,NA,NA,NA,NA,NA,NA,10,NA,13,33,"December"
"884",2019-12-13,8.3,2019,"Fall",26,NA,NA,NA,NA,NA,NA,NA,NA,NA,NA,9,NA,23,58,"December"
"885",2019-12-16,8.3,2019,"Fall",54,1,NA,1,NA,NA,NA,NA,NA,NA,NA,17,NA,38,111,"December"
"886",2019-12-18,8.2,2019,"Fall",31,NA,NA,NA,NA,NA,NA,NA,NA,NA,NA,11,NA,26,68,"December"
"887",2019-12-20,8.3,2019,"Fall",12,1,NA,NA,NA,NA,NA,NA,NA,NA,NA,12,NA,23,48,"December"
"888",2019-12-23,8.3,2019,"Winter",25,NA,1,6,NA,NA,NA,NA,NA,NA,NA,5,NA,22,59,"December"
"889",2019-12-27,7.9,2019,"Winter",39,1,NA,NA,NA,NA,NA,NA,NA,NA,NA,5,NA,38,83,"December"
"890",2019-12-30,7.6,2019,"Winter",11,NA,NA,NA,NA,NA,NA,NA,NA,NA,NA,10,NA,9,30,"December"
"891",2020-01-02,7.7,2020,"Winter",10,NA,NA,3,NA,NA,NA,NA,NA,NA,NA,4,1,13,31,"January"
"892",2020-01-06,7.7,2020,"Winter",52,1,NA,NA,NA,NA,NA,NA,NA,NA,NA,7,1,51,112,"January"
"893",2020-01-08,7.7,2020,"Winter",31,1,NA,3,NA,NA,NA,NA,NA,NA,NA,2,NA,12,49,"January"
"894",2020-01-10,7.5,2020,"Winter",20,NA,NA,NA,NA,NA,NA,NA,NA,NA,NA,1,NA,8,29,"January"
"895",2020-01-13,7.3,2020,"Winter",35,NA,NA,2,NA,NA,NA,NA,NA,NA,NA,NA,NA,26,63,"January"
"896",2020-01-15,7.1,2020,"Winter",7,NA,NA,NA,NA,NA,NA,NA,NA,NA,NA,2,NA,8,17,"January"
"897",2020-01-17,7.1,2020,"Winter",8,NA,NA,NA,NA,NA,NA,NA,NA,NA,NA,NA,NA,10,18,"January"
"898",2020-01-20,7.1,2020,"Winter",11,1,NA,1,NA,NA,NA,NA,NA,NA,NA,2,NA,22,37,"January"
"899",2020-01-22,7.1,2020,"Winter",19,1,NA,1,NA,NA,NA,NA,NA,NA,NA,NA,NA,11,32,"January"
"900",2020-01-24,7.4,2020,"Winter",15,1,NA,NA,NA,NA,NA,NA,NA,NA,NA,1,NA,23,40,"January"
"901",2020-01-27,7.6,2020,"Winter",26,3,NA,3,NA,NA,NA,NA,NA,NA,NA,NA,NA,45,77,"January"
"902",2020-01-29,7.5,2020,"Winter",16,2,NA,NA,NA,NA,NA,NA,NA,NA,NA,NA,NA,43,61,"January"
"903",2020-01-31,7.8,2020,"Winter",23,1,NA,NA,NA,NA,NA,NA,NA,NA,NA,NA,NA,32,56,"January"
"904",2020-02-03,7.7,2020,"Winter",21,5,1,3,NA,NA,NA,NA,NA,NA,NA,NA,NA,59,89,"February"
"905",2020-02-05,7.6,2020,"Winter",9,1,1,1,NA,NA,NA,NA,NA,NA,NA,NA,NA,13,25,"February"
"906",2020-02-07,7.5,2020,"Winter",11,2,NA,NA,NA,NA,NA,NA,NA,NA,NA,NA,NA,14,27,"February"
"907",2020-02-10,7.6,2020,"Winter",12,1,NA,NA,NA,NA,NA,NA,NA,NA,NA,NA,NA,15,28,"February"
"908",2020-02-12,7.5,2020,"Winter",10,NA,NA,NA,NA,NA,NA,NA,NA,NA,NA,NA,NA,11,21,"February"
"909",2020-02-14,7.4,2020,"Winter",10,NA,NA,1,NA,NA,NA,NA,NA,NA,NA,NA,NA,23,34,"February"
"910",2020-02-17,7.5,2020,"Winter",6,1,NA,NA,NA,NA,NA,NA,NA,NA,NA,NA,NA,20,27,"February"
"911",2020-02-19,7.6,2020,"Winter",6,NA,NA,NA,NA,NA,NA,NA,NA,NA,NA,1,NA,19,26,"February"
"912",2020-02-21,7.4,2020,"Winter",8,1,NA,NA,NA,NA,NA,NA,NA,NA,NA,NA,NA,18,27,"February"
"913",2020-02-24,7.2,2020,"Winter",5,4,NA,NA,NA,NA,NA,NA,NA,NA,NA,NA,NA,11,20,"February"
"914",2020-02-26,7.5,2020,"Winter",6,1,1,NA,NA,NA,NA,NA,NA,NA,NA,NA,NA,21,29,"February"
"915",2020-02-28,7.6,2020,"Winter",2,4,NA,NA,NA,NA,NA,NA,NA,NA,NA,NA,1,18,25,"February"
"916",2020-04-03,9,2020,"Spring",3,4,NA,NA,NA,NA,NA,NA,NA,NA,NA,NA,NA,35,42,"April"
"917",2020-04-06,9.1,2020,"Spring",1,NA,NA,NA,NA,NA,NA,NA,NA,NA,NA,NA,NA,9,10,"April"
"918",2020-04-10,9.2,2020,"Spring",1,4,NA,NA,NA,NA,NA,NA,NA,NA,NA,NA,NA,13,18,"April"
"919",2020-04-13,9.6,2020,"Spring",1,6,NA,NA,NA,NA,NA,NA,NA,NA,NA,NA,NA,19,26,"April"
"920",2020-04-17,10.1,2020,"Spring",2,2,NA,NA,NA,NA,NA,NA,NA,NA,NA,NA,NA,25,29,"April"
"921",2020-04-20,10.5,2020,"Spring",NA,NA,NA,NA,NA,NA,NA,NA,NA,NA,NA,NA,NA,16,16,"April"
"922",2020-04-24,11.1,2020,"Spring",NA,3,NA,NA,NA,NA,NA,NA,NA,NA,NA,NA,NA,24,27,"April"
"923",2020-04-27,11.9,2020,"Spring",NA,NA,NA,NA,NA,NA,NA,NA,NA,NA,NA,NA,NA,12,12,"April"
"924",2020-05-01,12.1,2020,"Spring",NA,NA,NA,NA,NA,NA,NA,NA,NA,NA,NA,NA,NA,19,19,"May"
"925",2020-05-04,12.4,2020,"Spring",NA,NA,NA,NA,NA,NA,NA,NA,NA,NA,NA,NA,NA,7,7,"May"
"926",2020-05-08,12.2,2020,"Spring",NA,NA,NA,NA,NA,NA,1,NA,NA,NA,NA,NA,1,10,12,"May"
"927",2020-05-11,11.8,2020,"Spring",NA,NA,NA,NA,4,NA,NA,NA,NA,NA,NA,NA,NA,9,13,"May"
"928",2020-05-13,11.9,2020,"Spring",NA,NA,NA,NA,1,NA,NA,NA,NA,NA,NA,NA,NA,2,3,"May"
"929",2020-05-15,12.3,2020,"Spring",NA,NA,NA,NA,2,NA,NA,NA,NA,NA,NA,NA,NA,4,6,"May"
"930",2020-05-18,12.4,2020,"Spring",NA,NA,NA,NA,6,NA,1,NA,NA,NA,NA,NA,2,2,11,"May"
"931",2020-05-20,12.3,2020,"Spring",NA,NA,NA,NA,NA,NA,NA,NA,NA,NA,NA,NA,NA,11,11,"May"
"932",2020-05-22,12.3,2020,"Spring",NA,NA,NA,NA,6,NA,NA,NA,NA,NA,NA,NA,NA,11,17,"May"
"933",2020-05-26,12.5,2020,"Spring",NA,NA,NA,NA,6,NA,NA,NA,NA,NA,NA,NA,NA,34,40,"May"
"934",2020-05-27,12.7,2020,"Spring",NA,NA,NA,NA,1,NA,1,1,NA,NA,NA,NA,2,11,16,"May"
"935",2020-05-29,12.7,2020,"Spring",NA,NA,NA,NA,8,1,NA,NA,NA,NA,NA,NA,NA,1,10,"May"
"936",2020-06-01,12.8,2020,"Spring",NA,1,NA,NA,14,NA,NA,NA,NA,NA,NA,NA,1,36,52,"June"
"937",2020-06-03,12.8,2020,"Spring",NA,NA,NA,NA,5,1,NA,NA,NA,NA,NA,NA,NA,21,27,"June"
"938",2020-06-05,12.9,2020,"Spring",NA,NA,NA,NA,10,NA,NA,NA,NA,NA,NA,NA,2,12,24,"June"
"939",2020-06-08,13.2,2020,"Spring",NA,NA,NA,NA,17,2,1,1,NA,NA,NA,NA,3,14,38,"June"
"940",2020-06-10,13.4,2020,"Spring",NA,NA,NA,NA,7,NA,NA,NA,NA,NA,NA,NA,NA,3,10,"June"
"941",2020-06-12,13.2,2020,"Spring",NA,NA,NA,NA,11,NA,NA,1,NA,NA,NA,NA,NA,8,20,"June"
"942",2020-06-15,12.5,2020,"Spring",NA,NA,NA,NA,11,NA,NA,NA,NA,NA,NA,NA,1,7,19,"June"
"943",2020-06-17,12.6,2020,"Spring",NA,NA,NA,NA,2,NA,NA,NA,NA,NA,NA,NA,NA,2,4,"June"
"944",2020-06-19,13.1,2020,"Spring",NA,NA,NA,NA,13,NA,NA,NA,NA,NA,NA,NA,NA,3,16,"June"
"945",2020-06-22,13.6,2020,"Summer",NA,NA,NA,NA,13,NA,1,1,NA,NA,NA,NA,NA,8,23,"June"
"946",2020-06-26,13.9,2020,"Summer",NA,NA,NA,NA,18,1,2,1,NA,NA,NA,NA,NA,8,30,"June"
"947",2020-06-29,14.1,2020,"Summer",NA,NA,NA,NA,15,NA,NA,NA,NA,NA,NA,NA,NA,8,23,"June"
"948",2020-07-01,14.1,2020,"Summer",NA,NA,NA,NA,6,NA,NA,NA,NA,NA,NA,NA,NA,2,8,"July"
"949",2020-07-02,14.3,2020,"Summer",NA,NA,NA,NA,4,NA,NA,NA,NA,NA,NA,NA,NA,1,5,"July"
"950",2020-07-06,13.6,2020,"Summer",NA,NA,NA,NA,3,NA,NA,NA,NA,NA,NA,NA,NA,3,6,"July"
"951",2020-07-08,13.3,2020,"Summer",NA,NA,NA,NA,4,NA,1,NA,NA,NA,NA,NA,NA,1,6,"July"
"952",2020-07-10,12.6,2020,"Summer",NA,NA,NA,NA,3,1,NA,NA,1,NA,NA,NA,1,NA,6,"July"
"953",2020-07-13,12.3,2020,"Summer",NA,NA,NA,NA,3,1,NA,NA,NA,NA,NA,NA,NA,4,8,"July"
"954",2020-07-15,12.5,2020,"Summer",NA,NA,NA,NA,NA,NA,NA,NA,NA,NA,NA,NA,NA,2,2,"July"
"955",2020-07-20,12.7,2020,"Summer",NA,NA,NA,NA,3,NA,NA,NA,NA,NA,NA,NA,NA,1,4,"July"
"956",2020-07-22,12.5,2020,"Summer",NA,NA,NA,NA,1,NA,NA,NA,2,NA,NA,NA,NA,NA,3,"July"
"957",2020-07-24,12.6,2020,"Summer",NA,NA,NA,NA,6,2,NA,NA,NA,NA,NA,NA,1,NA,9,"July"
"958",2020-07-27,12.5,2020,"Summer",NA,NA,NA,NA,6,NA,NA,NA,4,1,NA,NA,2,3,16,"July"
