Date,SUMMER.STEELHEAD_Hatchery,SUMMER.STEELHEAD_Wild,SUMMER.STEELHEAD_RM,SUMMER.STEELHEAD_LM,SPRING.CHINOOK_Hachery,SPRING.CHINOOK_Wild,SPRING.CHINOOK_RM,SPRING.CHINOOK_LM,Sockeye_NoMark,Sockeye_RM,Sockeye_LM,Fall.Chinook,Bull.Trout,Rainbow.Trout,Total,Year,Season,Month
2014-01-03,28,NA,NA,NA,NA,NA,NA,NA,NA,NA,NA,NA,1,13,42,2014,Winter,January
2014-01-06,13,NA,NA,NA,NA,NA,NA,NA,NA,NA,NA,1,NA,11,25,2014,Winter,January
2014-01-08,25,NA,1,NA,NA,NA,NA,NA,NA,NA,NA,1,NA,13,40,2014,Winter,January
2014-01-10,11,1,NA,NA,NA,NA,NA,NA,NA,NA,NA,5,NA,7,24,2014,Winter,January
2014-01-13,44,NA,NA,NA,NA,NA,NA,NA,NA,NA,NA,2,NA,19,65,2014,Winter,January
2014-01-15,14,NA,NA,1,NA,NA,NA,NA,NA,NA,NA,4,NA,NA,19,2014,Winter,January
2014-01-17,41,NA,1,NA,NA,NA,NA,NA,NA,NA,NA,1,NA,36,79,2014,Winter,January
2014-01-21,18,NA,1,NA,NA,NA,NA,NA,NA,NA,NA,2,NA,16,37,2014,Winter,January
2014-01-22,10,1,NA,NA,NA,NA,NA,NA,NA,NA,NA,1,NA,5,17,2014,Winter,January
2014-01-24,12,NA,1,NA,NA,NA,NA,NA,NA,NA,NA,3,NA,5,21,2014,Winter,January
2014-01-27,6,NA,NA,1,NA,NA,NA,NA,NA,NA,NA,NA,NA,1,8,2014,Winter,January
2014-01-29,13,NA,NA,NA,NA,NA,NA,NA,NA,NA,NA,NA,NA,6,19,2014,Winter,January
2014-01-31,23,NA,NA,1,NA,NA,NA,NA,NA,NA,NA,1,NA,1,26,2014,Winter,January
2014-02-03,35,1,NA,NA,NA,NA,NA,NA,NA,NA,NA,2,NA,9,47,2014,Winter,February
2014-02-05,33,NA,NA,NA,NA,NA,NA,NA,NA,NA,NA,2,NA,14,49,2014,Winter,February
2014-02-07,6,NA,1,NA,NA,NA,NA,NA,NA,NA,NA,NA,NA,7,14,2014,Winter,February
2014-02-12,7,NA,NA,NA,NA,NA,NA,NA,NA,NA,NA,1,NA,3,11,2014,Winter,February
2014-02-14,14,1,NA,NA,NA,NA,NA,NA,NA,NA,NA,NA,NA,4,19,2014,Winter,February
2014-02-17,46,3,1,NA,NA,NA,NA,NA,NA,NA,NA,1,NA,49,100,2014,Winter,February
2014-02-19,83,8,1,1,NA,NA,NA,NA,NA,NA,NA,NA,NA,57,150,2014,Winter,February
2014-02-21,17,2,3,1,NA,NA,NA,NA,NA,NA,NA,NA,NA,25,48,2014,Winter,February
2014-02-24,45,NA,1,NA,NA,NA,NA,NA,NA,NA,NA,NA,NA,25,71,2014,Winter,February
2014-02-26,13,NA,NA,NA,NA,NA,NA,NA,NA,NA,NA,NA,NA,3,16,2014,Winter,February
2014-02-28,33,NA,NA,NA,NA,NA,NA,NA,NA,NA,NA,1,NA,6,40,2014,Winter,February
2014-03-03,17,NA,NA,NA,NA,NA,NA,NA,NA,NA,NA,NA,NA,1,18,2014,Winter,March
2014-03-05,21,NA,1,NA,NA,NA,NA,NA,NA,NA,NA,NA,NA,5,27,2014,Winter,March
2014-03-07,31,3,1,NA,NA,NA,NA,NA,NA,NA,NA,NA,NA,13,48,2014,Winter,March
2014-03-10,63,3,NA,NA,NA,NA,NA,NA,NA,NA,NA,NA,NA,44,110,2014,Winter,March
2014-03-12,23,NA,NA,NA,NA,NA,NA,NA,NA,NA,NA,NA,NA,27,50,2014,Winter,March
2014-03-14,14,NA,NA,NA,NA,NA,NA,NA,NA,NA,NA,NA,NA,6,20,2014,Winter,March
2014-03-17,33,1,NA,NA,NA,NA,NA,NA,NA,NA,NA,NA,NA,32,66,2014,Winter,March
2014-03-19,13,NA,NA,NA,NA,NA,NA,NA,NA,NA,NA,NA,NA,19,32,2014,Winter,March
2014-03-21,7,2,NA,NA,NA,NA,NA,NA,NA,NA,NA,NA,NA,6,15,2014,Spring,March
2014-03-24,4,NA,NA,NA,NA,NA,NA,NA,NA,NA,NA,NA,NA,6,10,2014,Spring,March
2014-03-26,18,5,1,NA,NA,NA,NA,NA,NA,NA,NA,NA,NA,12,36,2014,Spring,March
2014-03-28,12,1,NA,NA,NA,NA,NA,NA,NA,NA,NA,NA,NA,5,18,2014,Spring,March
2014-03-31,8,NA,NA,NA,NA,NA,NA,NA,NA,NA,NA,NA,NA,18,26,2014,Spring,March
2014-04-02,2,NA,1,NA,NA,NA,NA,NA,NA,NA,NA,NA,NA,9,12,2014,Spring,April
2014-04-07,2,NA,NA,NA,NA,NA,NA,NA,NA,NA,NA,NA,NA,1,3,2014,Spring,April
2014-04-09,1,NA,NA,NA,NA,NA,NA,NA,NA,NA,NA,NA,NA,NA,1,2014,Spring,April
2014-04-11,NA,NA,NA,1,NA,NA,NA,NA,NA,NA,NA,NA,NA,1,2,2014,Spring,April
2014-04-14,NA,NA,NA,NA,NA,NA,NA,NA,NA,NA,NA,NA,NA,6,6,2014,Spring,April
2014-04-16,NA,NA,NA,NA,NA,NA,NA,NA,NA,NA,NA,NA,NA,2,2,2014,Spring,April
2014-04-21,NA,NA,NA,NA,NA,NA,NA,NA,NA,NA,NA,NA,NA,1,1,2014,Spring,April
2014-04-23,NA,1,NA,NA,NA,NA,NA,NA,NA,NA,NA,NA,NA,NA,1,2014,Spring,April
2014-04-25,NA,1,NA,NA,NA,NA,NA,NA,NA,NA,NA,NA,NA,2,3,2014,Spring,April
2014-04-28,NA,1,NA,NA,NA,NA,NA,NA,NA,NA,NA,NA,NA,6,7,2014,Spring,April
2014-04-30,NA,NA,NA,NA,NA,NA,NA,NA,NA,NA,NA,NA,NA,2,2,2014,Spring,April
2014-05-02,NA,NA,NA,NA,NA,NA,NA,NA,NA,NA,NA,NA,NA,4,4,2014,Spring,May
2014-05-05,NA,NA,NA,NA,NA,NA,NA,NA,NA,NA,NA,NA,NA,7,7,2014,Spring,May
2014-05-07,1,NA,NA,NA,2,NA,NA,NA,NA,NA,NA,NA,NA,19,22,2014,Spring,May
2014-05-09,NA,1,NA,NA,1,NA,3,NA,NA,NA,NA,NA,NA,21,26,2014,Spring,May
2014-05-12,NA,NA,NA,NA,10,NA,1,NA,NA,NA,NA,NA,NA,10,21,2014,Spring,May
2014-05-14,NA,NA,NA,NA,15,NA,1,NA,NA,NA,NA,NA,NA,6,22,2014,Spring,May
2014-05-16,NA,NA,NA,NA,26,2,NA,1,NA,NA,NA,NA,NA,8,37,2014,Spring,May
2014-05-19,NA,NA,NA,NA,15,3,1,NA,NA,NA,NA,NA,NA,3,22,2014,Spring,May
2014-05-21,NA,NA,NA,NA,1,NA,NA,NA,NA,NA,NA,NA,NA,1,2,2014,Spring,May
2014-05-23,NA,NA,NA,NA,27,NA,1,NA,NA,NA,NA,NA,1,29,58,2014,Spring,May
2014-05-26,NA,NA,NA,NA,13,NA,2,2,NA,NA,NA,NA,NA,22,39,2014,Spring,May
2014-05-28,NA,NA,NA,NA,44,2,1,NA,NA,NA,NA,NA,1,27,75,2014,Spring,May
2014-05-30,NA,NA,NA,NA,38,NA,3,NA,NA,NA,NA,NA,NA,14,55,2014,Spring,May
2014-06-02,NA,NA,NA,NA,38,1,1,NA,NA,NA,NA,NA,NA,7,47,2014,Spring,June
2014-06-04,NA,NA,NA,NA,14,1,NA,NA,NA,NA,NA,NA,NA,5,20,2014,Spring,June
2014-06-06,NA,NA,NA,NA,21,1,NA,NA,NA,NA,NA,NA,1,3,26,2014,Spring,June
2014-06-09,NA,NA,NA,NA,34,NA,1,NA,NA,NA,NA,NA,NA,24,59,2014,Spring,June
2014-06-11,NA,NA,NA,NA,23,NA,1,NA,NA,NA,NA,NA,NA,21,45,2014,Spring,June
2014-06-13,NA,NA,NA,NA,12,NA,1,NA,NA,NA,NA,NA,NA,12,25,2014,Spring,June
2014-06-16,NA,NA,NA,NA,14,2,NA,NA,NA,NA,NA,NA,NA,24,40,2014,Spring,June
2014-06-18,NA,NA,NA,NA,5,NA,NA,NA,NA,NA,NA,NA,1,8,14,2014,Spring,June
2014-06-19,NA,NA,NA,NA,2,NA,NA,NA,NA,NA,NA,NA,NA,NA,2,2014,Spring,June
2014-06-23,NA,NA,NA,NA,3,NA,NA,NA,NA,NA,NA,NA,NA,6,9,2014,Summer,June
2014-06-25,NA,NA,NA,NA,6,1,1,NA,NA,NA,NA,NA,NA,1,9,2014,Summer,June
2014-06-27,NA,NA,NA,NA,7,NA,NA,NA,NA,NA,NA,NA,NA,2,9,2014,Summer,June
2014-06-30,NA,NA,NA,NA,16,NA,1,NA,NA,NA,NA,NA,NA,5,22,2014,Summer,June
2014-07-03,NA,NA,NA,NA,15,2,NA,NA,NA,NA,NA,NA,NA,7,24,2014,Summer,July
2014-07-07,NA,NA,NA,NA,6,1,1,NA,NA,NA,NA,2,NA,6,16,2014,Summer,July
2014-07-09,NA,NA,NA,NA,9,NA,NA,NA,NA,NA,NA,NA,1,2,12,2014,Summer,July
2014-07-11,NA,NA,NA,NA,9,1,NA,NA,NA,NA,NA,NA,NA,9,19,2014,Summer,July
2014-07-14,NA,NA,NA,NA,5,1,NA,NA,NA,NA,NA,NA,NA,5,11,2014,Summer,July
2014-07-16,NA,NA,NA,NA,8,NA,NA,NA,NA,NA,NA,1,NA,5,14,2014,Summer,July
2014-07-18,NA,NA,NA,NA,4,1,NA,NA,NA,NA,NA,NA,NA,16,21,2014,Summer,July
2014-07-21,NA,NA,NA,NA,6,1,NA,1,NA,1,NA,1,NA,15,25,2014,Summer,July
2014-07-23,NA,NA,NA,NA,11,NA,NA,NA,NA,1,NA,2,NA,5,19,2014,Summer,July
2014-07-25,NA,NA,NA,NA,6,1,NA,NA,NA,NA,NA,NA,NA,1,8,2014,Summer,July
2014-07-28,NA,NA,NA,NA,2,3,NA,NA,NA,1,NA,NA,NA,4,10,2014,Summer,July
2014-07-30,NA,NA,NA,NA,3,1,NA,NA,NA,NA,NA,NA,NA,1,5,2014,Summer,July
2014-08-01,NA,NA,NA,NA,4,NA,NA,NA,1,3,NA,NA,NA,1,9,2014,Summer,August
2014-08-04,NA,NA,NA,NA,NA,NA,NA,NA,NA,NA,NA,NA,1,2,3,2014,Summer,August
2014-08-06,NA,NA,NA,NA,NA,1,NA,NA,NA,1,NA,NA,NA,1,3,2014,Summer,August
2014-08-08,NA,NA,NA,NA,2,1,NA,NA,NA,NA,NA,NA,NA,2,5,2014,Summer,August
2014-08-11,NA,NA,NA,NA,NA,NA,NA,NA,NA,1,NA,NA,1,1,3,2014,Summer,August
2014-08-13,NA,NA,NA,NA,2,2,NA,NA,NA,2,NA,NA,NA,NA,6,2014,Summer,August
2014-08-15,NA,NA,NA,NA,NA,2,NA,NA,NA,NA,NA,NA,NA,1,3,2014,Summer,August
2014-08-18,NA,NA,NA,NA,2,4,NA,NA,1,3,NA,NA,NA,5,15,2014,Summer,August
2014-08-20,NA,NA,NA,NA,1,1,NA,NA,2,5,NA,NA,NA,2,11,2014,Summer,August
2014-08-22,NA,NA,NA,NA,3,NA,NA,NA,2,NA,NA,NA,NA,2,7,2014,Summer,August
2014-08-25,NA,NA,NA,NA,1,NA,NA,NA,NA,2,NA,NA,NA,NA,3,2014,Summer,August
2014-08-27,NA,NA,NA,NA,3,2,NA,NA,NA,NA,NA,NA,NA,NA,5,2014,Summer,August
2014-08-29,NA,NA,NA,NA,NA,NA,NA,NA,NA,NA,NA,NA,NA,2,2,2014,Summer,August
2014-09-02,NA,NA,NA,NA,1,1,NA,NA,NA,NA,NA,NA,NA,NA,2,2014,Summer,September
2014-09-03,NA,NA,NA,NA,NA,1,NA,NA,NA,NA,NA,NA,NA,NA,1,2014,Summer,September
2014-09-05,NA,NA,NA,NA,NA,2,NA,NA,NA,NA,NA,NA,NA,NA,2,2014,Summer,September
2014-09-08,NA,NA,NA,NA,1,NA,NA,NA,NA,NA,NA,NA,NA,NA,1,2014,Summer,September
2014-09-12,3,NA,NA,NA,NA,NA,NA,NA,NA,NA,NA,1,NA,NA,4,2014,Summer,September
2014-09-15,3,NA,NA,NA,NA,NA,NA,NA,NA,NA,NA,NA,NA,NA,3,2014,Summer,September
2014-09-18,3,NA,NA,NA,NA,NA,NA,NA,NA,NA,NA,NA,NA,NA,3,2014,Summer,September
2014-09-22,10,1,NA,NA,NA,NA,NA,NA,NA,NA,NA,NA,NA,2,13,2014,Fall,September
2014-09-24,6,1,2,NA,NA,1,NA,NA,NA,1,NA,NA,NA,NA,11,2014,Fall,September
2014-09-26,12,1,1,NA,NA,NA,NA,NA,NA,NA,NA,NA,NA,2,16,2014,Fall,September
2014-09-29,19,3,6,2,NA,NA,NA,NA,NA,NA,NA,NA,NA,NA,30,2014,Fall,September
2014-10-01,10,NA,2,NA,NA,NA,NA,NA,NA,NA,NA,4,NA,8,24,2014,Fall,October
2014-10-03,17,2,1,NA,NA,NA,NA,NA,NA,NA,NA,1,NA,6,27,2014,Fall,October
2014-10-06,10,2,1,NA,NA,NA,NA,NA,NA,NA,NA,5,NA,2,20,2014,Fall,October
2014-10-08,24,NA,1,NA,NA,NA,NA,NA,NA,NA,NA,4,NA,NA,29,2014,Fall,October
2014-10-10,24,NA,1,NA,NA,NA,NA,NA,NA,NA,NA,7,NA,1,33,2014,Fall,October
2014-10-13,34,1,1,1,NA,NA,NA,NA,NA,NA,NA,29,NA,10,76,2014,Fall,October
2014-10-15,19,2,1,NA,NA,NA,NA,NA,NA,NA,NA,3,NA,3,28,2014,Fall,October
2014-10-17,17,NA,NA,NA,NA,NA,NA,NA,NA,NA,NA,18,NA,5,40,2014,Fall,October
2014-10-20,29,2,2,NA,NA,NA,NA,NA,NA,NA,NA,43,NA,6,82,2014,Fall,October
2014-10-22,45,4,3,NA,NA,NA,NA,NA,NA,NA,NA,32,NA,10,94,2014,Fall,October
2014-10-24,36,1,1,NA,NA,NA,NA,NA,NA,NA,NA,12,NA,12,62,2014,Fall,October
2014-10-27,58,4,1,NA,NA,NA,NA,NA,NA,NA,NA,70,1,9,143,2014,Fall,October
2014-10-29,87,2,2,NA,NA,NA,NA,NA,NA,NA,NA,31,NA,9,131,2014,Fall,October
2014-10-31,39,NA,1,NA,NA,NA,NA,NA,NA,NA,NA,41,1,6,88,2014,Fall,October
2014-11-03,21,2,NA,NA,NA,NA,NA,NA,NA,NA,NA,66,1,6,96,2014,Fall,November
2014-11-05,18,2,NA,NA,NA,NA,NA,NA,NA,NA,NA,32,NA,5,57,2014,Fall,November
2014-11-07,39,NA,NA,NA,NA,NA,NA,NA,NA,NA,NA,26,1,7,73,2014,Fall,November
2014-11-10,38,2,3,NA,NA,NA,NA,NA,NA,NA,NA,107,1,11,162,2014,Fall,November
2014-11-11,26,NA,1,NA,NA,NA,NA,NA,NA,NA,NA,30,NA,2,59,2014,Fall,November
2014-11-12,14,NA,NA,NA,NA,NA,NA,NA,NA,NA,NA,55,NA,NA,69,2014,Fall,November
2014-11-17,39,3,1,NA,NA,NA,NA,NA,NA,NA,NA,180,NA,5,228,2014,Fall,November
2014-11-18,NA,NA,NA,NA,NA,NA,NA,NA,NA,NA,NA,17,NA,NA,17,2014,Fall,November
2014-11-19,5,1,NA,NA,NA,NA,NA,NA,NA,NA,NA,36,NA,NA,42,2014,Fall,November
2014-11-21,5,NA,NA,NA,NA,NA,NA,NA,NA,NA,NA,48,NA,NA,53,2014,Fall,November
2014-11-24,34,NA,NA,1,NA,NA,NA,NA,NA,NA,NA,107,NA,1,143,2014,Fall,November
2014-11-26,79,1,6,NA,NA,NA,NA,NA,NA,NA,NA,64,NA,6,156,2014,Fall,November
2014-11-28,47,1,1,1,NA,NA,NA,NA,NA,NA,NA,53,NA,8,111,2014,Fall,November
2014-12-01,69,1,NA,1,NA,NA,NA,NA,NA,NA,NA,69,1,8,149,2014,Fall,December
2014-12-03,76,1,NA,1,NA,NA,NA,NA,NA,NA,NA,21,NA,4,103,2014,Fall,December
2014-12-05,42,1,NA,NA,NA,NA,NA,NA,NA,NA,NA,27,NA,3,73,2014,Fall,December
2014-12-08,23,NA,NA,NA,NA,NA,NA,NA,NA,NA,NA,26,NA,4,53,2014,Fall,December
2014-12-10,31,NA,NA,NA,NA,NA,NA,NA,NA,NA,NA,11,NA,9,51,2014,Fall,December
2014-12-12,29,NA,2,NA,NA,NA,NA,NA,NA,NA,NA,40,NA,13,84,2014,Fall,December
2014-12-15,7,NA,NA,NA,NA,NA,NA,NA,NA,NA,NA,5,NA,1,13,2014,Fall,December
2014-12-17,11,NA,NA,1,NA,NA,NA,NA,NA,NA,NA,2,NA,NA,14,2014,Fall,December
2014-12-19,1,NA,NA,NA,NA,NA,NA,NA,NA,NA,NA,1,NA,2,4,2014,Fall,December
2014-12-22,70,NA,4,1,NA,NA,NA,NA,NA,NA,NA,19,NA,22,116,2014,Winter,December
2014-12-24,119,5,2,2,NA,NA,NA,NA,NA,NA,NA,10,NA,22,160,2014,Winter,December
2014-12-26,60,4,NA,NA,NA,NA,NA,NA,NA,NA,NA,2,NA,10,76,2014,Winter,December
2014-12-29,67,4,2,NA,NA,NA,NA,NA,NA,NA,NA,6,NA,16,95,2014,Winter,December
2014-12-31,18,NA,NA,NA,NA,NA,NA,NA,NA,NA,NA,8,1,4,31,2014,Winter,December
2015-01-02,8,NA,NA,NA,NA,NA,NA,NA,NA,NA,NA,11,NA,5,24,2015,Winter,January
2015-01-05,43,NA,NA,NA,NA,NA,NA,NA,NA,NA,NA,5,NA,3,51,2015,Winter,January
2015-01-07,75,NA,NA,NA,NA,NA,NA,NA,NA,NA,NA,3,NA,12,90,2015,Winter,January
2015-01-09,49,NA,1,NA,NA,NA,NA,NA,NA,NA,NA,5,NA,5,60,2015,Winter,January
2015-01-12,43,NA,NA,NA,NA,NA,NA,NA,NA,NA,NA,6,NA,10,59,2015,Winter,January
2015-01-14,29,NA,2,NA,NA,NA,NA,NA,NA,NA,NA,2,NA,9,42,2015,Winter,January
2015-01-16,36,NA,NA,NA,NA,NA,NA,NA,NA,NA,NA,NA,NA,19,55,2015,Winter,January
2015-01-19,84,NA,1,NA,NA,NA,NA,NA,NA,NA,NA,2,NA,6,93,2015,Winter,January
2015-01-22,89,NA,NA,NA,NA,NA,NA,NA,NA,NA,NA,5,NA,30,124,2015,Winter,January
2015-01-23,19,NA,1,NA,NA,NA,NA,NA,NA,NA,NA,NA,NA,6,26,2015,Winter,January
2015-01-26,36,3,1,NA,NA,NA,NA,NA,NA,NA,NA,2,NA,13,55,2015,Winter,January
2015-01-28,41,1,1,NA,NA,NA,NA,NA,NA,NA,NA,1,NA,10,54,2015,Winter,January
2015-01-30,38,NA,NA,NA,NA,NA,NA,NA,NA,NA,NA,NA,NA,12,50,2015,Winter,January
2015-02-02,42,NA,NA,NA,NA,NA,NA,NA,NA,NA,NA,NA,NA,9,51,2015,Winter,February
2015-02-04,40,NA,NA,NA,NA,NA,NA,NA,NA,NA,NA,NA,NA,15,55,2015,Winter,February
2015-02-06,54,2,1,NA,NA,NA,NA,NA,NA,NA,NA,NA,NA,15,72,2015,Winter,February
2015-02-09,70,2,2,NA,NA,NA,NA,NA,NA,NA,NA,NA,NA,31,105,2015,Winter,February
2015-02-11,84,NA,1,NA,NA,NA,NA,NA,NA,NA,NA,NA,NA,15,100,2015,Winter,February
2015-02-13,28,NA,NA,NA,NA,NA,NA,NA,NA,NA,NA,NA,NA,5,33,2015,Winter,February
2015-02-16,36,1,1,NA,NA,NA,NA,NA,NA,NA,NA,1,NA,9,48,2015,Winter,February
2015-02-18,26,NA,NA,NA,NA,NA,NA,NA,NA,NA,NA,1,NA,3,30,2015,Winter,February
2015-02-20,22,NA,1,1,NA,NA,NA,NA,NA,NA,NA,NA,NA,8,32,2015,Winter,February
2015-02-23,37,1,NA,NA,NA,NA,NA,NA,NA,NA,NA,NA,NA,10,48,2015,Winter,February
2015-02-25,20,NA,NA,NA,NA,NA,NA,NA,NA,NA,NA,1,NA,12,33,2015,Winter,February
2015-02-27,15,1,1,NA,NA,NA,NA,NA,NA,NA,NA,NA,NA,5,22,2015,Winter,February
2015-03-02,32,NA,1,1,NA,NA,NA,NA,NA,NA,NA,1,NA,5,40,2015,Winter,March
2015-03-04,15,NA,NA,NA,NA,NA,NA,NA,NA,NA,NA,NA,NA,2,17,2015,Winter,March
2015-03-06,18,NA,NA,NA,NA,NA,NA,NA,NA,NA,NA,NA,NA,4,22,2015,Winter,March
2015-03-09,34,1,NA,NA,NA,NA,NA,NA,NA,NA,NA,NA,NA,3,38,2015,Winter,March
2015-03-11,40,3,2,NA,NA,NA,NA,NA,NA,NA,NA,NA,NA,1,46,2015,Winter,March
2015-03-13,20,3,2,NA,NA,NA,NA,NA,NA,NA,NA,NA,NA,13,38,2015,Winter,March
2015-03-16,30,16,NA,2,NA,NA,NA,NA,NA,NA,NA,NA,NA,20,68,2015,Winter,March
2015-03-18,18,8,2,NA,NA,NA,NA,NA,NA,NA,NA,NA,NA,21,49,2015,Winter,March
2015-03-20,7,3,NA,1,NA,NA,NA,NA,NA,NA,NA,NA,NA,3,14,2015,Spring,March
2015-03-23,15,11,NA,NA,NA,NA,NA,NA,NA,NA,NA,NA,NA,22,48,2015,Spring,March
2015-03-25,19,5,NA,NA,NA,NA,NA,NA,NA,NA,NA,NA,NA,9,33,2015,Spring,March
2015-03-27,13,5,NA,NA,NA,NA,NA,NA,NA,NA,NA,NA,NA,5,23,2015,Spring,March
2015-03-30,23,16,1,2,NA,NA,NA,NA,NA,NA,NA,NA,2,8,52,2015,Spring,March
2015-04-01,12,5,NA,NA,NA,NA,NA,NA,NA,NA,NA,NA,NA,4,21,2015,Spring,April
2015-04-03,4,6,1,NA,NA,NA,NA,NA,NA,NA,NA,NA,NA,13,24,2015,Spring,April
2015-04-06,1,1,NA,NA,NA,NA,NA,NA,NA,NA,NA,NA,NA,7,9,2015,Spring,April
2015-04-08,3,6,NA,NA,NA,NA,NA,NA,NA,NA,NA,NA,NA,8,17,2015,Spring,April
2015-04-10,NA,NA,NA,NA,NA,NA,NA,NA,NA,NA,NA,NA,NA,2,2,2015,Spring,April
2015-04-13,3,1,1,NA,NA,NA,NA,NA,NA,NA,NA,NA,NA,14,19,2015,Spring,April
2015-04-15,NA,2,1,NA,NA,NA,NA,NA,NA,NA,NA,NA,NA,4,7,2015,Spring,April
2015-04-17,1,2,NA,NA,NA,NA,NA,NA,NA,NA,NA,NA,NA,7,10,2015,Spring,April
2015-04-20,1,2,NA,NA,NA,NA,NA,NA,NA,NA,NA,NA,NA,6,9,2015,Spring,April
2015-04-22,NA,2,1,NA,NA,NA,NA,NA,NA,NA,NA,NA,NA,5,8,2015,Spring,April
2015-04-24,NA,2,NA,NA,NA,NA,NA,NA,NA,NA,NA,NA,NA,5,7,2015,Spring,April
2015-04-27,2,NA,NA,NA,NA,NA,NA,NA,NA,NA,NA,NA,NA,4,6,2015,Spring,April
2015-04-29,3,NA,NA,NA,NA,NA,NA,NA,NA,NA,NA,NA,NA,5,8,2015,Spring,April
2015-05-01,1,NA,NA,NA,NA,NA,NA,NA,NA,NA,NA,NA,NA,7,8,2015,Spring,May
2015-05-04,NA,3,NA,NA,NA,NA,2,NA,NA,NA,NA,NA,NA,10,15,2015,Spring,May
2015-05-06,1,NA,NA,NA,1,NA,5,NA,NA,NA,NA,NA,NA,4,11,2015,Spring,May
2015-05-08,NA,NA,NA,NA,4,NA,1,NA,NA,NA,NA,NA,NA,1,6,2015,Spring,May
2015-05-11,NA,1,NA,NA,13,1,2,1,NA,NA,NA,NA,NA,6,24,2015,Spring,May
2015-05-13,NA,NA,NA,NA,8,NA,3,NA,NA,NA,NA,NA,NA,NA,11,2015,Spring,May
2015-05-15,NA,NA,NA,NA,6,NA,1,NA,NA,NA,NA,NA,NA,4,11,2015,Spring,May
2015-05-18,NA,NA,NA,NA,6,1,1,NA,NA,NA,NA,NA,NA,4,12,2015,Spring,May
2015-05-20,NA,NA,NA,NA,20,1,6,NA,NA,NA,NA,NA,NA,5,32,2015,Spring,May
2015-05-22,NA,NA,NA,NA,15,2,2,2,NA,NA,NA,NA,NA,10,31,2015,Spring,May
2015-05-24,NA,NA,NA,NA,4,NA,NA,NA,NA,NA,NA,NA,NA,1,5,2015,Spring,May
2015-05-26,NA,NA,NA,NA,6,NA,1,NA,NA,NA,NA,NA,NA,5,12,2015,Spring,May
2015-05-27,NA,NA,NA,NA,14,2,1,NA,NA,NA,NA,NA,NA,3,20,2015,Spring,May
2015-05-29,NA,NA,NA,NA,25,5,3,NA,NA,NA,NA,NA,NA,1,34,2015,Spring,May
2015-06-01,NA,NA,NA,NA,40,NA,2,3,NA,NA,NA,NA,NA,3,48,2015,Spring,June
2015-06-03,NA,NA,NA,NA,31,NA,1,NA,NA,NA,NA,NA,1,13,46,2015,Spring,June
2015-06-05,NA,NA,NA,NA,12,1,NA,NA,NA,NA,NA,NA,NA,22,35,2015,Spring,June
2015-06-08,NA,NA,NA,NA,30,2,1,1,NA,NA,NA,NA,NA,6,40,2015,Spring,June
2015-06-10,NA,NA,NA,NA,15,3,1,NA,NA,NA,NA,NA,NA,6,25,2015,Spring,June
2015-06-12,NA,NA,NA,NA,7,NA,NA,NA,NA,NA,NA,NA,NA,6,13,2015,Spring,June
2015-06-15,NA,NA,NA,NA,14,1,NA,NA,NA,NA,NA,NA,NA,7,22,2015,Spring,June
2015-06-17,NA,NA,NA,NA,26,1,NA,NA,NA,NA,NA,NA,1,7,35,2015,Spring,June
2015-06-19,NA,NA,NA,NA,14,1,NA,NA,NA,NA,NA,NA,NA,1,16,2015,Spring,June
2015-06-22,NA,NA,NA,NA,39,2,3,NA,NA,NA,NA,1,NA,5,50,2015,Summer,June
2015-06-24,NA,NA,NA,NA,18,4,NA,NA,NA,NA,NA,NA,NA,1,23,2015,Summer,June
2015-06-26,NA,1,NA,NA,43,3,NA,2,NA,NA,NA,NA,1,10,60,2015,Summer,June
2015-06-29,NA,NA,NA,NA,74,8,NA,1,NA,NA,NA,NA,NA,1,84,2015,Summer,June
2015-07-01,NA,NA,NA,NA,37,10,NA,1,NA,NA,NA,1,1,2,52,2015,Summer,July
2015-07-02,NA,NA,NA,NA,12,1,NA,NA,NA,NA,NA,NA,NA,2,15,2015,Summer,July
2015-07-06,NA,NA,NA,NA,64,6,NA,2,NA,NA,NA,2,3,1,78,2015,Summer,July
2015-07-08,NA,NA,NA,NA,31,4,NA,NA,NA,NA,NA,NA,1,4,40,2015,Summer,July
2015-07-10,NA,NA,NA,NA,31,3,1,NA,NA,NA,NA,NA,NA,12,47,2015,Summer,July
2015-07-13,NA,NA,NA,NA,20,5,NA,NA,NA,NA,NA,NA,1,1,27,2015,Summer,July
2015-07-15,NA,NA,NA,NA,17,NA,NA,NA,NA,NA,NA,NA,1,2,20,2015,Summer,July
2015-07-17,NA,NA,NA,NA,17,4,NA,NA,NA,NA,NA,NA,2,2,25,2015,Summer,July
2015-07-20,NA,NA,NA,NA,6,NA,NA,NA,NA,NA,NA,NA,NA,5,11,2015,Summer,July
2015-07-22,NA,NA,NA,NA,10,NA,NA,NA,NA,NA,NA,NA,1,NA,11,2015,Summer,July
2015-07-24,NA,NA,NA,NA,14,1,NA,NA,NA,NA,NA,NA,NA,3,18,2015,Summer,July
2015-07-27,NA,NA,NA,NA,6,2,NA,NA,NA,NA,NA,NA,NA,NA,8,2015,Summer,July
2015-07-31,NA,NA,NA,NA,16,4,NA,NA,NA,1,NA,NA,1,NA,22,2015,Summer,July
2015-08-03,NA,NA,NA,NA,7,NA,NA,NA,NA,NA,NA,NA,1,NA,8,2015,Summer,August
2015-08-05,NA,NA,NA,NA,14,2,NA,NA,NA,NA,NA,NA,2,NA,18,2015,Summer,August
2015-08-07,NA,NA,NA,NA,25,4,1,1,NA,NA,NA,NA,1,3,35,2015,Summer,August
2015-08-10,NA,NA,NA,NA,19,4,NA,NA,1,NA,NA,NA,1,NA,25,2015,Summer,August
2015-08-12,1,NA,NA,NA,10,1,NA,NA,NA,NA,NA,NA,1,3,16,2015,Summer,August
2015-08-14,NA,NA,NA,NA,5,NA,NA,NA,2,NA,NA,NA,NA,2,9,2015,Summer,August
2015-08-17,NA,NA,NA,NA,1,NA,NA,NA,NA,NA,NA,NA,NA,NA,1,2015,Summer,August
2015-08-19,2,NA,NA,NA,25,4,NA,NA,NA,NA,NA,NA,NA,NA,31,2015,Summer,August
2015-08-21,1,NA,NA,NA,15,5,NA,NA,4,NA,1,NA,2,NA,28,2015,Summer,August
2015-08-24,NA,NA,NA,NA,23,3,NA,NA,2,NA,2,NA,1,NA,31,2015,Summer,August
2015-08-26,NA,NA,NA,NA,3,2,NA,NA,4,2,NA,NA,NA,1,12,2015,Summer,August
2015-08-28,NA,NA,NA,NA,24,2,NA,NA,2,NA,1,NA,1,NA,30,2015,Summer,August
2015-08-31,NA,NA,NA,NA,11,3,NA,NA,3,NA,NA,NA,NA,NA,17,2015,Summer,August
2015-09-02,NA,NA,NA,NA,3,NA,NA,NA,2,NA,NA,NA,NA,NA,5,2015,Summer,September
2015-09-04,NA,NA,NA,NA,9,5,NA,NA,1,NA,1,1,NA,1,18,2015,Summer,September
2015-09-09,NA,NA,NA,NA,2,1,NA,NA,2,NA,1,NA,NA,NA,6,2015,Summer,September
2015-09-11,NA,NA,NA,NA,1,1,NA,NA,NA,NA,NA,NA,NA,1,3,2015,Summer,September
2015-09-14,2,NA,NA,NA,1,NA,NA,NA,1,1,NA,NA,NA,1,6,2015,Summer,September
2015-09-16,2,NA,NA,NA,NA,1,NA,NA,NA,NA,NA,NA,NA,1,4,2015,Summer,September
2015-09-18,3,NA,NA,NA,NA,1,NA,NA,NA,NA,NA,NA,NA,NA,4,2015,Summer,September
2015-09-21,3,1,NA,NA,NA,NA,NA,NA,1,NA,NA,NA,NA,2,7,2015,Summer,September
2015-09-23,5,1,NA,1,NA,1,NA,NA,1,NA,NA,NA,NA,2,11,2015,Fall,September
2015-09-25,10,NA,NA,NA,NA,NA,NA,NA,NA,NA,NA,3,NA,2,15,2015,Fall,September
2015-09-28,17,NA,NA,1,1,2,NA,NA,NA,NA,NA,1,NA,7,29,2015,Fall,September
2015-09-30,13,NA,NA,NA,NA,1,NA,NA,NA,NA,NA,6,NA,4,24,2015,Fall,September
2015-10-02,13,NA,1,NA,NA,NA,NA,NA,NA,NA,NA,4,NA,2,20,2015,Fall,October
2015-10-03,14,NA,1,NA,NA,NA,NA,NA,9,NA,NA,NA,NA,4,28,2015,Fall,October
2015-10-05,13,NA,NA,1,NA,NA,NA,NA,3,NA,NA,2,NA,5,24,2015,Fall,October
2015-10-05,30,NA,NA,NA,NA,NA,NA,NA,NA,NA,NA,11,NA,9,50,2015,Fall,October
2015-10-06,NA,NA,NA,NA,NA,NA,NA,NA,5,NA,1,NA,NA,3,9,2015,Fall,October
2015-10-07,6,NA,NA,1,NA,4,NA,NA,NA,NA,NA,2,NA,5,18,2015,Fall,October
2015-10-09,14,NA,NA,NA,NA,3,NA,NA,NA,NA,NA,16,NA,NA,33,2015,Fall,October
2015-10-10,21,NA,NA,1,NA,NA,NA,NA,5,NA,NA,1,NA,2,30,2015,Fall,October
2015-10-12,24,1,NA,NA,NA,NA,NA,NA,1,NA,NA,1,NA,7,34,2015,Fall,October
2015-10-12,33,NA,1,1,NA,NA,NA,NA,NA,NA,NA,29,NA,16,80,2015,Fall,October
2015-10-14,23,NA,NA,NA,NA,NA,NA,NA,NA,NA,NA,1,NA,2,26,2015,Fall,October
2015-10-14,33,2,NA,2,NA,NA,NA,NA,NA,NA,NA,19,NA,19,75,2015,Fall,October
2015-10-16,13,2,NA,1,NA,NA,NA,NA,NA,NA,NA,21,NA,9,46,2015,Fall,October
2015-10-17,24,1,1,2,NA,NA,NA,NA,NA,NA,NA,2,NA,6,36,2015,Fall,October
2015-10-19,26,NA,NA,1,NA,NA,NA,NA,NA,NA,NA,24,NA,7,58,2015,Fall,October
2015-10-19,75,NA,NA,1,NA,NA,NA,NA,NA,NA,NA,27,NA,14,117,2015,Fall,October
2015-10-21,13,1,1,1,NA,NA,NA,NA,NA,NA,NA,16,1,6,39,2015,Fall,October
2015-10-21,31,NA,1,NA,NA,NA,NA,NA,NA,NA,NA,18,NA,11,61,2015,Fall,October
2015-10-23,40,NA,NA,NA,NA,NA,NA,NA,NA,NA,NA,41,NA,11,92,2015,Fall,October
2015-10-24,82,NA,3,NA,NA,NA,NA,NA,1,NA,NA,45,NA,8,139,2015,Fall,October
2015-10-26,32,NA,1,NA,NA,NA,NA,NA,NA,NA,NA,42,NA,4,79,2015,Fall,October
2015-10-26,58,NA,NA,NA,NA,NA,NA,NA,NA,NA,NA,16,NA,7,81,2015,Fall,October
2015-10-28,18,NA,NA,NA,NA,NA,NA,NA,2,NA,NA,6,NA,3,29,2015,Fall,October
2015-10-28,50,NA,NA,4,NA,NA,NA,NA,NA,NA,NA,48,NA,10,112,2015,Fall,October
2015-10-30,37,NA,1,1,NA,NA,NA,NA,NA,NA,NA,24,1,10,74,2015,Fall,October
2015-10-31,43,NA,1,NA,NA,NA,NA,NA,NA,NA,NA,16,NA,13,73,2015,Fall,October
2015-11-02,79,1,1,NA,NA,NA,NA,NA,NA,NA,NA,56,NA,17,154,2015,Fall,November
2015-11-02,75,2,NA,1,NA,NA,NA,NA,NA,NA,NA,80,1,3,162,2015,Fall,November
2015-11-03,21,NA,2,1,NA,NA,NA,NA,1,NA,NA,22,NA,13,60,2015,Fall,November
2015-11-04,18,1,NA,NA,NA,NA,NA,NA,NA,NA,NA,8,NA,7,34,2015,Fall,November
2015-11-04,28,2,1,NA,NA,NA,NA,NA,NA,NA,NA,45,NA,9,85,2015,Fall,November
2015-11-06,31,1,1,NA,NA,NA,NA,NA,NA,NA,NA,38,NA,10,81,2015,Fall,November
2015-11-07,22,NA,NA,NA,NA,NA,NA,NA,NA,NA,NA,52,NA,6,80,2015,Fall,November
2015-11-09,39,NA,NA,NA,NA,NA,NA,NA,NA,NA,NA,74,NA,11,124,2015,Fall,November
2015-11-09,35,NA,NA,1,NA,NA,NA,NA,NA,NA,NA,68,NA,21,125,2015,Fall,November
2015-11-10,9,NA,NA,NA,NA,NA,NA,NA,NA,NA,NA,16,NA,NA,NA,2015,Fall,November
2015-11-11,15,NA,1,NA,NA,NA,NA,NA,NA,NA,NA,34,NA,7,57,2015,Fall,November
2015-11-13,43,NA,2,NA,NA,NA,NA,NA,NA,NA,NA,81,NA,15,141,2015,Fall,November
2015-11-14,62,NA,1,1,NA,NA,NA,NA,NA,NA,NA,93,NA,19,176,2015,Fall,November
2015-11-15,28,NA,NA,1,NA,NA,NA,NA,NA,NA,NA,11,NA,7,47,2015,Fall,November
2015-11-16,20,1,NA,NA,NA,NA,NA,NA,NA,NA,NA,4,NA,7,32,2015,Fall,November
2015-11-16,24,1,NA,1,NA,NA,NA,NA,NA,NA,NA,87,NA,15,128,2015,Fall,November
2015-11-18,47,1,NA,NA,NA,NA,NA,NA,NA,NA,NA,17,NA,11,76,2015,Fall,November
2015-11-18,16,2,NA,1,NA,NA,NA,NA,NA,NA,NA,66,NA,11,96,2015,Fall,November
2015-11-20,31,NA,NA,NA,NA,NA,NA,NA,NA,NA,NA,60,NA,13,104,2015,Fall,November
2015-11-21,31,1,NA,NA,NA,NA,NA,NA,NA,NA,NA,47,NA,5,84,2015,Fall,November
2015-11-23,21,NA,1,NA,NA,NA,NA,NA,NA,NA,NA,26,NA,2,50,2015,Fall,November
2015-11-23,73,1,1,1,NA,NA,NA,NA,NA,NA,NA,117,NA,17,210,2015,Fall,November
2015-11-24,34,NA,NA,NA,NA,NA,NA,NA,NA,NA,NA,18,NA,3,55,2015,Fall,November
2015-11-25,35,NA,NA,NA,NA,NA,NA,NA,NA,NA,NA,23,NA,1,59,2015,Fall,November
2015-11-25,38,NA,NA,NA,NA,NA,NA,NA,NA,NA,NA,22,NA,6,66,2015,Fall,November
2015-11-27,13,NA,NA,NA,NA,NA,NA,NA,NA,NA,NA,21,NA,1,35,2015,Fall,November
2015-11-28,29,NA,NA,NA,NA,NA,NA,NA,NA,NA,NA,16,1,6,52,2015,Fall,November
2015-11-30,21,NA,NA,NA,NA,NA,NA,NA,NA,NA,NA,57,NA,7,85,2015,Fall,November
2015-12-04,8,NA,NA,NA,NA,NA,NA,NA,NA,NA,NA,57,NA,3,68,2015,Fall,December
2015-12-07,13,NA,NA,NA,NA,NA,NA,NA,NA,NA,NA,40,1,4,58,2015,Fall,December
2015-12-09,34,NA,NA,NA,NA,NA,NA,NA,NA,NA,NA,24,NA,22,80,2015,Fall,December
2015-12-11,63,1,NA,NA,NA,NA,NA,NA,NA,NA,NA,27,NA,22,113,2015,Fall,December
2015-12-14,91,3,NA,NA,NA,NA,NA,NA,NA,NA,NA,20,NA,38,152,2015,Fall,December
2015-12-16,50,NA,NA,NA,NA,NA,NA,NA,NA,NA,NA,13,1,12,76,2015,Fall,December
2015-12-18,84,8,NA,NA,NA,NA,NA,NA,NA,NA,NA,8,1,6,107,2015,Fall,December
2015-12-21,13,NA,NA,NA,NA,NA,NA,NA,NA,NA,NA,10,NA,3,26,2015,Winter,December
2015-12-24,25,NA,NA,NA,NA,NA,NA,NA,NA,NA,NA,9,NA,7,41,2015,Winter,December
2015-12-28,21,NA,NA,NA,NA,NA,NA,NA,NA,NA,NA,21,NA,7,49,2015,Winter,December
2015-12-30,19,NA,NA,NA,NA,NA,NA,NA,NA,NA,NA,9,NA,5,33,2015,Winter,December
2016-01-04,32,NA,1,NA,NA,NA,NA,NA,NA,NA,NA,7,1,19,60,2016,Winter,January
2016-01-06,15,NA,NA,NA,NA,NA,NA,NA,NA,NA,NA,4,NA,4,23,2016,Winter,January
2016-01-08,22,NA,NA,NA,NA,NA,NA,NA,NA,NA,NA,4,1,12,39,2016,Winter,January
2016-01-11,38,NA,NA,NA,NA,NA,NA,NA,NA,NA,NA,12,NA,5,55,2016,Winter,January
2016-01-13,22,NA,NA,NA,NA,NA,NA,NA,NA,NA,NA,2,NA,11,35,2016,Winter,January
2016-01-15,38,NA,1,NA,NA,NA,NA,NA,NA,NA,NA,3,NA,15,57,2016,Winter,January
2016-01-18,35,NA,1,1,NA,NA,NA,NA,NA,NA,NA,5,NA,18,60,2016,Winter,January
2016-01-20,20,NA,NA,NA,NA,NA,NA,NA,NA,NA,NA,NA,NA,13,33,2016,Winter,January
2016-01-22,88,2,NA,NA,NA,NA,NA,NA,NA,NA,NA,4,NA,47,141,2016,Winter,January
2016-01-25,96,1,1,NA,NA,NA,NA,NA,NA,NA,NA,2,NA,46,146,2016,Winter,January
2016-01-27,62,NA,1,NA,NA,NA,NA,NA,NA,NA,NA,5,NA,17,85,2016,Winter,January
2016-01-29,40,NA,1,NA,NA,NA,NA,NA,NA,NA,NA,3,NA,11,55,2016,Winter,January
2016-02-01,40,NA,1,1,NA,NA,NA,NA,NA,NA,NA,1,NA,29,72,2016,Winter,February
2016-02-03,33,NA,NA,NA,NA,NA,NA,NA,NA,NA,NA,1,NA,14,48,2016,Winter,February
2016-02-05,30,1,NA,NA,NA,NA,NA,NA,NA,NA,NA,1,NA,12,44,2016,Winter,February
2016-02-08,29,NA,NA,NA,NA,NA,NA,NA,NA,NA,NA,NA,NA,12,41,2016,Winter,February
2016-02-10,34,1,NA,NA,NA,NA,NA,NA,NA,NA,NA,2,NA,9,46,2016,Winter,February
2016-02-12,34,NA,1,NA,NA,NA,NA,NA,NA,NA,NA,2,NA,8,45,2016,Winter,February
2016-02-15,33,1,NA,NA,NA,NA,NA,NA,NA,NA,NA,1,NA,13,48,2016,Winter,February
2016-02-17,68,NA,3,NA,NA,NA,NA,NA,NA,NA,NA,1,NA,34,106,2016,Winter,February
2016-02-19,39,NA,NA,NA,NA,NA,NA,NA,NA,NA,NA,1,NA,27,67,2016,Winter,February
2016-02-22,55,2,NA,NA,NA,NA,NA,NA,NA,NA,NA,NA,NA,33,90,2016,Winter,February
2016-02-24,14,1,NA,NA,NA,NA,NA,NA,NA,NA,NA,NA,NA,11,26,2016,Winter,February
2016-02-26,12,1,NA,NA,NA,NA,NA,NA,NA,NA,NA,NA,NA,16,29,2016,Winter,February
2016-02-29,13,NA,NA,NA,NA,NA,NA,NA,NA,NA,NA,NA,NA,16,29,2016,Winter,February
2016-03-02,5,NA,NA,NA,NA,NA,NA,NA,NA,NA,NA,NA,NA,13,18,2016,Winter,March
2016-03-04,23,1,1,NA,NA,NA,NA,NA,NA,NA,NA,NA,NA,17,42,2016,Winter,March
2016-03-07,8,1,NA,NA,NA,NA,NA,NA,NA,NA,NA,NA,NA,10,19,2016,Winter,March
2016-03-09,5,NA,NA,NA,NA,NA,NA,NA,NA,NA,NA,NA,NA,7,12,2016,Winter,March
2016-03-11,40,4,1,NA,NA,NA,NA,NA,NA,NA,NA,NA,NA,16,61,2016,Winter,March
2016-03-14,6,4,NA,NA,NA,NA,NA,NA,NA,NA,NA,NA,NA,9,19,2016,Winter,March
2016-03-16,4,1,NA,NA,NA,NA,NA,NA,NA,NA,NA,NA,NA,10,15,2016,Winter,March
2016-03-18,6,1,NA,NA,NA,NA,NA,NA,NA,NA,NA,NA,NA,9,16,2016,Winter,March
2016-03-21,9,NA,NA,NA,NA,NA,NA,NA,NA,NA,NA,1,NA,2,12,2016,Spring,March
2016-03-23,4,1,NA,NA,NA,NA,NA,NA,NA,NA,NA,NA,NA,10,15,2016,Spring,March
2016-03-25,7,1,NA,NA,NA,NA,NA,NA,NA,NA,NA,NA,NA,9,17,2016,Spring,March
2016-03-28,8,1,NA,NA,NA,NA,NA,NA,NA,NA,NA,NA,NA,34,43,2016,Spring,March
2016-03-30,1,NA,NA,NA,NA,NA,NA,NA,NA,NA,NA,NA,NA,4,5,2016,Spring,March
2016-04-04,2,NA,NA,NA,NA,NA,NA,NA,NA,NA,NA,NA,NA,2,4,2016,Spring,April
2016-04-06,1,1,NA,NA,NA,NA,NA,NA,NA,NA,NA,NA,NA,6,8,2016,Spring,April
2016-04-08,3,NA,NA,NA,NA,NA,NA,NA,NA,NA,NA,NA,NA,6,9,2016,Spring,April
2016-04-11,NA,2,NA,NA,NA,NA,NA,NA,NA,NA,NA,NA,NA,8,10,2016,Spring,April
2016-04-13,1,2,NA,NA,NA,NA,NA,NA,NA,NA,NA,NA,NA,3,6,2016,Spring,April
2016-04-15,NA,NA,NA,NA,NA,NA,NA,NA,NA,NA,NA,NA,NA,5,5,2016,Spring,April
2016-04-18,1,1,NA,NA,NA,NA,NA,NA,NA,NA,NA,NA,NA,2,4,2016,Spring,April
2016-04-20,NA,2,NA,NA,NA,NA,NA,NA,NA,NA,NA,NA,NA,8,10,2016,Spring,April
2016-04-25,1,NA,NA,NA,NA,NA,NA,NA,NA,NA,NA,NA,NA,3,4,2016,Spring,April
2016-05-02,NA,1,NA,NA,NA,NA,NA,NA,NA,NA,NA,NA,NA,1,2,2016,Spring,May
2016-05-04,1,1,NA,NA,NA,NA,NA,NA,NA,NA,NA,NA,NA,1,3,2016,Spring,May
2016-05-06,NA,NA,NA,NA,NA,1,NA,NA,NA,NA,NA,NA,NA,NA,1,2016,Spring,May
2016-05-09,1,1,NA,NA,NA,NA,NA,NA,NA,NA,NA,NA,NA,12,14,2016,Spring,May
2016-05-13,NA,NA,NA,NA,1,NA,2,NA,NA,NA,NA,NA,NA,5,8,2016,Spring,May
2016-05-16,NA,NA,NA,NA,6,NA,NA,NA,NA,NA,NA,NA,NA,2,8,2016,Spring,May
2016-05-18,NA,NA,NA,NA,2,NA,NA,NA,NA,NA,NA,NA,NA,6,8,2016,Spring,May
2016-05-20,NA,NA,NA,NA,2,1,NA,NA,NA,NA,NA,NA,1,8,12,2016,Spring,May
2016-05-23,NA,NA,NA,NA,7,1,1,NA,NA,NA,NA,NA,NA,7,16,2016,Spring,May
2016-05-25,NA,NA,NA,NA,10,NA,NA,NA,NA,NA,NA,NA,NA,9,19,2016,Spring,May
2016-05-27,NA,NA,NA,NA,19,2,5,NA,NA,NA,NA,NA,NA,5,31,2016,Spring,May
2016-05-31,NA,NA,NA,NA,26,NA,4,NA,NA,NA,NA,NA,NA,18,48,2016,Spring,May
2016-06-01,NA,NA,NA,NA,16,1,NA,NA,NA,NA,NA,NA,NA,9,26,2016,Spring,June
2016-06-03,NA,NA,NA,NA,9,NA,1,NA,NA,NA,NA,NA,NA,13,23,2016,Spring,June
2016-06-06,NA,NA,NA,NA,20,1,2,2,NA,NA,NA,NA,NA,34,59,2016,Spring,June
2016-06-08,NA,NA,NA,NA,49,1,5,1,NA,NA,NA,NA,NA,14,70,2016,Spring,June
2016-06-10,NA,NA,NA,NA,28,3,2,NA,NA,NA,NA,NA,NA,NA,33,2016,Spring,June
2016-06-13,NA,NA,NA,NA,47,1,2,NA,NA,NA,NA,NA,NA,32,82,2016,Spring,June
2016-06-15,NA,NA,NA,NA,23,4,3,NA,NA,NA,NA,NA,NA,39,69,2016,Spring,June
2016-06-17,NA,NA,NA,NA,26,NA,1,NA,NA,NA,NA,NA,NA,16,43,2016,Spring,June
2016-06-20,NA,NA,NA,NA,38,NA,3,1,NA,NA,NA,NA,NA,10,52,2016,Spring,June
2016-06-22,NA,NA,NA,NA,8,NA,NA,NA,NA,NA,NA,NA,NA,8,16,2016,Summer,June
2016-06-24,NA,NA,NA,NA,19,2,2,1,NA,NA,NA,NA,NA,1,25,2016,Summer,June
2016-06-27,NA,NA,NA,NA,18,2,2,NA,NA,NA,NA,NA,NA,12,34,2016,Summer,June
2016-06-29,NA,NA,NA,NA,8,NA,1,NA,NA,NA,NA,NA,NA,5,14,2016,Summer,June
2016-06-30,NA,NA,NA,NA,3,NA,NA,NA,NA,NA,NA,NA,NA,7,10,2016,Summer,June
2016-07-05,NA,NA,NA,NA,82,2,6,1,NA,NA,NA,NA,NA,55,146,2016,Summer,July
2016-07-06,NA,NA,NA,NA,9,NA,NA,NA,1,NA,NA,NA,NA,2,12,2016,Summer,July
2016-07-08,NA,NA,NA,NA,31,5,1,1,NA,NA,NA,NA,NA,2,40,2016,Summer,July
2016-07-11,NA,NA,NA,NA,41,4,1,NA,3,NA,NA,NA,2,9,60,2016,Summer,July
2016-07-13,NA,NA,NA,NA,2,NA,NA,1,3,NA,NA,NA,NA,5,11,2016,Summer,July
2016-07-15,NA,NA,NA,NA,11,NA,NA,NA,5,NA,NA,NA,1,2,19,2016,Summer,July
2016-07-18,NA,NA,NA,NA,23,3,NA,NA,4,NA,NA,NA,NA,NA,30,2016,Summer,July
2016-07-20,NA,NA,NA,NA,17,2,NA,1,10,NA,NA,NA,NA,2,32,2016,Summer,July
2016-07-22,NA,NA,NA,NA,2,1,NA,NA,6,NA,NA,NA,NA,NA,9,2016,Summer,July
2016-07-25,NA,NA,NA,NA,4,2,NA,NA,55,NA,NA,NA,NA,NA,61,2016,Summer,July
2016-07-27,NA,NA,NA,NA,18,5,NA,NA,32,NA,1,NA,NA,2,58,2016,Summer,July
2016-07-29,NA,NA,NA,NA,15,5,NA,NA,56,NA,NA,NA,NA,2,78,2016,Summer,July
2016-08-01,NA,NA,NA,NA,3,NA,1,NA,24,NA,1,NA,NA,NA,29,2016,Summer,August
2016-08-03,NA,NA,NA,NA,2,NA,NA,NA,29,NA,NA,NA,NA,3,34,2016,Summer,August
2016-08-05,NA,NA,NA,NA,1,NA,NA,NA,4,NA,NA,NA,NA,NA,5,2016,Summer,August
2016-08-08,NA,NA,NA,NA,29,3,NA,NA,70,NA,2,1,NA,1,106,2016,Summer,August
2016-08-10,NA,NA,NA,NA,2,NA,NA,NA,12,NA,NA,NA,NA,3,17,2016,Summer,August
2016-08-12,NA,NA,NA,NA,13,NA,NA,NA,33,NA,1,NA,NA,1,48,2016,Summer,August
2016-08-15,NA,NA,NA,NA,5,NA,NA,NA,13,NA,NA,NA,NA,NA,18,2016,Summer,August
2016-08-17,NA,NA,NA,NA,6,3,NA,NA,18,NA,NA,NA,NA,2,29,2016,Summer,August
2016-08-19,NA,NA,NA,NA,11,2,NA,NA,9,NA,NA,NA,NA,NA,22,2016,Summer,August
2016-08-22,NA,NA,NA,NA,2,NA,NA,NA,15,NA,NA,NA,1,1,19,2016,Summer,August
2016-08-24,NA,NA,NA,NA,NA,NA,NA,NA,12,NA,NA,NA,NA,NA,12,2016,Summer,August
2016-08-26,NA,NA,NA,NA,NA,NA,NA,NA,18,NA,NA,NA,NA,1,19,2016,Summer,August
2016-08-29,NA,NA,NA,NA,1,NA,NA,NA,5,NA,NA,NA,NA,NA,6,2016,Summer,August
2016-08-31,NA,NA,NA,NA,4,NA,NA,NA,3,NA,NA,NA,NA,NA,7,2016,Summer,August
2016-09-02,NA,NA,NA,NA,1,1,NA,NA,4,NA,NA,NA,NA,NA,6,2016,Summer,September
2016-09-07,NA,NA,NA,NA,NA,1,NA,NA,11,NA,NA,NA,NA,2,14,2016,Summer,September
2016-09-09,1,NA,NA,NA,1,NA,NA,NA,8,NA,NA,1,NA,1,12,2016,Summer,September
2016-09-12,2,NA,NA,NA,NA,NA,NA,NA,7,NA,1,NA,NA,NA,10,2016,Summer,September
2016-09-14,1,NA,NA,NA,NA,NA,NA,NA,6,NA,NA,NA,NA,1,8,2016,Summer,September
2016-09-16,NA,NA,NA,NA,NA,NA,NA,NA,2,NA,NA,NA,NA,NA,2,2016,Summer,September
2016-09-19,2,NA,NA,NA,NA,NA,NA,NA,2,NA,NA,NA,NA,4,8,2016,Summer,September
2016-09-21,2,NA,NA,NA,NA,NA,NA,NA,2,NA,1,NA,NA,6,11,2016,Summer,September
2016-09-23,4,NA,NA,1,NA,NA,NA,NA,5,NA,NA,NA,NA,4,14,2016,Fall,September
2016-09-27,10,NA,NA,NA,NA,NA,NA,NA,1,NA,NA,NA,NA,1,12,2016,Fall,September
2016-09-28,3,NA,NA,NA,NA,NA,NA,NA,NA,NA,NA,NA,NA,NA,NA,2016,Fall,September
2016-09-30,9,NA,NA,NA,NA,NA,NA,NA,13,NA,NA,1,NA,2,25,2016,Fall,September
2016-12-01,27,NA,NA,NA,NA,NA,NA,NA,NA,NA,NA,16,1,6,50,2016,Fall,December
2016-12-02,13,NA,NA,NA,NA,NA,NA,NA,NA,NA,NA,5,NA,3,21,2016,Fall,December
2016-12-05,26,NA,NA,NA,NA,NA,NA,NA,NA,NA,NA,20,NA,6,52,2016,Fall,December
2016-12-07,8,NA,NA,NA,NA,NA,NA,NA,NA,NA,NA,5,1,3,17,2016,Fall,December
2016-12-12,10,NA,NA,NA,NA,NA,NA,NA,NA,NA,NA,22,NA,7,39,2016,Fall,December
2016-12-14,11,NA,NA,NA,NA,NA,NA,NA,NA,NA,NA,7,NA,5,23,2016,Fall,December
2016-12-16,5,NA,NA,NA,NA,NA,NA,NA,NA,NA,NA,2,NA,1,8,2016,Fall,December
2016-12-19,23,NA,NA,NA,NA,NA,NA,NA,NA,NA,NA,10,NA,3,36,2016,Fall,December
2016-12-21,12,NA,NA,NA,NA,NA,NA,NA,NA,NA,NA,9,NA,1,22,2016,Winter,December
2016-12-23,12,NA,NA,NA,NA,NA,NA,NA,NA,NA,NA,4,NA,NA,16,2016,Winter,December
2016-12-28,41,NA,NA,NA,NA,NA,NA,NA,NA,NA,NA,26,NA,12,79,2016,Winter,December
2016-12-30,19,NA,NA,NA,NA,NA,NA,NA,NA,NA,NA,5,NA,7,31,2016,Winter,December
2017-01-05,43,NA,NA,NA,NA,NA,NA,NA,NA,NA,NA,4,NA,9,56,2017,Winter,January
2017-01-11,10,NA,NA,NA,NA,NA,NA,NA,NA,NA,NA,7,NA,7,24,2017,Winter,January
2017-01-13,27,NA,NA,NA,NA,NA,NA,NA,NA,NA,NA,3,NA,4,34,2017,Winter,January
2017-01-16,17,NA,NA,NA,NA,NA,NA,NA,NA,NA,NA,1,NA,2,20,2017,Winter,January
2017-01-18,37,1,NA,NA,NA,NA,NA,NA,NA,NA,NA,NA,NA,2,40,2017,Winter,January
2017-01-20,15,NA,NA,NA,NA,NA,NA,NA,NA,NA,NA,NA,NA,1,16,2017,Winter,January
2017-01-23,83,NA,NA,NA,NA,NA,NA,NA,NA,NA,NA,NA,NA,9,92,2017,Winter,January
2017-01-25,41,NA,NA,NA,NA,NA,NA,NA,NA,NA,NA,NA,NA,12,53,2017,Winter,January
2017-01-27,56,1,NA,1,NA,NA,NA,NA,NA,NA,NA,1,NA,12,71,2017,Winter,January
2017-01-30,110,1,NA,NA,NA,NA,NA,NA,NA,NA,NA,NA,NA,17,128,2017,Winter,January
2017-02-01,14,NA,NA,NA,NA,NA,NA,NA,NA,NA,NA,NA,NA,5,19,2017,Winter,February
2017-02-03,37,NA,NA,NA,NA,NA,NA,NA,NA,NA,NA,1,NA,7,45,2017,Winter,February
2017-02-06,29,NA,NA,NA,NA,NA,NA,NA,NA,NA,NA,NA,NA,5,34,2017,Winter,February
2017-02-08,20,NA,NA,NA,NA,NA,NA,NA,NA,NA,NA,NA,NA,5,25,2017,Winter,February
2017-02-10,106,3,NA,1,NA,NA,NA,NA,NA,NA,NA,3,NA,14,127,2017,Winter,February
2017-02-13,104,1,1,1,NA,NA,NA,NA,NA,NA,NA,NA,NA,36,143,2017,Winter,February
2017-02-15,12,NA,NA,NA,NA,NA,NA,NA,NA,NA,NA,NA,NA,14,26,2017,Winter,February
2017-02-17,29,1,NA,NA,NA,NA,NA,NA,NA,NA,NA,NA,NA,13,43,2017,Winter,February
2017-02-20,44,NA,NA,NA,NA,NA,NA,NA,NA,NA,NA,NA,NA,65,109,2017,Winter,February
2017-02-22,17,NA,NA,NA,NA,NA,NA,NA,NA,NA,NA,NA,NA,29,46,2017,Winter,February
2017-02-24,30,NA,NA,NA,NA,NA,NA,NA,NA,NA,NA,NA,NA,46,76,2017,Winter,February
2017-02-27,20,NA,2,NA,NA,NA,NA,NA,NA,NA,NA,1,NA,17,40,2017,Winter,February
2017-03-01,10,NA,NA,NA,NA,NA,NA,NA,NA,NA,NA,NA,NA,4,14,2017,Winter,March
2017-03-03,15,NA,1,NA,NA,NA,NA,NA,NA,NA,NA,NA,NA,9,25,2017,Winter,March
2017-03-05,20,NA,NA,NA,NA,NA,NA,NA,NA,NA,NA,NA,NA,4,24,2017,Winter,March
2017-03-07,7,NA,NA,NA,NA,NA,NA,NA,NA,NA,NA,NA,NA,5,12,2017,Winter,March
2017-03-10,3,NA,NA,NA,NA,NA,NA,NA,NA,NA,NA,NA,NA,NA,3,2017,Winter,March
2017-03-13,26,2,NA,1,NA,NA,NA,NA,NA,NA,NA,NA,NA,15,44,2017,Winter,March
2017-03-15,32,1,NA,NA,NA,NA,NA,NA,NA,NA,NA,NA,NA,16,49,2017,Winter,March
2017-03-17,35,1,1,NA,NA,NA,NA,NA,NA,NA,NA,NA,NA,23,60,2017,Winter,March
2017-03-20,21,2,NA,NA,NA,NA,NA,NA,NA,NA,NA,NA,NA,14,37,2017,Spring,March
2017-03-22,2,NA,NA,NA,NA,NA,NA,NA,NA,NA,NA,NA,NA,25,27,2017,Spring,March
2017-03-24,5,3,NA,NA,NA,NA,NA,NA,NA,NA,NA,NA,NA,17,25,2017,Spring,March
2017-03-27,6,2,NA,NA,NA,NA,NA,NA,NA,NA,NA,NA,NA,22,30,2017,Spring,March
2017-03-28,5,5,NA,NA,NA,NA,NA,NA,NA,NA,NA,NA,NA,9,19,2017,Spring,March
2017-03-31,3,NA,NA,NA,NA,NA,NA,NA,NA,NA,NA,NA,NA,10,13,2017,Spring,March
2017-04-03,1,1,NA,NA,NA,NA,NA,NA,NA,NA,NA,NA,NA,19,21,2017,Spring,April
2017-04-05,1,NA,NA,NA,NA,NA,NA,NA,NA,NA,NA,NA,NA,3,4,2017,Spring,April
2017-04-07,1,NA,NA,NA,NA,NA,NA,NA,NA,NA,NA,NA,NA,5,6,2017,Spring,April
2017-04-10,NA,NA,NA,NA,NA,NA,NA,NA,NA,NA,NA,NA,NA,11,11,2017,Spring,April
2017-04-14,NA,2,NA,NA,NA,NA,NA,NA,NA,NA,NA,NA,NA,6,8,2017,Spring,April
2017-04-17,NA,NA,NA,NA,NA,NA,NA,NA,NA,NA,NA,NA,NA,3,3,2017,Spring,April
2017-04-21,1,1,NA,NA,NA,NA,NA,NA,NA,NA,NA,NA,NA,10,12,2017,Spring,April
2017-04-24,NA,NA,NA,NA,NA,NA,NA,NA,NA,NA,NA,NA,NA,11,11,2017,Spring,April
2017-04-28,NA,NA,NA,NA,NA,NA,NA,NA,NA,NA,NA,NA,NA,5,5,2017,Spring,April
2017-05-01,NA,NA,NA,NA,NA,NA,NA,NA,NA,NA,NA,NA,NA,2,2,2017,Spring,May
2017-05-05,NA,NA,NA,NA,NA,NA,NA,NA,NA,NA,NA,NA,NA,5,5,2017,Spring,May
2017-05-15,NA,NA,NA,NA,NA,NA,NA,NA,NA,NA,NA,NA,NA,5,5,2017,Spring,May
2017-05-17,NA,NA,NA,NA,2,NA,NA,NA,NA,NA,NA,NA,NA,4,6,2017,Spring,May
2017-05-19,NA,NA,NA,NA,19,1,NA,NA,NA,NA,NA,NA,NA,5,25,2017,Spring,May
2017-05-22,NA,NA,NA,NA,27,1,NA,1,NA,NA,NA,NA,NA,1,30,2017,Spring,May
2017-05-25,NA,NA,NA,NA,65,NA,NA,1,NA,NA,NA,NA,NA,1,67,2017,Spring,May
2017-05-26,NA,NA,NA,NA,5,NA,NA,NA,NA,NA,NA,NA,NA,2,7,2017,Spring,May
2017-05-30,NA,NA,NA,NA,99,1,NA,NA,NA,NA,NA,NA,NA,9,109,2017,Spring,May
2017-05-31,NA,NA,NA,NA,97,4,1,1,NA,NA,NA,NA,NA,9,112,2017,Spring,May
2017-06-01,NA,NA,NA,NA,107,NA,NA,2,NA,NA,NA,NA,NA,20,129,2017,Spring,June
2017-06-02,NA,NA,NA,NA,42,NA,NA,NA,NA,NA,NA,NA,NA,4,46,2017,Spring,June
2017-06-06,NA,NA,NA,NA,292,3,5,NA,NA,NA,NA,NA,NA,12,312,2017,Spring,June
2017-06-08,NA,NA,NA,NA,284,4,2,3,NA,NA,NA,NA,NA,6,299,2017,Spring,June
2017-06-09,NA,NA,NA,NA,69,NA,NA,NA,NA,NA,NA,NA,NA,13,82,2017,Spring,June
2017-06-12,NA,NA,NA,NA,203,2,2,NA,NA,NA,NA,NA,NA,4,211,2017,Spring,June
2017-06-13,NA,NA,NA,NA,81,1,NA,NA,NA,NA,NA,NA,NA,8,90,2017,Spring,June
2017-06-14,NA,NA,NA,NA,26,NA,NA,NA,NA,NA,NA,NA,1,5,32,2017,Spring,June
2017-06-16,NA,NA,NA,NA,87,2,NA,1,NA,NA,NA,NA,NA,17,107,2017,Spring,June
2017-06-19,NA,NA,NA,NA,122,2,NA,NA,NA,NA,NA,NA,NA,5,129,2017,Spring,June
2017-06-21,NA,NA,NA,NA,77,NA,NA,NA,NA,NA,NA,NA,NA,7,84,2017,Summer,June
2017-06-23,NA,NA,NA,NA,56,3,NA,NA,NA,NA,NA,NA,NA,15,74,2017,Summer,June
2017-06-26,NA,NA,NA,NA,145,NA,NA,NA,NA,NA,NA,NA,NA,6,151,2017,Summer,June
2017-06-27,NA,NA,NA,NA,50,NA,NA,NA,NA,NA,NA,NA,NA,5,55,2017,Summer,June
2017-06-28,NA,NA,NA,NA,38,2,NA,1,NA,NA,NA,NA,NA,6,47,2017,Summer,June
2017-06-30,NA,NA,NA,NA,81,NA,NA,NA,NA,NA,NA,NA,NA,3,84,2017,Summer,June
2017-07-03,NA,NA,NA,NA,136,2,NA,NA,NA,NA,NA,NA,NA,NA,NA,2017,Summer,July
2017-07-05,NA,NA,NA,NA,36,NA,NA,NA,NA,NA,NA,NA,NA,9,45,2017,Summer,July
2017-07-07,NA,NA,NA,NA,26,NA,NA,NA,NA,NA,NA,NA,NA,5,31,2017,Summer,July
2017-07-10,NA,NA,NA,NA,46,NA,NA,NA,NA,NA,NA,NA,NA,12,58,2017,Summer,July
2017-07-12,NA,NA,NA,NA,36,3,NA,NA,NA,NA,NA,NA,NA,5,44,2017,Summer,July
2017-07-14,NA,NA,NA,NA,29,NA,NA,NA,1,NA,NA,NA,NA,5,35,2017,Summer,July
2017-07-17,NA,NA,NA,NA,32,NA,NA,NA,2,NA,NA,NA,NA,1,35,2017,Summer,July
2017-07-19,NA,NA,NA,NA,15,NA,NA,NA,2,NA,NA,1,NA,3,21,2017,Summer,July
2017-07-21,NA,NA,NA,NA,5,NA,NA,NA,NA,NA,NA,NA,NA,5,10,2017,Summer,July
2017-07-24,NA,NA,NA,NA,26,1,NA,NA,1,1,NA,NA,NA,5,34,2017,Summer,July
2017-07-26,NA,NA,NA,NA,12,1,NA,NA,NA,NA,NA,NA,NA,4,17,2017,Summer,July
2017-07-28,NA,NA,NA,NA,5,1,NA,NA,1,NA,NA,NA,NA,2,9,2017,Summer,July
2017-07-31,NA,NA,NA,NA,14,1,NA,NA,3,2,NA,2,NA,3,25,2017,Summer,July
2017-08-02,NA,NA,NA,NA,10,NA,NA,NA,1,1,NA,NA,NA,NA,12,2017,Summer,August
2017-08-04,NA,NA,NA,NA,3,1,NA,NA,2,2,NA,NA,NA,1,9,2017,Summer,August
2017-08-07,NA,NA,NA,NA,9,NA,NA,NA,7,1,NA,NA,NA,1,18,2017,Summer,August
2017-08-09,NA,NA,NA,NA,7,NA,NA,NA,7,2,NA,NA,NA,1,17,2017,Summer,August
2017-08-11,NA,NA,NA,NA,3,NA,NA,NA,2,2,NA,NA,NA,3,10,2017,Summer,August
2017-08-14,NA,NA,NA,NA,6,NA,NA,NA,NA,NA,NA,NA,NA,NA,6,2017,Summer,August
2017-08-16,NA,NA,NA,NA,1,NA,NA,NA,1,NA,NA,NA,NA,1,3,2017,Summer,August
2017-08-18,NA,NA,NA,NA,1,1,NA,NA,NA,NA,NA,NA,NA,1,3,2017,Summer,August
2017-08-22,1,NA,NA,NA,7,1,NA,NA,1,NA,NA,NA,NA,NA,10,2017,Summer,August
2017-08-23,1,NA,NA,NA,3,NA,NA,NA,NA,NA,NA,NA,NA,NA,4,2017,Summer,August
2017-08-25,NA,NA,NA,NA,4,NA,NA,NA,NA,NA,NA,1,NA,NA,5,2017,Summer,August
2017-08-28,NA,NA,NA,NA,6,1,NA,NA,3,NA,NA,1,NA,NA,11,2017,Summer,August
2017-08-30,NA,NA,NA,NA,2,1,NA,NA,NA,NA,NA,NA,NA,NA,3,2017,Summer,August
2017-09-01,NA,NA,NA,1,3,NA,NA,NA,NA,1,NA,NA,NA,NA,5,2017,Summer,September
2017-09-06,NA,NA,NA,NA,NA,NA,NA,NA,3,2,NA,NA,NA,NA,5,2017,Summer,September
2017-09-08,2,NA,NA,NA,NA,NA,NA,NA,1,NA,NA,NA,NA,NA,3,2017,Summer,September
2017-09-11,1,NA,NA,NA,1,NA,NA,NA,1,NA,NA,NA,NA,NA,3,2017,Summer,September
2017-09-14,NA,NA,NA,NA,NA,NA,NA,NA,NA,NA,NA,NA,NA,3,3,2017,Summer,September
2017-09-15,2,NA,NA,NA,1,1,NA,NA,NA,NA,1,NA,NA,1,6,2017,Summer,September
2017-09-18,1,NA,NA,NA,NA,NA,NA,NA,NA,1,NA,NA,NA,1,3,2017,Summer,September
2017-09-20,3,NA,NA,NA,NA,NA,NA,NA,NA,NA,NA,NA,NA,NA,3,2017,Summer,September
2017-09-22,NA,1,NA,NA,NA,NA,NA,NA,NA,NA,NA,NA,NA,NA,1,2017,Fall,September
2017-09-25,10,1,1,NA,NA,NA,NA,NA,NA,NA,NA,NA,NA,1,13,2017,Fall,September
2017-09-27,6,NA,NA,NA,NA,NA,NA,NA,NA,NA,NA,NA,NA,2,8,2017,Fall,September
2017-09-29,8,NA,NA,NA,NA,NA,NA,NA,NA,NA,NA,NA,NA,NA,8,2017,Fall,September
2017-10-02,12,NA,NA,NA,NA,NA,NA,NA,2,NA,NA,NA,NA,6,20,2017,Fall,October
2017-10-04,4,NA,NA,NA,NA,NA,NA,NA,NA,NA,NA,NA,NA,2,6,2017,Fall,October
2017-10-06,7,NA,NA,NA,NA,NA,NA,NA,NA,NA,NA,NA,NA,1,8,2017,Fall,October
2017-10-09,26,NA,NA,NA,NA,NA,NA,NA,NA,NA,NA,1,NA,1,28,2017,Fall,October
2017-10-11,8,1,NA,NA,NA,NA,NA,NA,NA,NA,NA,NA,NA,3,12,2017,Fall,October
2017-10-13,12,1,NA,NA,NA,NA,NA,NA,NA,NA,NA,NA,NA,2,15,2017,Fall,October
2017-10-16,8,NA,NA,NA,NA,NA,NA,NA,NA,NA,NA,NA,NA,1,9,2017,Fall,October
2017-10-18,8,NA,NA,NA,NA,NA,NA,NA,NA,NA,NA,NA,NA,5,13,2017,Fall,October
2017-10-20,10,NA,NA,NA,NA,NA,NA,NA,NA,NA,NA,1,NA,5,16,2017,Fall,October
2017-10-23,17,NA,NA,NA,NA,NA,NA,NA,NA,NA,NA,NA,NA,6,23,2017,Fall,October
2017-10-25,36,NA,NA,1,NA,NA,NA,NA,NA,NA,NA,2,NA,11,50,2017,Fall,October
2017-10-27,53,NA,1,NA,NA,NA,NA,NA,NA,NA,NA,1,1,20,76,2017,Fall,October
2017-10-31,64,3,1,NA,NA,NA,NA,NA,NA,NA,NA,12,NA,25,NA,2017,Fall,October
2017-11-01,13,1,NA,NA,NA,NA,NA,NA,NA,NA,NA,1,NA,7,22,2017,Fall,November
2017-11-03,14,NA,NA,NA,NA,NA,NA,NA,NA,NA,NA,5,NA,3,22,2017,Fall,November
2017-11-06,23,1,NA,NA,NA,NA,NA,NA,NA,NA,NA,1,NA,10,35,2017,Fall,November
2017-11-08,10,NA,2,NA,NA,NA,NA,NA,NA,NA,NA,3,NA,6,21,2017,Fall,November
2017-11-09,10,1,NA,NA,NA,NA,NA,NA,NA,NA,NA,NA,NA,5,16,2017,Fall,November
2017-11-13,41,1,1,NA,NA,NA,NA,NA,NA,NA,NA,21,NA,26,90,2017,Fall,November
2017-11-15,13,NA,NA,NA,NA,NA,NA,NA,NA,NA,NA,11,NA,10,34,2017,Fall,November
2017-11-17,8,NA,NA,NA,NA,NA,NA,NA,NA,NA,NA,5,1,4,18,2017,Fall,November
2017-11-20,11,NA,NA,NA,NA,NA,NA,NA,NA,NA,NA,11,NA,12,34,2017,Fall,November
2017-11-22,27,NA,NA,NA,NA,NA,NA,NA,NA,NA,NA,13,2,16,58,2017,Fall,November
2017-11-27,140,1,1,1,NA,NA,NA,NA,NA,NA,NA,30,1,54,228,2017,Fall,November
2017-11-28,48,1,NA,NA,NA,NA,NA,NA,NA,NA,NA,NA,NA,10,59,2017,Fall,November
2017-11-29,16,NA,NA,NA,NA,NA,NA,NA,NA,NA,NA,4,NA,10,30,2017,Fall,November
2017-12-01,44,NA,1,NA,NA,NA,NA,NA,NA,NA,NA,5,NA,14,64,2017,Fall,December
2017-12-04,36,NA,NA,NA,NA,NA,NA,NA,NA,NA,NA,6,NA,6,48,2017,Fall,December
2017-12-06,10,NA,NA,NA,NA,NA,NA,NA,NA,NA,NA,1,NA,4,15,2017,Fall,December
2017-12-08,23,NA,NA,NA,NA,NA,NA,NA,NA,NA,NA,6,NA,6,35,2017,Fall,December
2017-12-11,27,NA,NA,NA,NA,NA,NA,NA,NA,NA,NA,7,NA,4,38,2017,Fall,December
2017-12-13,6,1,NA,NA,NA,NA,NA,NA,NA,NA,NA,1,NA,13,21,2017,Fall,December
2017-12-15,6,NA,NA,NA,NA,NA,NA,NA,NA,NA,NA,2,NA,1,9,2017,Fall,December
2017-12-18,33,NA,NA,NA,NA,NA,NA,NA,NA,NA,NA,6,3,14,56,2017,Fall,December
2017-12-20,11,NA,NA,1,NA,NA,NA,NA,NA,NA,NA,5,NA,9,26,2017,Fall,December
2017-12-22,17,NA,NA,NA,NA,NA,NA,NA,NA,NA,NA,5,1,13,36,2017,Winter,December
2017-12-27,41,NA,NA,NA,NA,NA,NA,NA,NA,NA,NA,4,2,36,83,2017,Winter,December
2017-12-29,20,NA,1,NA,NA,NA,NA,NA,NA,NA,NA,5,NA,4,30,2017,Winter,December
2018-01-03,61,1,NA,NA,NA,NA,NA,NA,NA,NA,NA,2,NA,16,80,2018,Winter,January
2018-01-05,27,NA,NA,NA,NA,NA,NA,NA,NA,NA,NA,NA,NA,3,30,2018,Winter,January
2018-01-08,56,NA,NA,NA,NA,NA,NA,NA,NA,NA,NA,1,1,19,77,2018,Winter,January
2018-01-10,27,1,NA,NA,NA,NA,NA,NA,NA,NA,NA,2,NA,18,48,2018,Winter,January
2018-01-12,54,1,NA,NA,NA,NA,NA,NA,NA,NA,NA,2,NA,17,74,2018,Winter,January
2018-01-16,76,1,NA,NA,NA,NA,NA,NA,NA,NA,NA,4,NA,28,109,2018,Winter,January
2018-01-19,49,NA,NA,NA,NA,NA,NA,NA,NA,NA,NA,1,NA,10,60,2018,Winter,January
2018-01-22,39,NA,NA,NA,NA,NA,NA,NA,NA,NA,NA,3,1,13,56,2018,Winter,January
2018-01-24,11,NA,NA,1,NA,NA,NA,NA,NA,NA,NA,NA,NA,8,20,2018,Winter,January
2018-01-26,36,NA,NA,NA,NA,NA,NA,NA,NA,NA,NA,1,NA,18,55,2018,Winter,January
2018-01-29,30,NA,1,NA,NA,NA,NA,NA,NA,NA,NA,NA,NA,16,47,2018,Winter,January
2018-01-31,14,NA,NA,NA,NA,NA,NA,NA,NA,NA,NA,1,NA,6,21,2018,Winter,January
2018-02-02,40,NA,NA,NA,NA,NA,NA,NA,NA,NA,NA,NA,NA,18,58,2018,Winter,February
2018-02-05,48,1,NA,1,NA,NA,NA,NA,NA,NA,NA,NA,NA,50,100,2018,Winter,February
2018-02-07,21,NA,NA,NA,NA,NA,NA,NA,NA,NA,NA,NA,NA,18,39,2018,Winter,February
2018-02-09,40,NA,NA,NA,NA,NA,NA,NA,NA,NA,NA,NA,NA,22,62,2018,Winter,February
2018-02-12,49,1,1,NA,NA,NA,NA,NA,NA,NA,NA,NA,NA,51,102,2018,Winter,February
2018-02-14,22,NA,NA,NA,NA,NA,NA,NA,NA,NA,NA,NA,NA,15,37,2018,Winter,February
2018-02-16,8,NA,NA,NA,NA,NA,NA,NA,NA,NA,NA,NA,NA,8,16,2018,Winter,February
2018-02-19,15,1,NA,NA,NA,NA,NA,NA,NA,NA,NA,NA,NA,11,27,2018,Winter,February
2018-02-22,13,NA,NA,NA,NA,NA,NA,NA,NA,NA,NA,NA,NA,8,21,2018,Winter,February
2018-02-26,9,NA,NA,NA,NA,NA,NA,NA,NA,NA,NA,NA,NA,8,17,2018,Winter,February
2018-02-28,3,NA,NA,NA,NA,NA,NA,NA,NA,NA,NA,NA,NA,3,6,2018,Winter,February
2018-03-02,17,NA,NA,NA,NA,NA,NA,NA,NA,NA,NA,NA,NA,9,26,2018,Winter,March
2018-03-05,14,NA,NA,NA,NA,NA,NA,NA,NA,NA,NA,NA,NA,13,27,2018,Winter,March
2018-03-07,9,NA,NA,NA,NA,NA,NA,NA,NA,NA,NA,NA,NA,8,17,2018,Winter,March
2018-03-09,9,NA,NA,NA,NA,NA,NA,NA,NA,NA,NA,NA,NA,8,17,2018,Winter,March
2018-03-12,23,2,NA,NA,NA,NA,NA,NA,NA,NA,NA,NA,NA,18,43,2018,Winter,March
2018-03-14,8,NA,NA,NA,NA,NA,NA,NA,NA,NA,NA,NA,NA,10,18,2018,Winter,March
2018-03-16,3,1,NA,NA,NA,NA,NA,NA,NA,NA,NA,NA,NA,18,22,2018,Winter,March
2018-03-19,8,2,NA,NA,NA,NA,NA,NA,NA,NA,NA,NA,NA,10,20,2018,Winter,March
2018-03-23,16,NA,NA,NA,NA,NA,NA,NA,NA,NA,NA,NA,NA,27,43,2018,Spring,March
2018-03-26,5,NA,NA,NA,NA,NA,NA,NA,NA,NA,NA,NA,NA,8,13,2018,Spring,March
2018-03-28,6,1,NA,NA,NA,NA,NA,NA,NA,NA,NA,NA,NA,2,9,2018,Spring,March
2018-03-30,6,NA,NA,NA,NA,NA,NA,NA,NA,NA,NA,NA,NA,5,11,2018,Spring,March
2018-04-02,6,NA,NA,NA,NA,NA,NA,NA,NA,NA,NA,NA,NA,11,17,2018,Spring,April
2018-04-04,1,NA,NA,NA,NA,NA,NA,NA,NA,NA,NA,NA,NA,5,6,2018,Spring,April
2018-04-06,3,2,NA,NA,NA,NA,NA,NA,NA,NA,NA,NA,NA,5,10,2018,Spring,April
2018-04-09,3,NA,NA,NA,NA,NA,NA,NA,NA,NA,NA,NA,NA,7,10,2018,Spring,April
2018-04-11,6,NA,NA,NA,NA,NA,NA,NA,NA,NA,NA,NA,NA,15,21,2018,Spring,April
2018-04-13,2,1,NA,NA,NA,NA,NA,NA,NA,NA,NA,NA,NA,3,6,2018,Spring,April
2018-04-16,NA,NA,NA,NA,NA,NA,NA,NA,NA,NA,NA,NA,NA,4,4,2018,Spring,April
2018-04-18,NA,NA,NA,NA,NA,NA,NA,NA,NA,NA,NA,NA,NA,1,1,2018,Spring,April
2018-04-23,1,1,NA,NA,NA,NA,NA,NA,NA,NA,NA,NA,NA,3,5,2018,Spring,April
2018-04-27,NA,NA,NA,NA,NA,NA,NA,NA,NA,NA,NA,NA,NA,1,1,2018,Spring,April
2018-05-08,NA,NA,NA,NA,NA,NA,NA,NA,NA,NA,NA,NA,NA,4,4,2018,Spring,May
2018-05-09,NA,1,NA,NA,NA,NA,NA,NA,NA,NA,NA,NA,NA,4,5,2018,Spring,May
2018-05-11,NA,NA,NA,NA,NA,NA,NA,NA,NA,NA,NA,NA,NA,5,5,2018,Spring,May
2018-05-14,NA,NA,NA,NA,13,NA,NA,NA,NA,NA,NA,NA,NA,3,16,2018,Spring,May
2018-05-16,NA,NA,NA,NA,11,NA,NA,NA,NA,NA,NA,NA,1,3,15,2018,Spring,May
2018-05-18,NA,NA,NA,NA,26,NA,NA,NA,NA,NA,NA,NA,1,3,30,2018,Spring,May
2018-05-21,NA,NA,NA,NA,90,1,NA,NA,NA,NA,NA,NA,NA,4,95,2018,Spring,May
2018-05-23,NA,NA,NA,NA,69,2,NA,NA,NA,NA,NA,NA,NA,3,74,2018,Spring,May
2018-05-25,NA,NA,NA,NA,59,3,NA,2,NA,NA,NA,NA,NA,4,68,2018,Spring,May
2018-05-28,NA,NA,NA,NA,36,1,NA,NA,NA,NA,NA,NA,NA,6,43,2018,Spring,May
2018-05-29,NA,NA,NA,NA,41,2,NA,NA,NA,NA,NA,NA,1,5,49,2018,Spring,May
2018-05-30,NA,NA,NA,NA,37,2,NA,NA,NA,NA,NA,NA,NA,4,43,2018,Spring,May
2018-06-01,NA,NA,NA,NA,47,NA,NA,NA,NA,NA,NA,NA,NA,2,49,2018,Spring,June
2018-06-04,NA,NA,NA,NA,68,3,NA,NA,NA,NA,NA,NA,1,3,75,2018,Spring,June
2018-06-06,NA,NA,NA,NA,18,NA,NA,NA,NA,NA,NA,NA,NA,3,21,2018,Spring,June
2018-06-08,NA,NA,NA,NA,69,1,NA,NA,NA,NA,NA,NA,1,4,75,2018,Spring,June
2018-06-11,NA,NA,NA,NA,38,2,NA,1,NA,NA,NA,NA,1,8,50,2018,Spring,June
2018-06-12,NA,NA,NA,NA,9,NA,NA,NA,NA,NA,NA,NA,NA,3,12,2018,Spring,June
2018-06-15,NA,NA,NA,NA,59,1,NA,1,NA,NA,NA,NA,1,5,67,2018,Spring,June
2018-06-18,NA,NA,NA,NA,39,3,1,NA,NA,NA,NA,NA,1,32,76,2018,Spring,June
2018-06-21,NA,NA,NA,NA,36,2,NA,NA,NA,NA,NA,NA,NA,7,45,2018,Summer,June
2018-06-22,NA,NA,NA,NA,16,NA,NA,NA,NA,NA,NA,NA,NA,1,17,2018,Summer,June
2018-06-25,NA,NA,NA,NA,21,1,NA,NA,NA,NA,NA,NA,2,3,27,2018,Summer,June
2018-06-27,NA,NA,NA,NA,24,2,NA,NA,NA,NA,NA,NA,NA,NA,26,2018,Summer,June
2018-06-29,NA,NA,NA,NA,18,1,NA,NA,NA,NA,NA,NA,NA,1,20,2018,Summer,June
2018-07-02,NA,NA,NA,NA,21,NA,NA,NA,NA,NA,NA,NA,1,18,40,2018,Summer,July
2018-07-05,NA,NA,NA,NA,14,2,NA,NA,NA,NA,NA,NA,1,27,44,2018,Summer,July
2018-07-06,NA,NA,NA,NA,4,1,NA,NA,NA,NA,NA,NA,NA,13,18,2018,Summer,July
2018-07-09,NA,NA,NA,NA,12,2,NA,NA,NA,NA,NA,NA,2,9,25,2018,Summer,July
2018-07-11,NA,NA,NA,NA,12,1,NA,NA,NA,NA,NA,NA,NA,8,21,2018,Summer,July
2018-07-13,NA,NA,NA,NA,6,NA,NA,NA,NA,1,NA,NA,1,5,13,2018,Summer,July
2018-07-16,NA,NA,NA,NA,9,NA,NA,NA,NA,1,NA,NA,3,11,24,2018,Summer,July
2018-07-18,NA,NA,NA,NA,4,1,NA,NA,NA,1,NA,NA,NA,15,21,2018,Summer,July
2018-07-20,NA,NA,NA,NA,6,NA,NA,NA,NA,1,NA,NA,2,2,11,2018,Summer,July
2018-07-23,1,NA,NA,NA,3,NA,NA,NA,NA,3,NA,NA,1,5,13,2018,Summer,July
2018-07-25,NA,NA,NA,NA,3,NA,NA,NA,NA,1,NA,NA,4,2,10,2018,Summer,July
2018-07-27,NA,NA,NA,NA,3,NA,NA,NA,NA,3,NA,NA,1,2,9,2018,Summer,July
2018-07-30,NA,NA,NA,NA,5,1,NA,NA,NA,4,NA,NA,NA,1,NA,2018,Summer,July
2018-08-01,NA,NA,NA,NA,NA,NA,NA,NA,NA,4,NA,NA,1,2,7,2018,Summer,August
2018-08-03,NA,NA,NA,NA,3,NA,NA,NA,NA,2,NA,NA,NA,NA,5,2018,Summer,August
2018-08-06,NA,NA,NA,NA,3,NA,NA,NA,NA,NA,NA,1,2,5,11,2018,Summer,August
2018-08-08,NA,NA,NA,NA,2,NA,NA,NA,NA,2,NA,NA,NA,NA,4,2018,Summer,August
2018-08-13,NA,NA,NA,NA,2,NA,NA,NA,NA,2,NA,NA,NA,3,7,2018,Summer,August
2018-08-16,NA,NA,NA,NA,2,NA,NA,NA,NA,2,NA,NA,NA,2,6,2018,Summer,August
2018-08-20,NA,NA,NA,NA,1,NA,NA,NA,3,3,NA,NA,1,NA,8,2018,Summer,August
2018-08-22,NA,NA,NA,NA,NA,NA,NA,NA,1,3,NA,NA,1,2,7,2018,Summer,August
2018-08-24,NA,NA,NA,NA,2,NA,NA,NA,1,1,NA,NA,1,NA,5,2018,Summer,August
2018-08-27,NA,1,NA,NA,1,NA,NA,NA,1,1,NA,NA,NA,NA,4,2018,Summer,August
2018-08-29,NA,NA,NA,NA,1,NA,NA,NA,NA,1,NA,NA,NA,3,5,2018,Summer,August
2018-08-31,NA,NA,NA,NA,NA,NA,NA,NA,1,NA,NA,NA,NA,NA,1,2018,Summer,August
2018-09-05,2,NA,NA,NA,NA,NA,NA,NA,1,2,NA,NA,NA,1,6,2018,Summer,September
2018-09-07,NA,NA,NA,NA,NA,NA,NA,NA,NA,1,NA,NA,NA,1,2,2018,Summer,September
2018-09-10,3,NA,NA,NA,NA,NA,NA,NA,1,NA,NA,NA,NA,2,6,2018,Summer,September
2018-09-17,1,NA,NA,1,NA,NA,NA,NA,NA,NA,NA,NA,1,NA,3,2018,Summer,September
2018-09-19,1,NA,NA,NA,NA,NA,NA,NA,NA,NA,NA,NA,NA,1,2,2018,Summer,September
2018-09-21,6,NA,NA,NA,NA,NA,NA,NA,NA,NA,NA,NA,NA,NA,6,2018,Summer,September
2018-09-24,6,NA,NA,NA,NA,NA,NA,NA,NA,NA,NA,NA,NA,2,8,2018,Fall,September
2018-09-26,7,1,1,NA,NA,NA,NA,NA,NA,NA,NA,NA,NA,2,11,2018,Fall,September
2018-09-28,2,NA,NA,NA,NA,NA,NA,NA,NA,NA,NA,NA,NA,1,3,2018,Fall,September
2018-10-01,3,NA,NA,NA,NA,NA,NA,NA,NA,NA,NA,NA,NA,NA,3,2018,Fall,October
2018-10-04,4,1,NA,NA,NA,NA,NA,NA,1,NA,NA,2,NA,3,11,2018,Fall,October
2018-10-08,9,NA,NA,NA,NA,NA,NA,NA,NA,NA,NA,NA,NA,NA,9,2018,Fall,October
2018-10-10,4,NA,NA,NA,NA,NA,NA,NA,NA,NA,NA,NA,NA,3,7,2018,Fall,October
2018-10-12,14,NA,NA,2,NA,NA,NA,NA,NA,NA,NA,NA,NA,7,23,2018,Fall,October
2018-10-15,9,NA,NA,1,NA,NA,NA,NA,NA,NA,NA,NA,NA,5,15,2018,Fall,October
2018-10-17,20,NA,NA,NA,NA,NA,NA,NA,NA,NA,NA,NA,NA,5,25,2018,Fall,October
2018-10-19,16,NA,NA,NA,NA,NA,NA,NA,NA,NA,NA,1,NA,1,18,2018,Fall,October
2018-10-22,20,NA,NA,2,NA,NA,NA,NA,NA,NA,NA,1,NA,4,27,2018,Fall,October
2018-10-24,8,NA,NA,NA,NA,NA,NA,NA,NA,NA,NA,2,NA,7,17,2018,Fall,October
2018-10-26,9,NA,NA,NA,NA,NA,NA,NA,NA,NA,NA,2,NA,5,16,2018,Fall,October
2018-10-29,17,NA,NA,NA,NA,NA,NA,NA,NA,NA,NA,2,NA,3,22,2018,Fall,October
2018-10-31,20,NA,NA,NA,NA,NA,NA,NA,NA,NA,NA,16,NA,14,50,2018,Fall,October
2018-11-02,30,NA,1,NA,NA,NA,NA,NA,NA,NA,NA,45,NA,20,96,2018,Fall,November
2018-11-05,47,2,1,4,NA,NA,NA,NA,NA,NA,NA,61,NA,33,148,2018,Fall,November
2018-11-07,27,NA,1,1,NA,NA,NA,NA,NA,NA,NA,19,NA,22,70,2018,Fall,November
2018-11-09,2,NA,NA,NA,NA,NA,NA,NA,NA,NA,NA,8,NA,6,16,2018,Fall,November
2018-11-12,35,2,NA,1,NA,NA,NA,NA,NA,NA,NA,41,NA,39,118,2018,Fall,November
2018-11-14,5,NA,NA,NA,NA,NA,NA,NA,NA,NA,NA,22,1,28,56,2018,Fall,November
2018-11-16,23,2,NA,1,NA,NA,NA,NA,NA,NA,NA,67,NA,19,112,2018,Fall,November
2018-11-19,11,NA,1,NA,NA,NA,NA,NA,NA,NA,NA,64,NA,17,93,2018,Fall,November
2018-11-21,21,NA,NA,NA,NA,NA,NA,NA,NA,NA,NA,29,1,12,63,2018,Fall,November
2018-11-23,26,NA,NA,1,NA,NA,NA,NA,NA,NA,NA,26,1,6,60,2018,Fall,November
2018-11-26,22,1,NA,NA,NA,NA,NA,NA,NA,NA,NA,24,NA,9,56,2018,Fall,November
2018-11-28,18,NA,NA,1,NA,NA,NA,NA,NA,NA,NA,20,NA,8,47,2018,Fall,November
2018-11-30,31,NA,NA,NA,NA,NA,NA,NA,NA,NA,NA,22,1,19,73,2018,Fall,November
2018-12-03,38,1,NA,NA,NA,NA,NA,NA,NA,NA,NA,22,1,34,96,2018,Fall,December
2018-12-05,27,1,NA,NA,NA,NA,NA,NA,NA,NA,NA,14,1,14,57,2018,Fall,December
2018-12-07,20,NA,NA,1,NA,NA,NA,NA,NA,NA,NA,14,1,18,54,2018,Fall,December
2018-12-10,36,NA,NA,NA,NA,NA,NA,NA,NA,NA,NA,9,NA,14,59,2018,Fall,December
2018-12-12,20,NA,NA,NA,NA,NA,NA,NA,NA,NA,NA,7,NA,15,42,2018,Fall,December
2018-12-14,21,NA,1,NA,NA,NA,NA,NA,NA,NA,NA,10,NA,9,41,2018,Fall,December
2018-12-17,29,NA,NA,NA,NA,NA,NA,NA,NA,NA,NA,17,NA,28,74,2018,Fall,December
2018-12-19,36,NA,NA,NA,NA,NA,NA,NA,NA,NA,NA,6,NA,33,75,2018,Fall,December
2018-12-21,29,NA,NA,NA,NA,NA,NA,NA,NA,NA,NA,10,NA,22,61,2018,Winter,December
2018-12-24,41,NA,NA,NA,NA,NA,NA,NA,NA,NA,NA,2,1,39,83,2018,Winter,December
2018-12-26,41,1,NA,NA,NA,NA,NA,NA,NA,NA,NA,1,NA,20,63,2018,Winter,December
2018-12-28,41,NA,NA,1,NA,NA,NA,NA,NA,NA,NA,5,NA,24,71,2018,Winter,December
2018-12-31,19,NA,1,NA,NA,NA,NA,NA,NA,NA,NA,1,NA,13,34,2018,Winter,December
2019-01-04,21,NA,NA,1,NA,NA,NA,NA,NA,NA,NA,1,NA,11,34,2019,Winter,January
2019-01-07,23,NA,NA,1,NA,NA,NA,NA,NA,NA,NA,1,NA,12,37,2019,Winter,January
2019-01-09,18,NA,NA,NA,NA,NA,NA,NA,NA,NA,NA,NA,NA,23,41,2019,Winter,January
2019-01-11,10,1,NA,NA,NA,NA,NA,NA,NA,NA,NA,NA,NA,25,36,2019,Winter,January
2019-01-14,12,NA,NA,1,NA,NA,NA,NA,NA,NA,NA,NA,NA,7,20,2019,Winter,January
2019-01-16,16,NA,NA,NA,NA,NA,NA,NA,NA,NA,NA,NA,NA,7,23,2019,Winter,January
2019-01-18,24,NA,NA,NA,NA,NA,NA,NA,NA,NA,NA,2,1,9,36,2019,Winter,January
2019-01-21,37,1,NA,1,NA,NA,NA,NA,NA,NA,NA,NA,NA,25,64,2019,Winter,January
2019-01-23,26,NA,NA,1,NA,NA,NA,NA,NA,NA,NA,NA,NA,8,35,2019,Winter,January
2019-01-25,23,NA,NA,NA,NA,NA,NA,NA,NA,NA,NA,NA,NA,33,56,2019,Winter,January
2019-01-28,20,NA,NA,NA,NA,NA,NA,NA,NA,NA,NA,NA,NA,16,36,2019,Winter,January
2019-01-30,9,NA,NA,NA,NA,NA,NA,NA,NA,NA,NA,NA,NA,12,21,2019,Winter,January
2019-02-01,23,NA,NA,NA,NA,NA,NA,NA,NA,NA,NA,NA,NA,12,35,2019,Winter,February
2019-02-04,46,NA,NA,NA,NA,NA,NA,NA,NA,NA,NA,NA,NA,19,65,2019,Winter,February
2019-02-06,32,NA,NA,NA,NA,NA,NA,NA,NA,NA,NA,NA,NA,10,42,2019,Winter,February
2019-02-08,20,NA,1,NA,NA,NA,NA,NA,NA,NA,NA,NA,NA,13,34,2019,Winter,February
2019-02-11,9,NA,NA,NA,NA,NA,NA,NA,NA,NA,NA,NA,NA,6,15,2019,Winter,February
2019-02-13,18,NA,NA,NA,NA,NA,NA,NA,NA,NA,NA,NA,NA,10,28,2019,Winter,February
2019-02-15,19,1,NA,1,NA,NA,NA,NA,NA,NA,NA,NA,NA,11,32,2019,Winter,February
2019-02-18,47,NA,NA,NA,NA,NA,NA,NA,NA,NA,NA,NA,NA,24,71,2019,Winter,February
2019-02-20,15,NA,NA,NA,NA,NA,NA,NA,NA,NA,NA,NA,NA,11,26,2019,Winter,February
2019-02-22,19,1,NA,NA,NA,NA,NA,NA,NA,NA,NA,NA,NA,14,34,2019,Winter,February
2019-02-28,25,NA,NA,NA,NA,NA,NA,NA,NA,NA,NA,NA,NA,24,49,2019,Winter,February
2019-03-02,5,2,NA,NA,NA,NA,NA,NA,NA,NA,NA,NA,NA,28,35,2019,Winter,March
2019-03-04,9,NA,NA,NA,NA,NA,NA,NA,NA,NA,NA,NA,NA,9,18,2019,Winter,March
2019-03-04,7,1,NA,NA,NA,NA,NA,NA,NA,NA,NA,NA,NA,25,33,2019,Winter,March
2019-03-06,8,1,NA,NA,NA,NA,NA,NA,NA,NA,NA,NA,NA,1,10,2019,Winter,March
2019-03-06,5,2,NA,NA,NA,NA,NA,NA,NA,NA,NA,NA,NA,17,24,2019,Winter,March
2019-03-08,13,NA,NA,NA,NA,NA,NA,NA,NA,NA,NA,NA,NA,3,16,2019,Winter,March
2019-03-09,9,4,1,1,NA,NA,NA,NA,NA,NA,NA,NA,NA,41,56,2019,Winter,March
2019-03-11,6,NA,NA,NA,NA,NA,NA,NA,NA,NA,NA,NA,NA,7,13,2019,Winter,March
2019-03-11,5,2,NA,NA,NA,NA,NA,NA,NA,NA,NA,NA,NA,19,26,2019,Winter,March
2019-03-13,7,2,NA,NA,NA,NA,NA,NA,NA,NA,NA,NA,NA,11,20,2019,Winter,March
2019-03-14,25,1,NA,NA,NA,NA,NA,NA,NA,NA,NA,NA,NA,14,40,2019,Winter,March
2019-03-16,6,1,NA,NA,NA,NA,NA,NA,NA,NA,NA,NA,NA,18,25,2019,Winter,March
2019-03-18,2,1,NA,NA,NA,NA,NA,NA,NA,NA,NA,NA,NA,3,6,2019,Winter,March
2019-03-18,29,3,NA,2,NA,NA,NA,NA,NA,NA,NA,NA,NA,48,82,2019,Winter,March
2019-03-20,2,NA,NA,NA,NA,NA,NA,NA,NA,NA,NA,NA,NA,5,7,2019,Spring,March
2019-03-21,22,6,NA,1,NA,NA,NA,NA,NA,NA,NA,NA,NA,38,67,2019,Spring,March
2019-03-23,1,2,NA,NA,NA,NA,NA,NA,NA,NA,NA,NA,NA,23,26,2019,Spring,March
2019-03-25,21,4,NA,1,NA,NA,NA,NA,NA,NA,NA,NA,NA,59,85,2019,Spring,March
2019-03-27,2,8,NA,NA,NA,NA,NA,NA,NA,NA,NA,NA,1,29,40,2019,Spring,March
2019-03-29,2,NA,NA,NA,NA,NA,NA,NA,NA,NA,NA,NA,NA,23,25,2019,Spring,March
2019-03-30,5,4,NA,NA,NA,NA,NA,NA,NA,NA,NA,NA,1,32,42,2019,Spring,March
2019-04-01,6,1,NA,1,NA,NA,NA,NA,NA,NA,NA,NA,NA,33,41,2019,Spring,April
2019-04-03,2,NA,NA,NA,NA,NA,NA,NA,NA,NA,NA,NA,NA,13,15,2019,Spring,April
2019-04-05,1,NA,NA,NA,NA,NA,NA,NA,NA,NA,NA,NA,NA,8,9,2019,Spring,April
2019-04-08,1,NA,NA,NA,NA,NA,NA,NA,NA,NA,NA,NA,NA,20,21,2019,Spring,April
2019-04-10,NA,NA,NA,NA,NA,NA,NA,NA,NA,NA,NA,NA,NA,11,11,2019,Spring,April
2019-04-12,NA,NA,NA,NA,NA,NA,NA,NA,NA,NA,NA,NA,NA,3,3,2019,Spring,April
2019-04-15,NA,NA,NA,NA,NA,NA,NA,NA,NA,NA,NA,NA,NA,12,12,2019,Spring,April
2019-04-19,NA,NA,NA,NA,NA,NA,NA,NA,NA,NA,NA,NA,NA,18,18,2019,Spring,April
2019-04-22,NA,NA,NA,NA,NA,NA,NA,NA,NA,NA,NA,NA,NA,5,5,2019,Spring,April
2019-04-26,NA,NA,NA,NA,NA,NA,NA,NA,NA,NA,NA,NA,NA,11,11,2019,Spring,April
2019-04-29,NA,NA,NA,NA,NA,NA,NA,NA,NA,NA,NA,NA,NA,5,5,2019,Spring,April
2019-05-03,NA,NA,NA,NA,NA,NA,NA,NA,NA,NA,NA,NA,NA,10,10,2019,Spring,May
2019-05-06,NA,NA,NA,NA,NA,NA,NA,NA,NA,NA,NA,NA,NA,3,3,2019,Spring,May
2019-05-10,NA,NA,NA,NA,NA,NA,NA,NA,NA,NA,NA,NA,NA,3,3,2019,Spring,May
2019-05-13,NA,NA,NA,NA,NA,NA,NA,NA,NA,NA,NA,NA,NA,7,7,2019,Spring,May
2019-05-15,NA,NA,NA,NA,4,1,NA,NA,NA,NA,NA,NA,NA,18,23,2019,Spring,May
2019-05-17,NA,NA,NA,NA,12,NA,9,2,NA,NA,NA,NA,2,6,31,2019,Spring,May
2019-05-20,NA,NA,NA,NA,18,1,5,4,NA,NA,NA,NA,NA,3,31,2019,Spring,May
2019-05-22,NA,NA,NA,NA,25,NA,1,4,NA,NA,NA,NA,1,4,35,2019,Spring,May
2019-05-24,NA,NA,NA,NA,12,NA,2,NA,NA,NA,NA,NA,NA,8,22,2019,Spring,May
2019-05-27,NA,NA,NA,NA,20,NA,1,NA,NA,NA,NA,NA,1,16,38,2019,Spring,May
2019-05-29,NA,NA,NA,NA,17,NA,3,NA,NA,NA,NA,NA,NA,NA,20,2019,Spring,May
2019-05-31,NA,NA,NA,NA,23,1,1,1,NA,NA,NA,NA,NA,10,36,2019,Spring,May
2019-06-03,NA,NA,NA,NA,28,2,3,1,NA,NA,NA,NA,1,6,41,2019,Spring,June
2019-06-06,NA,NA,NA,NA,25,NA,1,2,NA,NA,NA,NA,1,3,32,2019,Spring,June
2019-06-07,NA,NA,NA,NA,6,1,1,NA,NA,NA,NA,NA,NA,6,14,2019,Spring,June
2019-06-10,NA,NA,NA,NA,39,NA,1,1,NA,NA,NA,NA,2,8,51,2019,Spring,June
2019-06-12,NA,NA,NA,NA,18,1,1,NA,NA,NA,NA,NA,1,3,24,2019,Spring,June
2019-06-14,NA,NA,NA,NA,15,1,1,NA,NA,NA,NA,NA,NA,12,29,2019,Spring,June
2019-06-17,NA,NA,NA,NA,22,NA,1,NA,NA,NA,NA,NA,1,7,31,2019,Spring,June
2019-06-19,NA,NA,NA,NA,15,1,1,NA,NA,NA,NA,NA,1,5,23,2019,Spring,June
2019-06-21,NA,NA,NA,NA,17,NA,NA,NA,NA,NA,NA,NA,NA,1,18,2019,Summer,June
2019-06-25,NA,NA,NA,NA,23,2,NA,NA,NA,NA,NA,NA,2,16,43,2019,Summer,June
2019-06-28,NA,NA,NA,NA,14,1,NA,NA,NA,NA,NA,NA,1,10,26,2019,Summer,June
2019-07-02,NA,NA,NA,NA,14,1,NA,NA,NA,NA,NA,NA,3,7,25,2019,Summer,July
2019-07-05,NA,NA,NA,NA,9,NA,NA,NA,NA,NA,NA,NA,NA,7,16,2019,Summer,July
2019-07-08,NA,NA,NA,NA,2,NA,NA,NA,NA,NA,NA,NA,NA,1,3,2019,Summer,July
2019-07-10,NA,NA,NA,NA,1,NA,NA,NA,NA,NA,NA,NA,NA,1,2,2019,Summer,July
2019-07-12,NA,NA,NA,NA,3,1,NA,NA,NA,NA,NA,NA,NA,8,12,2019,Summer,July
2019-07-15,NA,NA,NA,NA,1,1,NA,NA,NA,1,1,NA,NA,7,11,2019,Summer,July
2019-07-17,NA,NA,NA,NA,NA,NA,NA,NA,NA,1,NA,NA,NA,8,9,2019,Summer,July
2019-07-19,NA,NA,NA,NA,NA,NA,NA,NA,NA,NA,NA,NA,NA,3,3,2019,Summer,July
2019-07-22,NA,NA,NA,NA,NA,NA,NA,NA,NA,1,NA,NA,NA,3,4,2019,Summer,July
2019-07-24,NA,NA,NA,NA,3,NA,NA,NA,NA,NA,NA,NA,NA,1,4,2019,Summer,July
2019-07-26,NA,NA,NA,NA,1,1,NA,NA,NA,2,NA,NA,NA,2,6,2019,Summer,July
2019-07-29,NA,NA,NA,NA,1,NA,NA,NA,NA,2,NA,NA,NA,2,5,2019,Summer,July
2019-08-01,NA,NA,NA,NA,5,1,NA,NA,NA,2,NA,NA,1,1,10,2019,Summer,August
2019-08-02,NA,NA,NA,NA,1,NA,NA,NA,1,1,1,NA,NA,NA,4,2019,Summer,August
2019-08-05,NA,NA,NA,NA,NA,NA,NA,NA,NA,3,NA,NA,NA,NA,3,2019,Summer,August
2019-08-07,NA,NA,NA,NA,NA,NA,NA,NA,NA,3,NA,NA,1,1,5,2019,Summer,August
2019-08-09,NA,NA,NA,NA,NA,NA,NA,NA,NA,4,NA,NA,1,NA,5,2019,Summer,August
2019-08-12,NA,1,NA,NA,9,2,NA,NA,1,16,NA,NA,NA,8,37,2019,Summer,August
2019-08-14,NA,NA,NA,NA,NA,NA,NA,NA,NA,NA,NA,NA,NA,1,1,2019,Summer,August
2019-08-16,NA,NA,NA,NA,4,NA,NA,NA,NA,1,NA,NA,NA,1,6,2019,Summer,August
2019-08-21,NA,NA,NA,NA,NA,NA,NA,NA,NA,1,NA,NA,1,NA,2,2019,Summer,August
2019-08-23,NA,NA,NA,NA,NA,NA,NA,NA,NA,NA,NA,NA,NA,2,2,2019,Summer,August
2019-08-26,NA,NA,NA,NA,4,NA,NA,NA,NA,9,NA,NA,1,5,19,2019,Summer,August
2019-08-28,NA,NA,NA,NA,1,NA,NA,NA,1,NA,NA,NA,NA,7,9,2019,Summer,August
2019-08-30,NA,NA,NA,NA,2,NA,NA,NA,NA,2,NA,NA,NA,NA,4,2019,Summer,August
2019-09-04,NA,NA,NA,NA,NA,NA,NA,NA,NA,NA,NA,NA,1,1,2,2019,Summer,September
2019-09-06,NA,NA,NA,NA,NA,NA,NA,NA,NA,1,NA,NA,NA,2,3,2019,Summer,September
2019-09-09,NA,NA,NA,NA,NA,1,NA,NA,NA,NA,NA,NA,NA,2,3,2019,Summer,September
2019-09-11,NA,NA,2,NA,NA,NA,NA,NA,5,1,NA,NA,NA,NA,8,2019,Summer,September
2019-09-16,NA,NA,1,NA,NA,NA,NA,NA,4,1,NA,NA,NA,4,10,2019,Summer,September
2019-09-19,2,NA,NA,NA,NA,NA,NA,NA,NA,NA,NA,NA,NA,NA,2,2019,Summer,September
2019-09-23,NA,NA,NA,NA,NA,NA,NA,NA,NA,NA,NA,NA,NA,3,3,2019,Fall,September
2019-09-26,2,NA,NA,NA,NA,NA,NA,NA,1,1,NA,NA,NA,1,5,2019,Fall,September
2019-09-30,11,1,1,NA,NA,NA,NA,NA,NA,NA,NA,NA,NA,9,22,2019,Fall,September
2019-10-02,4,NA,NA,NA,NA,NA,NA,NA,NA,NA,NA,1,NA,1,6,2019,Fall,October
2019-10-04,4,3,NA,NA,NA,NA,NA,NA,NA,NA,NA,NA,NA,4,11,2019,Fall,October
2019-10-07,10,2,1,2,NA,NA,NA,NA,1,NA,NA,NA,NA,1,17,2019,Fall,October
2019-10-09,4,NA,1,NA,NA,NA,NA,NA,NA,NA,NA,3,NA,4,12,2019,Fall,October
2019-10-11,8,NA,NA,1,NA,NA,NA,NA,NA,NA,NA,NA,NA,1,10,2019,Fall,October
2019-10-14,4,1,NA,NA,NA,NA,NA,NA,NA,NA,NA,NA,NA,4,9,2019,Fall,October
2019-10-16,4,NA,NA,NA,NA,NA,NA,NA,NA,NA,NA,NA,NA,NA,4,2019,Fall,October
2019-10-18,7,NA,NA,1,NA,NA,NA,NA,NA,NA,NA,NA,NA,5,13,2019,Fall,October
2019-10-21,7,NA,NA,1,NA,NA,NA,NA,NA,NA,NA,2,NA,8,18,2019,Fall,October
2019-10-24,10,2,NA,NA,NA,NA,NA,NA,NA,NA,NA,23,NA,NA,35,2019,Fall,October
2019-10-28,14,1,1,2,NA,NA,NA,NA,NA,NA,NA,23,NA,9,50,2019,Fall,October
2019-10-31,11,1,1,NA,NA,NA,NA,NA,NA,NA,NA,9,NA,4,26,2019,Fall,October
2019-11-05,6,NA,NA,NA,NA,NA,NA,NA,NA,NA,NA,5,NA,9,20,2019,Fall,November
2019-11-07,8,NA,NA,1,NA,NA,NA,NA,NA,NA,NA,1,NA,6,16,2019,Fall,November
2019-11-11,7,1,NA,NA,NA,NA,NA,NA,NA,NA,NA,4,NA,7,19,2019,Fall,November
2019-11-15,6,NA,NA,NA,NA,NA,NA,NA,NA,NA,NA,1,NA,NA,7,2019,Fall,November
2019-11-18,3,NA,NA,NA,NA,NA,NA,NA,NA,NA,NA,3,NA,1,7,2019,Fall,November
2019-11-20,5,NA,NA,NA,NA,NA,NA,NA,NA,NA,NA,2,NA,2,9,2019,Fall,November
2019-11-22,6,1,1,2,NA,NA,NA,NA,NA,NA,NA,17,NA,9,36,2019,Fall,November
2019-11-25,21,NA,NA,NA,NA,NA,NA,NA,NA,NA,NA,26,2,18,67,2019,Fall,November
2019-11-29,14,NA,NA,NA,NA,NA,NA,NA,NA,NA,NA,52,NA,6,72,2019,Fall,November
2019-12-02,23,NA,NA,NA,NA,NA,NA,NA,NA,NA,NA,44,NA,20,87,2019,Fall,December
2019-12-04,5,NA,2,2,NA,NA,NA,NA,NA,NA,NA,6,NA,2,17,2019,Fall,December
2019-12-06,9,NA,NA,NA,NA,NA,NA,NA,NA,NA,NA,15,NA,5,29,2019,Fall,December
2019-12-09,26,NA,3,NA,NA,NA,NA,NA,NA,NA,NA,19,NA,19,67,2019,Fall,December
2019-12-11,10,NA,NA,NA,NA,NA,NA,NA,NA,NA,NA,10,NA,13,33,2019,Fall,December
2019-12-13,26,NA,NA,NA,NA,NA,NA,NA,NA,NA,NA,9,NA,23,58,2019,Fall,December
2019-12-16,54,1,NA,1,NA,NA,NA,NA,NA,NA,NA,17,NA,38,111,2019,Fall,December
2019-12-18,31,NA,NA,NA,NA,NA,NA,NA,NA,NA,NA,11,NA,26,68,2019,Fall,December
2019-12-20,12,1,NA,NA,NA,NA,NA,NA,NA,NA,NA,12,NA,23,48,2019,Fall,December
2019-12-23,25,NA,1,6,NA,NA,NA,NA,NA,NA,NA,5,NA,22,59,2019,Winter,December
2019-12-27,39,1,NA,NA,NA,NA,NA,NA,NA,NA,NA,5,NA,38,83,2019,Winter,December
2019-12-30,11,NA,NA,NA,NA,NA,NA,NA,NA,NA,NA,10,NA,9,30,2019,Winter,December
2020-01-02,10,NA,NA,3,NA,NA,NA,NA,NA,NA,NA,4,1,13,31,2020,Winter,January
2020-01-06,52,1,NA,NA,NA,NA,NA,NA,NA,NA,NA,7,1,51,112,2020,Winter,January
2020-01-08,31,1,NA,3,NA,NA,NA,NA,NA,NA,NA,2,NA,12,49,2020,Winter,January
2020-01-10,20,NA,NA,NA,NA,NA,NA,NA,NA,NA,NA,1,NA,8,29,2020,Winter,January
2020-01-13,35,NA,NA,2,NA,NA,NA,NA,NA,NA,NA,NA,NA,26,63,2020,Winter,January
2020-01-15,7,NA,NA,NA,NA,NA,NA,NA,NA,NA,NA,2,NA,8,17,2020,Winter,January
2020-01-17,8,NA,NA,NA,NA,NA,NA,NA,NA,NA,NA,NA,NA,10,18,2020,Winter,January
2020-01-20,11,1,NA,1,NA,NA,NA,NA,NA,NA,NA,2,NA,22,37,2020,Winter,January
2020-01-22,19,1,NA,1,NA,NA,NA,NA,NA,NA,NA,NA,NA,11,32,2020,Winter,January
2020-01-24,15,1,NA,NA,NA,NA,NA,NA,NA,NA,NA,1,NA,23,40,2020,Winter,January
2020-01-27,26,3,NA,3,NA,NA,NA,NA,NA,NA,NA,NA,NA,45,77,2020,Winter,January
2020-01-29,16,2,NA,NA,NA,NA,NA,NA,NA,NA,NA,NA,NA,43,61,2020,Winter,January
2020-01-31,23,1,NA,NA,NA,NA,NA,NA,NA,NA,NA,NA,NA,32,56,2020,Winter,January
2020-02-03,21,5,1,3,NA,NA,NA,NA,NA,NA,NA,NA,NA,59,89,2020,Winter,February
2020-02-05,9,1,1,1,NA,NA,NA,NA,NA,NA,NA,NA,NA,13,25,2020,Winter,February
2020-02-07,11,2,NA,NA,NA,NA,NA,NA,NA,NA,NA,NA,NA,14,27,2020,Winter,February
2020-02-10,12,1,NA,NA,NA,NA,NA,NA,NA,NA,NA,NA,NA,15,28,2020,Winter,February
2020-02-12,10,NA,NA,NA,NA,NA,NA,NA,NA,NA,NA,NA,NA,11,21,2020,Winter,February
2020-02-14,10,NA,NA,1,NA,NA,NA,NA,NA,NA,NA,NA,NA,23,34,2020,Winter,February
2020-02-17,6,1,NA,NA,NA,NA,NA,NA,NA,NA,NA,NA,NA,20,27,2020,Winter,February
2020-02-19,6,NA,NA,NA,NA,NA,NA,NA,NA,NA,NA,1,NA,19,26,2020,Winter,February
2020-02-21,8,1,NA,NA,NA,NA,NA,NA,NA,NA,NA,NA,NA,18,27,2020,Winter,February
2020-02-24,5,4,NA,NA,NA,NA,NA,NA,NA,NA,NA,NA,NA,11,20,2020,Winter,February
2020-02-26,6,1,1,NA,NA,NA,NA,NA,NA,NA,NA,NA,NA,21,29,2020,Winter,February
2020-02-28,2,4,NA,NA,NA,NA,NA,NA,NA,NA,NA,NA,1,18,25,2020,Winter,February
2020-04-03,3,4,NA,NA,NA,NA,NA,NA,NA,NA,NA,NA,NA,35,42,2020,Spring,April
2020-04-06,1,NA,NA,NA,NA,NA,NA,NA,NA,NA,NA,NA,NA,9,10,2020,Spring,April
2020-04-10,1,4,NA,NA,NA,NA,NA,NA,NA,NA,NA,NA,NA,13,18,2020,Spring,April
2020-04-13,1,6,NA,NA,NA,NA,NA,NA,NA,NA,NA,NA,NA,19,26,2020,Spring,April
2020-04-17,2,2,NA,NA,NA,NA,NA,NA,NA,NA,NA,NA,NA,25,29,2020,Spring,April
2020-04-20,NA,NA,NA,NA,NA,NA,NA,NA,NA,NA,NA,NA,NA,16,16,2020,Spring,April
2020-04-24,NA,3,NA,NA,NA,NA,NA,NA,NA,NA,NA,NA,NA,24,27,2020,Spring,April
2020-04-27,NA,NA,NA,NA,NA,NA,NA,NA,NA,NA,NA,NA,NA,12,12,2020,Spring,April
2020-05-01,NA,NA,NA,NA,NA,NA,NA,NA,NA,NA,NA,NA,NA,19,19,2020,Spring,May
2020-05-04,NA,NA,NA,NA,NA,NA,NA,NA,NA,NA,NA,NA,NA,7,7,2020,Spring,May
2020-05-08,NA,NA,NA,NA,NA,NA,1,NA,NA,NA,NA,NA,1,10,12,2020,Spring,May
2020-05-11,NA,NA,NA,NA,4,NA,NA,NA,NA,NA,NA,NA,NA,9,13,2020,Spring,May
2020-05-13,NA,NA,NA,NA,1,NA,NA,NA,NA,NA,NA,NA,NA,2,3,2020,Spring,May
2020-05-15,NA,NA,NA,NA,2,NA,NA,NA,NA,NA,NA,NA,NA,4,6,2020,Spring,May
2020-05-18,NA,NA,NA,NA,6,NA,1,NA,NA,NA,NA,NA,2,2,11,2020,Spring,May
2020-05-20,NA,NA,NA,NA,NA,NA,NA,NA,NA,NA,NA,NA,NA,11,11,2020,Spring,May
2020-05-22,NA,NA,NA,NA,6,NA,NA,NA,NA,NA,NA,NA,NA,11,17,2020,Spring,May
2020-05-26,NA,NA,NA,NA,6,NA,NA,NA,NA,NA,NA,NA,NA,34,40,2020,Spring,May
2020-05-27,NA,NA,NA,NA,1,NA,1,1,NA,NA,NA,NA,2,11,16,2020,Spring,May
2020-05-29,NA,NA,NA,NA,8,1,NA,NA,NA,NA,NA,NA,NA,1,10,2020,Spring,May
2020-06-01,NA,1,NA,NA,14,NA,NA,NA,NA,NA,NA,NA,1,36,52,2020,Spring,June
2020-06-03,NA,NA,NA,NA,5,1,NA,NA,NA,NA,NA,NA,NA,21,27,2020,Spring,June
2020-06-05,NA,NA,NA,NA,10,NA,NA,NA,NA,NA,NA,NA,2,12,24,2020,Spring,June
2020-06-08,NA,NA,NA,NA,17,2,1,1,NA,NA,NA,NA,3,14,38,2020,Spring,June
2020-06-10,NA,NA,NA,NA,7,NA,NA,NA,NA,NA,NA,NA,NA,3,10,2020,Spring,June
2020-06-12,NA,NA,NA,NA,11,NA,NA,1,NA,NA,NA,NA,NA,8,20,2020,Spring,June
2020-06-15,NA,NA,NA,NA,11,NA,NA,NA,NA,NA,NA,NA,1,7,19,2020,Spring,June
2020-06-17,NA,NA,NA,NA,2,NA,NA,NA,NA,NA,NA,NA,NA,2,4,2020,Spring,June
2020-06-19,NA,NA,NA,NA,13,NA,NA,NA,NA,NA,NA,NA,NA,3,16,2020,Spring,June
2020-06-22,NA,NA,NA,NA,13,NA,1,1,NA,NA,NA,NA,NA,8,23,2020,Summer,June
2020-06-26,NA,NA,NA,NA,18,1,2,1,NA,NA,NA,NA,NA,8,30,2020,Summer,June
2020-06-29,NA,NA,NA,NA,15,NA,NA,NA,NA,NA,NA,NA,NA,8,23,2020,Summer,June
2020-07-01,NA,NA,NA,NA,6,NA,NA,NA,NA,NA,NA,NA,NA,2,8,2020,Summer,July
2020-07-02,NA,NA,NA,NA,4,NA,NA,NA,NA,NA,NA,NA,NA,1,5,2020,Summer,July
2020-07-06,NA,NA,NA,NA,3,NA,NA,NA,NA,NA,NA,NA,NA,3,6,2020,Summer,July
2020-07-08,NA,NA,NA,NA,4,NA,1,NA,NA,NA,NA,NA,NA,1,6,2020,Summer,July
2020-07-10,NA,NA,NA,NA,3,1,NA,NA,1,NA,NA,NA,1,NA,6,2020,Summer,July
2020-07-13,NA,NA,NA,NA,3,1,NA,NA,NA,NA,NA,NA,NA,4,8,2020,Summer,July
2020-07-15,NA,NA,NA,NA,NA,NA,NA,NA,NA,NA,NA,NA,NA,2,2,2020,Summer,July
2020-07-20,NA,NA,NA,NA,3,NA,NA,NA,NA,NA,NA,NA,NA,1,4,2020,Summer,July
2020-07-22,NA,NA,NA,NA,1,NA,NA,NA,2,NA,NA,NA,NA,NA,3,2020,Summer,July
2020-07-24,NA,NA,NA,NA,6,2,NA,NA,NA,NA,NA,NA,1,NA,9,2020,Summer,July
2020-07-27,NA,NA,NA,NA,6,NA,NA,NA,4,1,NA,NA,2,3,16,2020,Summer,July
