Date,SUMMER STEELHEAD_Hatchery,SUMMER STEELHEAD_Wild,SUMMER STEELHEAD_RM,SUMMER STEELHEAD_LM,SPRING CHINOOK_Hachery,SPRING CHINOOK_Wild,SPRING CHINOOK_RM,SPRING CHINOOK_LM,Sockeye_NoMark,Sockeye_RM,Sockeye_LM,Fall Chinook,Bull Trout,Rainbow Trout,Total
1/3/2014,28,,,,,,,,,,,,1,13,42
1/6/2014,13,,,,,,,,,,,1,,11,25
1/8/2014,25,,1,,,,,,,,,1,,13,40
1/10/2014,11,1,,,,,,,,,,5,,7,24
1/13/2014,44,,,,,,,,,,,2,,19,65
1/15/2014,14,,,1,,,,,,,,4,,,19
1/17/2014,41,,1,,,,,,,,,1,,36,79
1/21/2014,18,,1,,,,,,,,,2,,16,37
1/22/2014,10,1,,,,,,,,,,1,,5,17
1/24/2014,12,,1,,,,,,,,,3,,5,21
1/27/2014,6,,,1,,,,,,,,,,1,8
1/29/2014,13,,,,,,,,,,,,,6,19
1/31/2014,23,,,1,,,,,,,,1,,1,26
2/3/2014,35,1,,,,,,,,,,2,,9,47
2/5/2014,33,,,,,,,,,,,2,,14,49
2/7/2014,6,,1,,,,,,,,,,,7,14
2/12/2014,7,,,,,,,,,,,1,,3,11
2/14/2014,14,1,,,,,,,,,,,,4,19
2/17/2014,46,3,1,,,,,,,,,1,,49,100
2/19/2014,83,8,1,1,,,,,,,,,,57,150
2/21/2014,17,2,3,1,,,,,,,,,,25,48
2/24/2014,45,,1,,,,,,,,,,,25,71
2/26/2014,13,,,,,,,,,,,,,3,16
2/28/2014,33,,,,,,,,,,,1,,6,40
3/3/2014,17,,,,,,,,,,,,,1,18
3/5/2014,21,,1,,,,,,,,,,,5,27
3/7/2014,31,3,1,,,,,,,,,,,13,48
3/10/2014,63,3,,,,,,,,,,,,44,110
3/12/2014,23,,,,,,,,,,,,,27,50
3/14/2014,14,,,,,,,,,,,,,6,20
3/17/2014,33,1,,,,,,,,,,,,32,66
3/19/2014,13,,,,,,,,,,,,,19,32
3/21/2014,7,2,,,,,,,,,,,,6,15
3/24/2014,4,,,,,,,,,,,,,6,10
3/26/2014,18,5,1,,,,,,,,,,,12,36
3/28/2014,12,1,,,,,,,,,,,,5,18
3/31/2014,8,,,,,,,,,,,,,18,26
4/2/2014,2,,1,,,,,,,,,,,9,12
4/7/2014,2,,,,,,,,,,,,,1,3
4/9/2014,1,,,,,,,,,,,,,,1
4/11/2014,,,,1,,,,,,,,,,1,2
4/14/2014,,,,,,,,,,,,,,6,6
4/16/2014,,,,,,,,,,,,,,2,2
4/21/2014,,,,,,,,,,,,,,1,1
4/23/2014,,1,,,,,,,,,,,,,1
4/25/2014,,1,,,,,,,,,,,,2,3
4/28/2014,,1,,,,,,,,,,,,6,7
4/30/2014,,,,,,,,,,,,,,2,2
5/2/2014,,,,,,,,,,,,,,4,4
5/5/2014,,,,,,,,,,,,,,7,7
5/7/2014,1,,,,2,,,,,,,,,19,22
5/9/2014,,1,,,1,,3,,,,,,,21,26
5/12/2014,,,,,10,,1,,,,,,,10,21
5/14/2014,,,,,15,,1,,,,,,,6,22
5/16/2014,,,,,26,2,,1,,,,,,8,37
5/19/2014,,,,,15,3,1,,,,,,,3,22
5/21/2014,,,,,1,,,,,,,,,1,2
5/23/2014,,,,,27,,1,,,,,,1,29,58
5/26/2014,,,,,13,,2,2,,,,,,22,39
5/28/2014,,,,,44,2,1,,,,,,1,27,75
5/30/2014,,,,,38,,3,,,,,,,14,55
6/2/2014,,,,,38,1,1,,,,,,,7,47
6/4/2014,,,,,14,1,,,,,,,,5,20
6/6/2014,,,,,21,1,,,,,,,1,3,26
6/9/2014,,,,,34,,1,,,,,,,24,59
6/11/2014,,,,,23,,1,,,,,,,21,45
6/13/2014,,,,,12,,1,,,,,,,12,25
6/16/2014,,,,,14,2,,,,,,,,24,40
6/18/2014,,,,,5,,,,,,,,1,8,14
6/19/2014,,,,,2,,,,,,,,,,2
6/23/2014,,,,,3,,,,,,,,,6,9
6/25/2014,,,,,6,1,1,,,,,,,1,9
6/27/2014,,,,,7,,,,,,,,,2,9
6/30/2014,,,,,16,,1,,,,,,,5,22
7/3/2014,,,,,15,2,,,,,,,,7,24
7/7/2014,,,,,6,1,1,,,,,2,,6,16
7/9/2014,,,,,9,,,,,,,,1,2,12
7/11/2014,,,,,9,1,,,,,,,,9,19
7/14/2014,,,,,5,1,,,,,,,,5,11
7/16/2014,,,,,8,,,,,,,1,,5,14
7/18/2014,,,,,4,1,,,,,,,,16,21
7/21/2014,,,,,6,1,,1,,1,,1,,15,25
7/23/2014,,,,,11,,,,,1,,2,,5,19
7/25/2014,,,,,6,1,,,,,,,,1,8
7/28/2014,,,,,2,3,,,,1,,,,4,10
7/30/2014,,,,,3,1,,,,,,,,1,5
8/1/2014,,,,,4,,,,1,3,,,,1,9
8/4/2014,,,,,,,,,,,,,1,2,3
8/6/2014,,,,,,1,,,,1,,,,1,3
8/8/2014,,,,,2,1,,,,,,,,2,5
8/11/2014,,,,,,,,,,1,,,1,1,3
8/13/2014,,,,,2,2,,,,2,,,,,6
8/15/2014,,,,,,2,,,,,,,,1,3
8/18/2014,,,,,2,4,,,1,3,,,,5,15
8/20/2014,,,,,1,1,,,2,5,,,,2,11
8/22/2014,,,,,3,,,,2,,,,,2,7
8/25/2014,,,,,1,,,,,2,,,,,3
8/27/2014,,,,,3,2,,,,,,,,,5
8/29/2014,,,,,,,,,,,,,,2,2
9/2/2014,,,,,1,1,,,,,,,,,2
9/3/2014,,,,,,1,,,,,,,,,1
9/5/2014,,,,,,2,,,,,,,,,2
9/8/2014,,,,,1,,,,,,,,,,1
9/12/2014,3,,,,,,,,,,,1,,,4
9/15/2014,3,,,,,,,,,,,,,,3
9/18/2014,3,,,,,,,,,,,,,,3
9/22/2014,10,1,,,,,,,,,,,,2,13
9/24/2014,6,1,2,,,1,,,,1,,,,,11
9/26/2014,12,1,1,,,,,,,,,,,2,16
9/29/2014,19,3,6,2,,,,,,,,,,,30
10/1/2014,10,,2,,,,,,,,,4,,8,24
10/3/2014,17,2,1,,,,,,,,,1,,6,27
10/6/2014,10,2,1,,,,,,,,,5,,2,20
10/8/2014,24,,1,,,,,,,,,4,,,29
10/10/2014,24,,1,,,,,,,,,7,,1,33
10/13/2014,34,1,1,1,,,,,,,,29,,10,76
10/15/2014,19,2,1,,,,,,,,,3,,3,28
10/17/2014,17,,,,,,,,,,,18,,5,40
10/20/2014,29,2,2,,,,,,,,,43,,6,82
10/22/2014,45,4,3,,,,,,,,,32,,10,94
10/24/2014,36,1,1,,,,,,,,,12,,12,62
10/27/2014,58,4,1,,,,,,,,,70,1,9,143
10/29/2014,87,2,2,,,,,,,,,31,,9,131
10/31/2014,39,,1,,,,,,,,,41,1,6,88
11/3/2014,21,2,,,,,,,,,,66,1,6,96
11/5/2014,18,2,,,,,,,,,,32,,5,57
11/7/2014,39,,,,,,,,,,,26,1,7,73
11/10/2014,38,2,3,,,,,,,,,107,1,11,162
11/11/2014,26,,1,,,,,,,,,30,,2,59
11/12/2014,14,,,,,,,,,,,55,,,69
11/17/2014,39,3,1,,,,,,,,,180,,5,228
11/18/2014,,,,,,,,,,,,17,,,17
11/19/2014,5,1,,,,,,,,,,36,,,42
11/21/2014,5,,,,,,,,,,,48,,,53
11/24/2014,34,,,1,,,,,,,,107,,1,143
11/26/2014,79,1,6,,,,,,,,,64,,6,156
11/28/2014,47,1,1,1,,,,,,,,53,,8,111
12/1/2014,69,1,,1,,,,,,,,69,1,8,149
12/3/2014,76,1,,1,,,,,,,,21,,4,103
12/5/2014,42,1,,,,,,,,,,27,,3,73
12/8/2014,23,,,,,,,,,,,26,,4,53
12/10/2014,31,,,,,,,,,,,11,,9,51
12/12/2014,29,,2,,,,,,,,,40,,13,84
12/15/2014,7,,,,,,,,,,,5,,1,13
12/17/2014,11,,,1,,,,,,,,2,,,14
12/19/2014,1,,,,,,,,,,,1,,2,4
12/22/2014,70,,4,1,,,,,,,,19,,22,116
12/24/2014,119,5,2,2,,,,,,,,10,,22,160
12/26/2014,60,4,,,,,,,,,,2,,10,76
12/29/2014,67,4,2,,,,,,,,,6,,16,95
12/31/2014,18,,,,,,,,,,,8,1,4,31
1/2/2015,8,,,,,,,,,,,11,,5,24
1/5/2015,43,,,,,,,,,,,5,,3,51
1/7/2015,75,,,,,,,,,,,3,,12,90
1/9/2015,49,,1,,,,,,,,,5,,5,60
1/12/2015,43,,,,,,,,,,,6,,10,59
1/14/2015,29,,2,,,,,,,,,2,,9,42
1/16/2015,36,,,,,,,,,,,,,19,55
1/19/2015,84,,1,,,,,,,,,2,,6,93
1/22/2015,89,,,,,,,,,,,5,,30,124
1/23/2015,19,,1,,,,,,,,,,,6,26
1/26/2015,36,3,1,,,,,,,,,2,,13,55
1/28/2015,41,1,1,,,,,,,,,1,,10,54
1/30/2015,38,,,,,,,,,,,,,12,50
2/2/2015,42,,,,,,,,,,,,,9,51
2/4/2015,40,,,,,,,,,,,,,15,55
2/6/2015,54,2,1,,,,,,,,,,,15,72
2/9/2015,70,2,2,,,,,,,,,,,31,105
2/11/2015,84,,1,,,,,,,,,,,15,100
2/13/2015,28,,,,,,,,,,,,,5,33
2/16/2015,36,1,1,,,,,,,,,1,,9,48
2/18/2015,26,,,,,,,,,,,1,,3,30
2/20/2015,22,,1,1,,,,,,,,,,8,32
2/23/2015,37,1,,,,,,,,,,,,10,48
2/25/2015,20,,,,,,,,,,,1,,12,33
2/27/2015,15,1,1,,,,,,,,,,,5,22
3/2/2015,32,,1,1,,,,,,,,1,,5,40
3/4/2015,15,,,,,,,,,,,,,2,17
3/6/2015,18,,,,,,,,,,,,,4,22
3/9/2015,34,1,,,,,,,,,,,,3,38
3/11/2015,40,3,2,,,,,,,,,,,1,46
3/13/2015,20,3,2,,,,,,,,,,,13,38
3/16/2015,30,16,,2,,,,,,,,,,20,68
3/18/2015,18,8,2,,,,,,,,,,,21,49
3/20/2015,7,3,,1,,,,,,,,,,3,14
3/23/2015,15,11,,,,,,,,,,,,22,48
3/25/2015,19,5,,,,,,,,,,,,9,33
3/27/2015,13,5,,,,,,,,,,,,5,23
3/30/2015,23,16,1,2,,,,,,,,,2,8,52
4/1/2015,12,5,,,,,,,,,,,,4,21
4/3/2015,4,6,1,,,,,,,,,,,13,24
4/6/2015,1,1,,,,,,,,,,,,7,9
4/8/2015,3,6,,,,,,,,,,,,8,17
4/10/2015,,,,,,,,,,,,,,2,2
4/13/2015,3,1,1,,,,,,,,,,,14,19
4/15/2015,,2,1,,,,,,,,,,,4,7
4/17/2015,1,2,,,,,,,,,,,,7,10
4/20/2015,1,2,,,,,,,,,,,,6,9
4/22/2015,,2,1,,,,,,,,,,,5,8
4/24/2015,,2,,,,,,,,,,,,5,7
4/27/2015,2,,,,,,,,,,,,,4,6
4/29/2015,3,,,,,,,,,,,,,5,8
5/1/2015,1,,,,,,,,,,,,,7,8
5/4/2015,,3,,,,,2,,,,,,,10,15
5/6/2015,1,,,,1,,5,,,,,,,4,11
5/8/2015,,,,,4,,1,,,,,,,1,6
5/11/2015,,1,,,13,1,2,1,,,,,,6,24
5/13/2015,,,,,8,,3,,,,,,,,11
5/15/2015,,,,,6,,1,,,,,,,4,11
5/18/2015,,,,,6,1,1,,,,,,,4,12
5/20/2015,,,,,20,1,6,,,,,,,5,32
5/22/2015,,,,,15,2,2,2,,,,,,10,31
5/24/2015,,,,,4,,,,,,,,,1,5
5/26/2015,,,,,6,,1,,,,,,,5,12
5/27/2015,,,,,14,2,1,,,,,,,3,20
5/29/2015,,,,,25,5,3,,,,,,,1,34
6/1/2015,,,,,40,,2,3,,,,,,3,48
6/3/2015,,,,,31,,1,,,,,,1,13,46
6/5/2015,,,,,12,1,,,,,,,,22,35
6/8/2015,,,,,30,2,1,1,,,,,,6,40
6/10/2015,,,,,15,3,1,,,,,,,6,25
6/12/2015,,,,,7,,,,,,,,,6,13
6/15/2015,,,,,14,1,,,,,,,,7,22
6/17/2015,,,,,26,1,,,,,,,1,7,35
6/19/2015,,,,,14,1,,,,,,,,1,16
6/22/2015,,,,,39,2,3,,,,,1,,5,50
6/24/2015,,,,,18,4,,,,,,,,1,23
6/26/2015,,1,,,43,3,,2,,,,,1,10,60
6/29/2015,,,,,74,8,,1,,,,,,1,84
7/1/2015,,,,,37,10,,1,,,,1,1,2,52
7/2/2015,,,,,12,1,,,,,,,,2,15
7/6/2015,,,,,64,6,,2,,,,2,3,1,78
7/8/2015,,,,,31,4,,,,,,,1,4,40
7/10/2015,,,,,31,3,1,,,,,,,12,47
7/13/2015,,,,,20,5,,,,,,,1,1,27
7/15/2015,,,,,17,,,,,,,,1,2,20
7/17/2015,,,,,17,4,,,,,,,2,2,25
7/20/2015,,,,,6,,,,,,,,,5,11
7/22/2015,,,,,10,,,,,,,,1,,11
7/24/2015,,,,,14,1,,,,,,,,3,18
7/27/2015,,,,,6,2,,,,,,,,,8
7/31/2015,,,,,16,4,,,,1,,,1,,22
8/3/2015,,,,,7,,,,,,,,1,,8
8/5/2015,,,,,14,2,,,,,,,2,,18
8/7/2015,,,,,25,4,1,1,,,,,1,3,35
8/10/2015,,,,,19,4,,,1,,,,1,,25
8/12/2015,1,,,,10,1,,,,,,,1,3,16
8/14/2015,,,,,5,,,,2,,,,,2,9
8/17/2015,,,,,1,,,,,,,,,,1
8/19/2015,2,,,,25,4,,,,,,,,,31
8/21/2015,1,,,,15,5,,,4,,1,,2,,28
8/24/2015,,,,,23,3,,,2,,2,,1,,31
8/26/2015,,,,,3,2,,,4,2,,,,1,12
8/28/2015,,,,,24,2,,,2,,1,,1,,30
8/31/2015,,,,,11,3,,,3,,,,,,17
9/2/2015,,,,,3,,,,2,,,,,,5
9/4/2015,,,,,9,5,,,1,,1,1,,1,18
9/9/2015,,,,,2,1,,,2,,1,,,,6
9/11/2015,,,,,1,1,,,,,,,,1,3
9/14/2015,2,,,,1,,,,1,1,,,,1,6
9/16/2015,2,,,,,1,,,,,,,,1,4
9/18/2015,3,,,,,1,,,,,,,,,4
9/21/2015,3,1,,,,,,,1,,,,,2,7
9/23/2015,5,1,,1,,1,,,1,,,,,2,11
9/25/2015,10,,,,,,,,,,,3,,2,15
9/28/2015,17,,,1,1,2,,,,,,1,,7,29
9/30/2015,13,,,,,1,,,,,,6,,4,24
10/2/2015,13,,1,,,,,,,,,4,,2,20
10/3/2015,14,,1,,,,,,9,,,,,4,28
10/5/2015,13,,,1,,,,,3,,,2,,5,24
10/5/2015,30,,,,,,,,,,,11,,9,50
10/6/2015,,,,,,,,,5,,1,,,3,9
10/7/2015,6,,,1,,4,,,,,,2,,5,18
10/9/2015,14,,,,,3,,,,,,16,,,33
10/10/2015,21,,,1,,,,,5,,,1,,2,30
10/12/2015,24,1,,,,,,,1,,,1,,7,34
10/12/2015,33,,1,1,,,,,,,,29,,16,80
10/14/2015,23,,,,,,,,,,,1,,2,26
10/14/2015,33,2,,2,,,,,,,,19,,19,75
10/16/2015,13,2,,1,,,,,,,,21,,9,46
10/17/2015,24,1,1,2,,,,,,,,2,,6,36
10/19/2015,26,,,1,,,,,,,,24,,7,58
10/19/2015,75,,,1,,,,,,,,27,,14,117
10/21/2015,13,1,1,1,,,,,,,,16,1,6,39
10/21/2015,31,,1,,,,,,,,,18,,11,61
10/23/2015,40,,,,,,,,,,,41,,11,92
10/24/2015,82,,3,,,,,,1,,,45,,8,139
10/26/2015,32,,1,,,,,,,,,42,,4,79
10/26/2015,58,,,,,,,,,,,16,,7,81
10/28/2015,18,,,,,,,,2,,,6,,3,29
10/28/2015,50,,,4,,,,,,,,48,,10,112
10/30/2015,37,,1,1,,,,,,,,24,1,10,74
10/31/2015,43,,1,,,,,,,,,16,,13,73
11/2/2015,79,1,1,,,,,,,,,56,,17,154
11/2/2015,75,2,,1,,,,,,,,80,1,3,162
11/3/2015,21,,2,1,,,,,1,,,22,,13,60
11/4/2015,18,1,,,,,,,,,,8,,7,34
11/4/2015,28,2,1,,,,,,,,,45,,9,85
11/6/2015,31,1,1,,,,,,,,,38,,10,81
11/7/2015,22,,,,,,,,,,,52,,6,80
11/9/2015,39,,,,,,,,,,,74,,11,124
11/9/2015,35,,,1,,,,,,,,68,,21,125
11/10/2015,9,,,,,,,,,,,16,,,
11/11/2015,15,,1,,,,,,,,,34,,7,57
11/13/2015,43,,2,,,,,,,,,81,,15,141
11/14/2015,62,,1,1,,,,,,,,93,,19,176
11/15/2015,28,,,1,,,,,,,,11,,7,47
11/16/2015,20,1,,,,,,,,,,4,,7,32
11/16/2015,24,1,,1,,,,,,,,87,,15,128
11/18/2015,47,1,,,,,,,,,,17,,11,76
11/18/2015,16,2,,1,,,,,,,,66,,11,96
11/20/2015,31,,,,,,,,,,,60,,13,104
11/21/2015,31,1,,,,,,,,,,47,,5,84
11/23/2015,21,,1,,,,,,,,,26,,2,50
11/23/2015,73,1,1,1,,,,,,,,117,,17,210
11/24/2015,34,,,,,,,,,,,18,,3,55
11/25/2015,35,,,,,,,,,,,23,,1,59
11/25/2015,38,,,,,,,,,,,22,,6,66
11/27/2015,13,,,,,,,,,,,21,,1,35
11/28/2015,29,,,,,,,,,,,16,1,6,52
11/30/2015,21,,,,,,,,,,,57,,7,85
12/4/2015,8,,,,,,,,,,,57,,3,68
12/7/2015,13,,,,,,,,,,,40,1,4,58
12/9/2015,34,,,,,,,,,,,24,,22,80
12/11/2015,63,1,,,,,,,,,,27,,22,113
12/14/2015,91,3,,,,,,,,,,20,,38,152
12/16/2015,50,,,,,,,,,,,13,1,12,76
12/18/2015,84,8,,,,,,,,,,8,1,6,107
12/21/2015,13,,,,,,,,,,,10,,3,26
12/24/2015,25,,,,,,,,,,,9,,7,41
12/28/2015,21,,,,,,,,,,,21,,7,49
12/30/2015,19,,,,,,,,,,,9,,5,33
1/4/2016,32,,1,,,,,,,,,7,1,19,60
1/6/2016,15,,,,,,,,,,,4,,4,23
1/8/2016,22,,,,,,,,,,,4,1,12,39
1/11/2016,38,,,,,,,,,,,12,,5,55
1/13/2016,22,,,,,,,,,,,2,,11,35
1/15/2016,38,,1,,,,,,,,,3,,15,57
1/18/2016,35,,1,1,,,,,,,,5,,18,60
1/20/2016,20,,,,,,,,,,,,,13,33
1/22/2016,88,2,,,,,,,,,,4,,47,141
1/25/2016,96,1,1,,,,,,,,,2,,46,146
1/27/2016,62,,1,,,,,,,,,5,,17,85
1/29/2016,40,,1,,,,,,,,,3,,11,55
2/1/2016,40,,1,1,,,,,,,,1,,29,72
2/3/2016,33,,,,,,,,,,,1,,14,48
2/5/2016,30,1,,,,,,,,,,1,,12,44
2/8/2016,29,,,,,,,,,,,,,12,41
2/10/2016,34,1,,,,,,,,,,2,,9,46
2/12/2016,34,,1,,,,,,,,,2,,8,45
2/15/2016,33,1,,,,,,,,,,1,,13,48
2/17/2016,68,,3,,,,,,,,,1,,34,106
2/19/2016,39,,,,,,,,,,,1,,27,67
2/22/2016,55,2,,,,,,,,,,,,33,90
2/24/2016,14,1,,,,,,,,,,,,11,26
2/26/2016,12,1,,,,,,,,,,,,16,29
2/29/2016,13,,,,,,,,,,,,,16,29
3/2/2016,5,,,,,,,,,,,,,13,18
3/4/2016,23,1,1,,,,,,,,,,,17,42
3/7/2016,8,1,,,,,,,,,,,,10,19
3/9/2016,5,,,,,,,,,,,,,7,12
3/11/2016,40,4,1,,,,,,,,,,,16,61
3/14/2016,6,4,,,,,,,,,,,,9,19
3/16/2016,4,1,,,,,,,,,,,,10,15
3/18/2016,6,1,,,,,,,,,,,,9,16
3/21/2016,9,,,,,,,,,,,1,,2,12
3/23/2016,4,1,,,,,,,,,,,,10,15
3/25/2016,7,1,,,,,,,,,,,,9,17
3/28/2016,8,1,,,,,,,,,,,,34,43
3/30/2016,1,,,,,,,,,,,,,4,5
4/4/2016,2,,,,,,,,,,,,,2,4
4/6/2016,1,1,,,,,,,,,,,,6,8
4/8/2016,3,,,,,,,,,,,,,6,9
4/11/2016,,2,,,,,,,,,,,,8,10
4/13/2016,1,2,,,,,,,,,,,,3,6
4/15/2016,,,,,,,,,,,,,,5,5
4/18/2016,1,1,,,,,,,,,,,,2,4
4/20/2016,,2,,,,,,,,,,,,8,10
4/25/2016,1,,,,,,,,,,,,,3,4
5/2/2016,,1,,,,,,,,,,,,1,2
5/4/2016,1,1,,,,,,,,,,,,1,3
5/6/2016,,,,,,1,,,,,,,,,1
5/9/2016,1,1,,,,,,,,,,,,12,14
5/13/2016,,,,,1,,2,,,,,,,5,8
5/16/2016,,,,,6,,,,,,,,,2,8
5/18/2016,,,,,2,,,,,,,,,6,8
5/20/2016,,,,,2,1,,,,,,,1,8,12
5/23/2016,,,,,7,1,1,,,,,,,7,16
5/25/2016,,,,,10,,,,,,,,,9,19
5/27/2016,,,,,19,2,5,,,,,,,5,31
5/31/2016,,,,,26,,4,,,,,,,18,48
6/1/2016,,,,,16,1,,,,,,,,9,26
6/3/2016,,,,,9,,1,,,,,,,13,23
6/6/2016,,,,,20,1,2,2,,,,,,34,59
6/8/2016,,,,,49,1,5,1,,,,,,14,70
6/10/2016,,,,,28,3,2,,,,,,,,33
6/13/2016,,,,,47,1,2,,,,,,,32,82
6/15/2016,,,,,23,4,3,,,,,,,39,69
6/17/2016,,,,,26,,1,,,,,,,16,43
6/20/2016,,,,,38,,3,1,,,,,,10,52
6/22/2016,,,,,8,,,,,,,,,8,16
6/24/2016,,,,,19,2,2,1,,,,,,1,25
6/27/2016,,,,,18,2,2,,,,,,,12,34
6/29/2016,,,,,8,,1,,,,,,,5,14
6/30/2016,,,,,3,,,,,,,,,7,10
7/5/2016,,,,,82,2,6,1,,,,,,55,146
7/6/2016,,,,,9,,,,1,,,,,2,12
7/8/2016,,,,,31,5,1,1,,,,,,2,40
7/11/2016,,,,,41,4,1,,3,,,,2,9,60
7/13/2016,,,,,2,,,1,3,,,,,5,11
7/15/2016,,,,,11,,,,5,,,,1,2,19
7/18/2016,,,,,23,3,,,4,,,,,,30
7/20/2016,,,,,17,2,,1,10,,,,,2,32
7/22/2016,,,,,2,1,,,6,,,,,,9
7/25/2016,,,,,4,2,,,55,,,,,,61
7/27/2016,,,,,18,5,,,32,,1,,,2,58
7/29/2016,,,,,15,5,,,56,,,,,2,78
8/1/2016,,,,,3,,1,,24,,1,,,,29
8/3/2016,,,,,2,,,,29,,,,,3,34
8/5/2016,,,,,1,,,,4,,,,,,5
8/8/2016,,,,,29,3,,,70,,2,1,,1,106
8/10/2016,,,,,2,,,,12,,,,,3,17
8/12/2016,,,,,13,,,,33,,1,,,1,48
8/15/2016,,,,,5,,,,13,,,,,,18
8/17/2016,,,,,6,3,,,18,,,,,2,29
8/19/2016,,,,,11,2,,,9,,,,,,22
8/22/2016,,,,,2,,,,15,,,,1,1,19
8/24/2016,,,,,,,,,12,,,,,,12
8/26/2016,,,,,,,,,18,,,,,1,19
8/29/2016,,,,,1,,,,5,,,,,,6
8/31/2016,,,,,4,,,,3,,,,,,7
9/2/2016,,,,,1,1,,,4,,,,,,6
9/7/2016,,,,,,1,,,11,,,,,2,14
9/9/2016,1,,,,1,,,,8,,,1,,1,12
9/12/2016,2,,,,,,,,7,,1,,,,10
9/14/2016,1,,,,,,,,6,,,,,1,8
9/16/2016,,,,,,,,,2,,,,,,2
9/19/2016,2,,,,,,,,2,,,,,4,8
9/21/2016,2,,,,,,,,2,,1,,,6,11
9/23/2016,4,,,1,,,,,5,,,,,4,14
9/27/2016,10,,,,,,,,1,,,,,1,12
9/28/2016,3,,,,,,,,,,,,,,
9/30/2016,9,,,,,,,,13,,,1,,2,25
12/1/2016,27,,,,,,,,,,,16,1,6,50
12/2/2016,13,,,,,,,,,,,5,,3,21
12/5/2016,26,,,,,,,,,,,20,,6,52
12/7/2016,8,,,,,,,,,,,5,1,3,17
12/12/2016,10,,,,,,,,,,,22,,7,39
12/14/2016,11,,,,,,,,,,,7,,5,23
12/16/2016,5,,,,,,,,,,,2,,1,8
12/19/2016,23,,,,,,,,,,,10,,3,36
12/21/2016,12,,,,,,,,,,,9,,1,22
12/23/2016,12,,,,,,,,,,,4,,,16
12/28/2016,41,,,,,,,,,,,26,,12,79
12/30/2016,19,,,,,,,,,,,5,,7,31
1/5/2017,43,,,,,,,,,,,4,,9,56
1/11/2017,10,,,,,,,,,,,7,,7,24
1/13/2017,27,,,,,,,,,,,3,,4,34
1/16/2017,17,,,,,,,,,,,1,,2,20
1/18/2017,37,1,,,,,,,,,,,,2,40
1/20/2017,15,,,,,,,,,,,,,1,16
1/23/2017,83,,,,,,,,,,,,,9,92
1/25/2017,41,,,,,,,,,,,,,12,53
1/27/2017,56,1,,1,,,,,,,,1,,12,71
1/30/2017,110,1,,,,,,,,,,,,17,128
2/1/2017,14,,,,,,,,,,,,,5,19
2/3/2017,37,,,,,,,,,,,1,,7,45
2/6/2017,29,,,,,,,,,,,,,5,34
2/8/2017,20,,,,,,,,,,,,,5,25
2/10/2017,106,3,,1,,,,,,,,3,,14,127
2/13/2017,104,1,1,1,,,,,,,,,,36,143
2/15/2017,12,,,,,,,,,,,,,14,26
2/17/2017,29,1,,,,,,,,,,,,13,43
2/20/2017,44,,,,,,,,,,,,,65,109
2/22/2017,17,,,,,,,,,,,,,29,46
2/24/2017,30,,,,,,,,,,,,,46,76
2/27/2017,20,,2,,,,,,,,,1,,17,40
3/1/2017,10,,,,,,,,,,,,,4,14
3/3/2017,15,,1,,,,,,,,,,,9,25
3/5/2017,20,,,,,,,,,,,,,4,24
3/7/2017,7,,,,,,,,,,,,,5,12
3/10/2017,3,,,,,,,,,,,,,,3
3/13/2017,26,2,,1,,,,,,,,,,15,44
3/15/2017,32,1,,,,,,,,,,,,16,49
3/17/2017,35,1,1,,,,,,,,,,,23,60
3/20/2017,21,2,,,,,,,,,,,,14,37
3/22/2017,2,,,,,,,,,,,,,25,27
3/24/2017,5,3,,,,,,,,,,,,17,25
3/27/2017,6,2,,,,,,,,,,,,22,30
3/28/2017,5,5,,,,,,,,,,,,9,19
3/31/2017,3,,,,,,,,,,,,,10,13
4/3/2017,1,1,,,,,,,,,,,,19,21
4/5/2017,1,,,,,,,,,,,,,3,4
4/7/2017,1,,,,,,,,,,,,,5,6
4/10/2017,,,,,,,,,,,,,,11,11
4/14/2017,,2,,,,,,,,,,,,6,8
4/17/2017,,,,,,,,,,,,,,3,3
4/21/2017,1,1,,,,,,,,,,,,10,12
4/24/2017,,,,,,,,,,,,,,11,11
4/28/2017,,,,,,,,,,,,,,5,5
5/1/2017,,,,,,,,,,,,,,2,2
5/5/2017,,,,,,,,,,,,,,5,5
5/15/2017,,,,,,,,,,,,,,5,5
5/17/2017,,,,,2,,,,,,,,,4,6
5/19/2017,,,,,19,1,,,,,,,,5,25
5/22/2017,,,,,27,1,,1,,,,,,1,30
5/25/2017,,,,,65,,,1,,,,,,1,67
5/26/2017,,,,,5,,,,,,,,,2,7
5/30/2017,,,,,99,1,,,,,,,,9,109
5/31/2017,,,,,97,4,1,1,,,,,,9,112
6/1/2017,,,,,107,,,2,,,,,,20,129
6/2/2017,,,,,42,,,,,,,,,4,46
6/6/2017,,,,,292,3,5,,,,,,,12,312
6/8/2017,,,,,284,4,2,3,,,,,,6,299
6/9/2017,,,,,69,,,,,,,,,13,82
6/12/2017,,,,,203,2,2,,,,,,,4,211
6/13/2017,,,,,81,1,,,,,,,,8,90
6/14/2017,,,,,26,,,,,,,,1,5,32
6/16/2017,,,,,87,2,,1,,,,,,17,107
6/19/2017,,,,,122,2,,,,,,,,5,129
6/21/2017,,,,,77,,,,,,,,,7,84
6/23/2017,,,,,56,3,,,,,,,,15,74
6/26/2017,,,,,145,,,,,,,,,6,151
6/27/2017,,,,,50,,,,,,,,,5,55
6/28/2017,,,,,38,2,,1,,,,,,6,47
6/30/2017,,,,,81,,,,,,,,,3,84
7/3/2017,,,,,136,2,,,,,,,,,
7/5/2017,,,,,36,,,,,,,,,9,45
7/7/2017,,,,,26,,,,,,,,,5,31
7/10/2017,,,,,46,,,,,,,,,12,58
7/12/2017,,,,,36,3,,,,,,,,5,44
7/14/2017,,,,,29,,,,1,,,,,5,35
7/17/2017,,,,,32,,,,2,,,,,1,35
7/19/2017,,,,,15,,,,2,,,1,,3,21
7/21/2017,,,,,5,,,,,,,,,5,10
7/24/2017,,,,,26,1,,,1,1,,,,5,34
7/26/2017,,,,,12,1,,,,,,,,4,17
7/28/2017,,,,,5,1,,,1,,,,,2,9
7/31/2017,,,,,14,1,,,3,2,,2,,3,25
8/2/2017,,,,,10,,,,1,1,,,,,12
8/4/2017,,,,,3,1,,,2,2,,,,1,9
8/7/2017,,,,,9,,,,7,1,,,,1,18
8/9/2017,,,,,7,,,,7,2,,,,1,17
8/11/2017,,,,,3,,,,2,2,,,,3,10
8/14/2017,,,,,6,,,,,,,,,,6
8/16/2017,,,,,1,,,,1,,,,,1,3
8/18/2017,,,,,1,1,,,,,,,,1,3
8/22/2017,1,,,,7,1,,,1,,,,,,10
8/23/2017,1,,,,3,,,,,,,,,,4
8/25/2017,,,,,4,,,,,,,1,,,5
8/28/2017,,,,,6,1,,,3,,,1,,,11
8/30/2017,,,,,2,1,,,,,,,,,3
9/1/2017,,,,1,3,,,,,1,,,,,5
9/6/2017,,,,,,,,,3,2,,,,,5
9/8/2017,2,,,,,,,,1,,,,,,3
9/11/2017,1,,,,1,,,,1,,,,,,3
9/14/2017,,,,,,,,,,,,,,3,3
9/15/2017,2,,,,1,1,,,,,1,,,1,6
9/18/2017,1,,,,,,,,,1,,,,1,3
9/20/2017,3,,,,,,,,,,,,,,3
9/22/2017,,1,,,,,,,,,,,,,1
9/25/2017,10,1,1,,,,,,,,,,,1,13
9/27/2017,6,,,,,,,,,,,,,2,8
9/29/2017,8,,,,,,,,,,,,,,8
10/2/2017,12,,,,,,,,2,,,,,6,20
10/4/2017,4,,,,,,,,,,,,,2,6
10/6/2017,7,,,,,,,,,,,,,1,8
10/9/2017,26,,,,,,,,,,,1,,1,28
10/11/2017,8,1,,,,,,,,,,,,3,12
10/13/2017,12,1,,,,,,,,,,,,2,15
10/16/2017,8,,,,,,,,,,,,,1,9
10/18/2017,8,,,,,,,,,,,,,5,13
10/20/2017,10,,,,,,,,,,,1,,5,16
10/23/2017,17,,,,,,,,,,,,,6,23
10/25/2017,36,,,1,,,,,,,,2,,11,50
10/27/2017,53,,1,,,,,,,,,1,1,20,76
10/31/2017,64,3,1,,,,,,,,,12,,25,
11/1/2017,13,1,,,,,,,,,,1,,7,22
11/3/2017,14,,,,,,,,,,,5,,3,22
11/6/2017,23,1,,,,,,,,,,1,,10,35
11/8/2017,10,,2,,,,,,,,,3,,6,21
11/9/2017,10,1,,,,,,,,,,,,5,16
11/13/2017,41,1,1,,,,,,,,,21,,26,90
11/15/2017,13,,,,,,,,,,,11,,10,34
11/17/2017,8,,,,,,,,,,,5,1,4,18
11/20/2017,11,,,,,,,,,,,11,,12,34
11/22/2017,27,,,,,,,,,,,13,2,16,58
11/27/2017,140,1,1,1,,,,,,,,30,1,54,228
11/28/2017,48,1,,,,,,,,,,,,10,59
11/29/2017,16,,,,,,,,,,,4,,10,30
12/1/2017,44,,1,,,,,,,,,5,,14,64
12/4/2017,36,,,,,,,,,,,6,,6,48
12/6/2017,10,,,,,,,,,,,1,,4,15
12/8/2017,23,,,,,,,,,,,6,,6,35
12/11/2017,27,,,,,,,,,,,7,,4,38
12/13/2017,6,1,,,,,,,,,,1,,13,21
12/15/2017,6,,,,,,,,,,,2,,1,9
12/18/2017,33,,,,,,,,,,,6,3,14,56
12/20/2017,11,,,1,,,,,,,,5,,9,26
12/22/2017,17,,,,,,,,,,,5,1,13,36
12/27/2017,41,,,,,,,,,,,4,2,36,83
12/29/2017,20,,1,,,,,,,,,5,,4,30
1/3/2018,61,1,,,,,,,,,,2,,16,80
1/5/2018,27,,,,,,,,,,,,,3,30
1/8/2018,56,,,,,,,,,,,1,1,19,77
1/10/2018,27,1,,,,,,,,,,2,,18,48
1/12/2018,54,1,,,,,,,,,,2,,17,74
1/16/2018,76,1,,,,,,,,,,4,,28,109
1/19/2018,49,,,,,,,,,,,1,,10,60
1/22/2018,39,,,,,,,,,,,3,1,13,56
1/24/2018,11,,,1,,,,,,,,,,8,20
1/26/2018,36,,,,,,,,,,,1,,18,55
1/29/2018,30,,1,,,,,,,,,,,16,47
1/31/2018,14,,,,,,,,,,,1,,6,21
2/2/2018,40,,,,,,,,,,,,,18,58
2/5/2018,48,1,,1,,,,,,,,,,50,100
2/7/2018,21,,,,,,,,,,,,,18,39
2/9/2018,40,,,,,,,,,,,,,22,62
2/12/2018,49,1,1,,,,,,,,,,,51,102
2/14/2018,22,,,,,,,,,,,,,15,37
2/16/2018,8,,,,,,,,,,,,,8,16
2/19/2018,15,1,,,,,,,,,,,,11,27
2/22/2018,13,,,,,,,,,,,,,8,21
2/26/2018,9,,,,,,,,,,,,,8,17
2/28/2018,3,,,,,,,,,,,,,3,6
3/2/2018,17,,,,,,,,,,,,,9,26
3/5/2018,14,,,,,,,,,,,,,13,27
3/7/2018,9,,,,,,,,,,,,,8,17
3/9/2018,9,,,,,,,,,,,,,8,17
3/12/2018,23,2,,,,,,,,,,,,18,43
3/14/2018,8,,,,,,,,,,,,,10,18
3/16/2018,3,1,,,,,,,,,,,,18,22
3/19/2018,8,2,,,,,,,,,,,,10,20
3/23/2018,16,,,,,,,,,,,,,27,43
3/26/2018,5,,,,,,,,,,,,,8,13
3/28/2018,6,1,,,,,,,,,,,,2,9
3/30/2018,6,,,,,,,,,,,,,5,11
4/2/2018,6,,,,,,,,,,,,,11,17
4/4/2018,1,,,,,,,,,,,,,5,6
4/6/2018,3,2,,,,,,,,,,,,5,10
4/9/2018,3,,,,,,,,,,,,,7,10
4/11/2018,6,,,,,,,,,,,,,15,21
4/13/2018,2,1,,,,,,,,,,,,3,6
4/16/2018,,,,,,,,,,,,,,4,4
4/18/2018,,,,,,,,,,,,,,1,1
4/23/2018,1,1,,,,,,,,,,,,3,5
4/27/2018,,,,,,,,,,,,,,1,1
5/8/2018,,,,,,,,,,,,,,4,4
5/9/2018,,1,,,,,,,,,,,,4,5
5/11/2018,,,,,,,,,,,,,,5,5
5/14/2018,,,,,13,,,,,,,,,3,16
5/16/2018,,,,,11,,,,,,,,1,3,15
5/18/2018,,,,,26,,,,,,,,1,3,30
5/21/2018,,,,,90,1,,,,,,,,4,95
5/23/2018,,,,,69,2,,,,,,,,3,74
5/25/2018,,,,,59,3,,2,,,,,,4,68
5/28/2018,,,,,36,1,,,,,,,,6,43
5/29/2018,,,,,41,2,,,,,,,1,5,49
5/30/2018,,,,,37,2,,,,,,,,4,43
6/1/2018,,,,,47,,,,,,,,,2,49
6/4/2018,,,,,68,3,,,,,,,1,3,75
6/6/2018,,,,,18,,,,,,,,,3,21
6/8/2018,,,,,69,1,,,,,,,1,4,75
6/11/2018,,,,,38,2,,1,,,,,1,8,50
6/12/2018,,,,,9,,,,,,,,,3,12
6/15/2018,,,,,59,1,,1,,,,,1,5,67
6/18/2018,,,,,39,3,1,,,,,,1,32,76
6/21/2018,,,,,36,2,,,,,,,,7,45
6/22/2018,,,,,16,,,,,,,,,1,17
6/25/2018,,,,,21,1,,,,,,,2,3,27
6/27/2018,,,,,24,2,,,,,,,,,26
6/29/2018,,,,,18,1,,,,,,,,1,20
7/2/2018,,,,,21,,,,,,,,1,18,40
7/5/2018,,,,,14,2,,,,,,,1,27,44
7/6/2018,,,,,4,1,,,,,,,,13,18
7/9/2018,,,,,12,2,,,,,,,2,9,25
7/11/2018,,,,,12,1,,,,,,,,8,21
7/13/2018,,,,,6,,,,,1,,,1,5,13
7/16/2018,,,,,9,,,,,1,,,3,11,24
7/18/2018,,,,,4,1,,,,1,,,,15,21
7/20/2018,,,,,6,,,,,1,,,2,2,11
7/23/2018,1,,,,3,,,,,3,,,1,5,13
7/25/2018,,,,,3,,,,,1,,,4,2,10
7/27/2018,,,,,3,,,,,3,,,1,2,9
7/30/2018,,,,,5,1,,,,4,,,,1,
8/1/2018,,,,,,,,,,4,,,1,2,7
8/3/2018,,,,,3,,,,,2,,,,,5
8/6/2018,,,,,3,,,,,,,1,2,5,11
8/8/2018,,,,,2,,,,,2,,,,,4
8/13/2018,,,,,2,,,,,2,,,,3,7
8/16/2018,,,,,2,,,,,2,,,,2,6
8/20/2018,,,,,1,,,,3,3,,,1,,8
8/22/2018,,,,,,,,,1,3,,,1,2,7
8/24/2018,,,,,2,,,,1,1,,,1,,5
8/27/2018,,1,,,1,,,,1,1,,,,,4
8/29/2018,,,,,1,,,,,1,,,,3,5
8/31/2018,,,,,,,,,1,,,,,,1
9/5/2018,2,,,,,,,,1,2,,,,1,6
9/7/2018,,,,,,,,,,1,,,,1,2
9/10/2018,3,,,,,,,,1,,,,,2,6
9/17/2018,1,,,1,,,,,,,,,1,,3
9/19/2018,1,,,,,,,,,,,,,1,2
9/21/2018,6,,,,,,,,,,,,,,6
9/24/2018,6,,,,,,,,,,,,,2,8
9/26/2018,7,1,1,,,,,,,,,,,2,11
9/28/2018,2,,,,,,,,,,,,,1,3
10/1/2018,3,,,,,,,,,,,,,,3
10/4/2018,4,1,,,,,,,1,,,2,,3,11
10/8/2018,9,,,,,,,,,,,,,,9
10/10/2018,4,,,,,,,,,,,,,3,7
10/12/2018,14,,,2,,,,,,,,,,7,23
10/15/2018,9,,,1,,,,,,,,,,5,15
10/17/2018,20,,,,,,,,,,,,,5,25
10/19/2018,16,,,,,,,,,,,1,,1,18
10/22/2018,20,,,2,,,,,,,,1,,4,27
10/24/2018,8,,,,,,,,,,,2,,7,17
10/26/2018,9,,,,,,,,,,,2,,5,16
10/29/2018,17,,,,,,,,,,,2,,3,22
10/31/2018,20,,,,,,,,,,,16,,14,50
11/2/2018,30,,1,,,,,,,,,45,,20,96
11/5/2018,47,2,1,4,,,,,,,,61,,33,148
11/7/2018,27,,1,1,,,,,,,,19,,22,70
11/9/2018,2,,,,,,,,,,,8,,6,16
11/12/2018,35,2,,1,,,,,,,,41,,39,118
11/14/2018,5,,,,,,,,,,,22,1,28,56
11/16/2018,23,2,,1,,,,,,,,67,,19,112
11/19/2018,11,,1,,,,,,,,,64,,17,93
11/21/2018,21,,,,,,,,,,,29,1,12,63
11/23/2018,26,,,1,,,,,,,,26,1,6,60
11/26/2018,22,1,,,,,,,,,,24,,9,56
11/28/2018,18,,,1,,,,,,,,20,,8,47
11/30/2018,31,,,,,,,,,,,22,1,19,73
12/3/2018,38,1,,,,,,,,,,22,1,34,96
12/5/2018,27,1,,,,,,,,,,14,1,14,57
12/7/2018,20,,,1,,,,,,,,14,1,18,54
12/10/2018,36,,,,,,,,,,,9,,14,59
12/12/2018,20,,,,,,,,,,,7,,15,42
12/14/2018,21,,1,,,,,,,,,10,,9,41
12/17/2018,29,,,,,,,,,,,17,,28,74
12/19/2018,36,,,,,,,,,,,6,,33,75
12/21/2018,29,,,,,,,,,,,10,,22,61
12/24/2018,41,,,,,,,,,,,2,1,39,83
12/26/2018,41,1,,,,,,,,,,1,,20,63
12/28/2018,41,,,1,,,,,,,,5,,24,71
12/31/2018,19,,1,,,,,,,,,1,,13,34
1/4/2019,21,,,1,,,,,,,,1,,11,34
1/7/2019,23,,,1,,,,,,,,1,,12,37
1/9/2019,18,,,,,,,,,,,,,23,41
1/11/2019,10,1,,,,,,,,,,,,25,36
1/14/2019,12,,,1,,,,,,,,,,7,20
1/16/2019,16,,,,,,,,,,,,,7,23
1/18/2019,24,,,,,,,,,,,2,1,9,36
1/21/2019,37,1,,1,,,,,,,,,,25,64
1/23/2019,26,,,1,,,,,,,,,,8,35
1/25/2019,23,,,,,,,,,,,,,33,56
1/28/2019,20,,,,,,,,,,,,,16,36
1/30/2019,9,,,,,,,,,,,,,12,21
2/1/2019,23,,,,,,,,,,,,,12,35
2/4/2019,46,,,,,,,,,,,,,19,65
2/6/2019,32,,,,,,,,,,,,,10,42
2/8/2019,20,,1,,,,,,,,,,,13,34
2/11/2019,9,,,,,,,,,,,,,6,15
2/13/2019,18,,,,,,,,,,,,,10,28
2/15/2019,19,1,,1,,,,,,,,,,11,32
2/18/2019,47,,,,,,,,,,,,,24,71
2/20/2019,15,,,,,,,,,,,,,11,26
2/22/2019,19,1,,,,,,,,,,,,14,34
2/28/2019,25,,,,,,,,,,,,,24,49
3/2/2019,5,2,,,,,,,,,,,,28,35
3/4/2019,9,,,,,,,,,,,,,9,18
3/4/2019,7,1,,,,,,,,,,,,25,33
3/6/2019,8,1,,,,,,,,,,,,1,10
3/6/2019,5,2,,,,,,,,,,,,17,24
3/8/2019,13,,,,,,,,,,,,,3,16
3/9/2019,9,4,1,1,,,,,,,,,,41,56
3/11/2019,6,,,,,,,,,,,,,7,13
3/11/2019,5,2,,,,,,,,,,,,19,26
3/13/2019,7,2,,,,,,,,,,,,11,20
3/14/2019,25,1,,,,,,,,,,,,14,40
3/16/2019,6,1,,,,,,,,,,,,18,25
3/18/2019,2,1,,,,,,,,,,,,3,6
3/18/2019,29,3,,2,,,,,,,,,,48,82
3/20/2019,2,,,,,,,,,,,,,5,7
3/21/2019,22,6,,1,,,,,,,,,,38,67
3/23/2019,1,2,,,,,,,,,,,,23,26
3/25/2019,21,4,,1,,,,,,,,,,59,85
3/27/2019,2,8,,,,,,,,,,,1,29,40
3/29/2019,2,,,,,,,,,,,,,23,25
3/30/2019,5,4,,,,,,,,,,,1,32,42
4/1/2019,6,1,,1,,,,,,,,,,33,41
4/3/2019,2,,,,,,,,,,,,,13,15
4/5/2019,1,,,,,,,,,,,,,8,9
4/8/2019,1,,,,,,,,,,,,,20,21
4/10/2019,,,,,,,,,,,,,,11,11
4/12/2019,,,,,,,,,,,,,,3,3
4/15/2019,,,,,,,,,,,,,,12,12
4/19/2019,,,,,,,,,,,,,,18,18
4/22/2019,,,,,,,,,,,,,,5,5
4/26/2019,,,,,,,,,,,,,,11,11
4/29/2019,,,,,,,,,,,,,,5,5
5/3/2019,,,,,,,,,,,,,,10,10
5/6/2019,,,,,,,,,,,,,,3,3
5/10/2019,,,,,,,,,,,,,,3,3
5/13/2019,,,,,,,,,,,,,,7,7
5/15/2019,,,,,4,1,,,,,,,,18,23
5/17/2019,,,,,12,,9,2,,,,,2,6,31
5/20/2019,,,,,18,1,5,4,,,,,,3,31
5/22/2019,,,,,25,,1,4,,,,,1,4,35
5/24/2019,,,,,12,,2,,,,,,,8,22
5/27/2019,,,,,20,,1,,,,,,1,16,38
5/29/2019,,,,,17,,3,,,,,,,,20
5/31/2019,,,,,23,1,1,1,,,,,,10,36
6/3/2019,,,,,28,2,3,1,,,,,1,6,41
6/6/2019,,,,,25,,1,2,,,,,1,3,32
6/7/2019,,,,,6,1,1,,,,,,,6,14
6/10/2019,,,,,39,,1,1,,,,,2,8,51
6/12/2019,,,,,18,1,1,,,,,,1,3,24
6/14/2019,,,,,15,1,1,,,,,,,12,29
6/17/2019,,,,,22,,1,,,,,,1,7,31
6/19/2019,,,,,15,1,1,,,,,,1,5,23
6/21/2019,,,,,17,,,,,,,,,1,18
6/25/2019,,,,,23,2,,,,,,,2,16,43
6/28/2019,,,,,14,1,,,,,,,1,10,26
7/2/2019,,,,,14,1,,,,,,,3,7,25
7/5/2019,,,,,9,,,,,,,,,7,16
7/8/2019,,,,,2,,,,,,,,,1,3
7/10/2019,,,,,1,,,,,,,,,1,2
7/12/2019,,,,,3,1,,,,,,,,8,12
7/15/2019,,,,,1,1,,,,1,1,,,7,11
7/17/2019,,,,,,,,,,1,,,,8,9
7/19/2019,,,,,,,,,,,,,,3,3
7/22/2019,,,,,,,,,,1,,,,3,4
7/24/2019,,,,,3,,,,,,,,,1,4
7/26/2019,,,,,1,1,,,,2,,,,2,6
7/29/2019,,,,,1,,,,,2,,,,2,5
8/1/2019,,,,,5,1,,,,2,,,1,1,10
8/2/2019,,,,,1,,,,1,1,1,,,,4
8/5/2019,,,,,,,,,,3,,,,,3
8/7/2019,,,,,,,,,,3,,,1,1,5
8/9/2019,,,,,,,,,,4,,,1,,5
8/12/2019,,1,,,9,2,,,1,16,,,,8,37
8/14/2019,,,,,,,,,,,,,,1,1
8/16/2019,,,,,4,,,,,1,,,,1,6
8/21/2019,,,,,,,,,,1,,,1,,2
8/23/2019,,,,,,,,,,,,,,2,2
8/26/2019,,,,,4,,,,,9,,,1,5,19
8/28/2019,,,,,1,,,,1,,,,,7,9
8/30/2019,,,,,2,,,,,2,,,,,4
9/4/2019,,,,,,,,,,,,,1,1,2
9/6/2019,,,,,,,,,,1,,,,2,3
9/9/2019,,,,,,1,,,,,,,,2,3
9/11/2019,,,2,,,,,,5,1,,,,,8
9/16/2019,,,1,,,,,,4,1,,,,4,10
9/19/2019,2,,,,,,,,,,,,,,2
9/23/2019,,,,,,,,,,,,,,3,3
9/26/2019,2,,,,,,,,1,1,,,,1,5
9/30/2019,11,1,1,,,,,,,,,,,9,22
10/2/2019,4,,,,,,,,,,,1,,1,6
10/4/2019,4,3,,,,,,,,,,,,4,11
10/7/2019,10,2,1,2,,,,,1,,,,,1,17
10/9/2019,4,,1,,,,,,,,,3,,4,12
10/11/2019,8,,,1,,,,,,,,,,1,10
10/14/2019,4,1,,,,,,,,,,,,4,9
10/16/2019,4,,,,,,,,,,,,,,4
10/18/2019,7,,,1,,,,,,,,,,5,13
10/21/2019,7,,,1,,,,,,,,2,,8,18
10/24/2019,10,2,,,,,,,,,,23,,,35
10/28/2019,14,1,1,2,,,,,,,,23,,9,50
10/31/2019,11,1,1,,,,,,,,,9,,4,26
11/5/2019,6,,,,,,,,,,,5,,9,20
11/7/2019,8,,,1,,,,,,,,1,,6,16
11/11/2019,7,1,,,,,,,,,,4,,7,19
11/15/2019,6,,,,,,,,,,,1,,,7
11/18/2019,3,,,,,,,,,,,3,,1,7
11/20/2019,5,,,,,,,,,,,2,,2,9
11/22/2019,6,1,1,2,,,,,,,,17,,9,36
11/25/2019,21,,,,,,,,,,,26,2,18,67
11/29/2019,14,,,,,,,,,,,52,,6,72
12/2/2019,23,,,,,,,,,,,44,,20,87
12/4/2019,5,,2,2,,,,,,,,6,,2,17
12/6/2019,9,,,,,,,,,,,15,,5,29
12/9/2019,26,,3,,,,,,,,,19,,19,67
12/11/2019,10,,,,,,,,,,,10,,13,33
12/13/2019,26,,,,,,,,,,,9,,23,58
12/16/2019,54,1,,1,,,,,,,,17,,38,111
12/18/2019,31,,,,,,,,,,,11,,26,68
12/20/2019,12,1,,,,,,,,,,12,,23,48
12/23/2019,25,,1,6,,,,,,,,5,,22,59
12/27/2019,39,1,,,,,,,,,,5,,38,83
12/30/2019,11,,,,,,,,,,,10,,9,30
1/2/2020,10,,,3,,,,,,,,4,1,13,31
1/6/2020,52,1,,,,,,,,,,7,1,51,112
1/8/2020,31,1,,3,,,,,,,,2,,12,49
1/10/2020,20,,,,,,,,,,,1,,8,29
1/13/2020,35,,,2,,,,,,,,,,26,63
1/15/2020,7,,,,,,,,,,,2,,8,17
1/17/2020,8,,,,,,,,,,,,,10,18
1/20/2020,11,1,,1,,,,,,,,2,,22,37
1/22/2020,19,1,,1,,,,,,,,,,11,32
1/24/2020,15,1,,,,,,,,,,1,,23,40
1/27/2020,26,3,,3,,,,,,,,,,45,77
1/29/2020,16,2,,,,,,,,,,,,43,61
1/31/2020,23,1,,,,,,,,,,,,32,56
2/3/2020,21,5,1,3,,,,,,,,,,59,89
2/5/2020,9,1,1,1,,,,,,,,,,13,25
2/7/2020,11,2,,,,,,,,,,,,14,27
2/10/2020,12,1,,,,,,,,,,,,15,28
2/12/2020,10,,,,,,,,,,,,,11,21
2/14/2020,10,,,1,,,,,,,,,,23,34
2/17/2020,6,1,,,,,,,,,,,,20,27
2/19/2020,6,,,,,,,,,,,1,,19,26
2/21/2020,8,1,,,,,,,,,,,,18,27
2/24/2020,5,4,,,,,,,,,,,,11,20
2/26/2020,6,1,1,,,,,,,,,,,21,29
2/28/2020,2,4,,,,,,,,,,,1,18,25
4/3/2020,3,4,,,,,,,,,,,,35,42
4/6/2020,1,,,,,,,,,,,,,9,10
4/10/2020,1,4,,,,,,,,,,,,13,18
4/13/2020,1,6,,,,,,,,,,,,19,26
4/17/2020,2,2,,,,,,,,,,,,25,29
4/20/2020,,,,,,,,,,,,,,16,16
4/24/2020,,3,,,,,,,,,,,,24,27
4/27/2020,,,,,,,,,,,,,,12,12
5/1/2020,,,,,,,,,,,,,,19,19
5/4/2020,,,,,,,,,,,,,,7,7
5/8/2020,,,,,,,1,,,,,,1,10,12
5/11/2020,,,,,4,,,,,,,,,9,13
5/13/2020,,,,,1,,,,,,,,,2,3
5/15/2020,,,,,2,,,,,,,,,4,6
5/18/2020,,,,,6,,1,,,,,,2,2,11
5/20/2020,,,,,,,,,,,,,,11,11
5/22/2020,,,,,6,,,,,,,,,11,17
5/26/2020,,,,,6,,,,,,,,,34,40
5/27/2020,,,,,1,,1,1,,,,,2,11,16
5/29/2020,,,,,8,1,,,,,,,,1,10
6/1/2020,,1,,,14,,,,,,,,1,36,52
6/3/2020,,,,,5,1,,,,,,,,21,27
6/5/2020,,,,,10,,,,,,,,2,12,24
6/8/2020,,,,,17,2,1,1,,,,,3,14,38
6/10/2020,,,,,7,,,,,,,,,3,10
6/12/2020,,,,,11,,,1,,,,,,8,20
6/15/2020,,,,,11,,,,,,,,1,7,19
6/17/2020,,,,,2,,,,,,,,,2,4
6/19/2020,,,,,13,,,,,,,,,3,16
6/22/2020,,,,,13,,1,1,,,,,,8,23
6/26/2020,,,,,18,1,2,1,,,,,,8,30
6/29/2020,,,,,15,,,,,,,,,8,23
7/1/2020,,,,,6,,,,,,,,,2,8
7/2/2020,,,,,4,,,,,,,,,1,5
7/6/2020,,,,,3,,,,,,,,,3,6
7/8/2020,,,,,4,,1,,,,,,,1,6
7/10/2020,,,,,3,1,,,1,,,,1,,6
7/13/2020,,,,,3,1,,,,,,,,4,8
7/15/2020,,,,,,,,,,,,,,2,2
7/20/2020,,,,,3,,,,,,,,,1,4
7/22/2020,,,,,1,,,,2,,,,,,3
7/24/2020,,,,,6,2,,,,,,,1,,9
7/27/2020,,,,,6,,,,4,1,,,2,3,16
